Baby Belly Bar Display - 9ct,DBBB9,DISPLAY KITS,"Simple and elegant, our Baby Belly Bar Display box just pops open and is easily maintained.  It takes little space on your counter, but holds an ample supply of 9 Bars (1.7oz ea.) Also included is 1 FREE Baby Belly Bar Tester.  Save  $3.00!\nView Baby Belly Bar Ingredients",,,,,,,1,$60.00 ,,,,1,honeyhouse400,honeyhouse160,https://www.honeyhousenaturals.com/DSN/wwwhoneyhousenaturalscom/Commerce/ProductImages/mn1_000176.jpg,mn1_000176.jpg,,,honeyhouse800,mn1_000176.jpg
Large Bee Bar Display - 12ct,DBL12,DISPLAY KITS,"Simple and elegant, our Bee Bar Display boxes just pop open and are easily maintained.  They take little space on your counter, but hold an ample supply of products. This Large Bee Bar Display box holds 12 assorted large Bee Bars in these fragrances: 3 Vanilla,3 Citrus, 3 Hawaiian, and 3 Sweet Honey plus one FREE tester bar. Price $72.00\nIf you would like to customize the fragrances for this display, either call us at 253-926-8193 or leave a note at checkout for your very own choices for the Large Bee Bar/12 display!  \nView Bee Bar Ingredients",,,,,,,,$75.00 ,,,,,honeyhouse400,honeyhouse160,https://www.honeyhousenaturals.com/DSN/wwwhoneyhousenaturalscom/Commerce/ProductImages/mn1_000170.jpg,mn1_000170.jpg,,DBL12|DBL12C (Custom),honeyhouse800,mn1_000170.jpg
Large Bee Bar Display - 18ct,DBL18,DISPLAY KITS,"Simple and elegant, our Bee Bar Display boxes just pop open and are easily maintained They take little space on your counter, but hold an ample supply of products. Many of you have requested a display for just the Large Bee Bars. Now you have one! The Large Bee Bar Display box holds 18 assorted large Bee Bars: 4 Vanilla, 3 Citrus, 3 Hawaiian, 3 Honey, 2 Lavender, 2 Peppermint, 1 Natural, plus one FREE tester bar. Price $106.25 Save $6.25!\nIf you would like to customize the fragrances for this display, either call us at 253-926-8193 or leave a note at checkout for your very own choices for the Large Bee Bar/18 display!  \nView Bee Bar Ingredients",,,,,,,,$106.25 ,,,,,honeyhouse400,honeyhouse160,https://www.honeyhousenaturals.com/DSN/wwwhoneyhousenaturalscom/Commerce/ProductImages/mn1_000023.jpg,mn1_000023.jpg,,DBL18|DBL18 (Custom),honeyhouse800,mn1_000023.jpg
Small Bee Bar Display - 20ct,DBS20,DISPLAY KITS,"Simple and elegant, our Bee Bar Display boxes just pop open and are easily maintained.  They take little space on your counter, but hold an ample supply of products. This Small Bee Bar Display box holds 20 assorted Small Bee Bars in the following fragrances:  5 Vanilla, 5 Citrus, 5 Hawaiian, 5 Sweet Honey, Plus 1 FREE Large Bee Bar Tester. Price $80.00 \nIf you would like to customize the fragrances for this display, either call us at 253-926-8193 or leave a note at checkout for your very own choices for the Small Bee Bar/20 display!  \nView Bee Bar Ingredients",,,,,,,,$80.00 ,,,,,honeyhouse400,honeyhouse160,https://www.honeyhousenaturals.com/DSN/wwwhoneyhousenaturalscom/Commerce/ProductImages/mn1_000173.jpg,mn1_000173.jpg,,DBS20|DBS20C (Custom),honeyhouse800,mn1_000173.jpg
Small Bee Bar Display - 32ct,DBS32,SOLID HAND AND BODY LOTION,"Simple and elegant, our Bee Bar Display boxes just pop open and are easily maintained They take little space on your counter, but hold an ample supply of products. We listened to you! Many of you have requested a display for just the Small Bee Bars. Now you have one! The Small Bee Bar Display box holds 32 assorted Small Bee Bars: 8 Vanilla, 6 Citrus, 6 Hawaiian, 4 Honey, 3 Lavender, 3 Peppermint, 2 Natural, plus 1 FREE Large Bee Bar Testers. Price $120.00 (You save $8) \nIf you would like to customize the fragrances for this display, either call us at 253-926-8193 or leave a note at checkout for your very own choices for the Small Bee Bar/32 display!  \nView Bee Bar Ingredients",,,,,,,,$120.00 ,,,,,honeyhouse400,honeyhouse160,https://www.honeyhousenaturals.com/DSN/wwwhoneyhousenaturalscom/Commerce/ProductImages/mn1_000024.jpg,mn1_000024.jpg,,DBS32|DBS32C (Custom),honeyhouse800,mn1_000024.jpg
Lip Butter Tin Display - Copper Pot - 36ct,DCTN36,LIP CARE,"Like a pot of gold, when you display our Lip Butter tins in this Copper pot, the sparkle and shine will instantly attract customers! You will receive 36 Assorted Lip Butter tins in the following flavors:  Mango,  Vanilla Almond,  Tangerine,  Raspberry Lemonade,  Vanilla Berry, and  Peppermint, all presented in a gorgeous copper pot.  If you would like to specify the selection of flavors for this display call 1-253-926-8193 or leave a note at checkout for your selected flavors.\nView Lip Butter Tin Ingredients",,,,,,,,$102.00 ,,,,,honeyhouse400,honeyhouse160,https://www.honeyhousenaturals.com/DSN/wwwhoneyhousenaturalscom/Commerce/ProductImages/mn1_000027.jpg,mn1_000027.jpg,,DCTN36|DCTN36 (Custom),honeyhouse800,mn1_000027.jpg
2 Piece Gift Set Display - 12ct,DGLB2,DISPLAY KITS,"2 Piece Sets - 12 Assorted\n2 - Vanilla Bee Bar, 2 - Citrus, 2 - Hawaiian, 2 - Honey, 2 - Lavender, 1 - Peppermint & 1 Natural, plus 1 FREE Tester\nView Bee Bar Ingredients",,,,,,,1,$72.00 ,,,,1,honeyhouse400,honeyhouse160,https://www.honeyhousenaturals.com/DSN/wwwhoneyhousenaturalscom/Commerce/ProductImages/mn1_002419.jpg,mn1_002419.jpg,,,honeyhouse800,mn1_002419.jpg
HOLIDAY Mini Gift Soap & Lip Butter -12 Sets NEW & on sale!,DGSHOLA12,HOLIDAY SOAP SETS,"ll send you 4 of each variety!\nHoney Blossom Mini Soap (1oz) is wrapped in beautiful Italian HOLIDAY Paper.  This is a versatile holiday paper that can be used throughout the whole season, each scent is a different paper.  It is paired with the popular Lip Butter Tube to make this a beautiful easy gift set! Very Popular for that quick pick up or stocking stuffer, teacher gifts and travel.\nHoney Blossom Soap is a natural, high quality, triple milled soap.  Shea Butter, Honey, Royal Jelly and Propolis are added to a natural, vegetable base.  Each Scent is wrapped in the Holiday Paper and labeled and comes in the organza bag.  \nLip Butter TUBES are a customer favorite and a TOP 3 Seller.   They are creamy and with filled with Beeswax, Shea Butter and anti-aging antioxidant Pomegranate Seed oil.    \n3 Varieties: 1 \xe2\x80\x93 1oz Mini Soap, 1 \xe2\x80\x93 Lip Butter Tube and come in an Organza Bag\nHoney Soap with Vanilla Almond Lip \nLavender Soap with Raspberry Lemonade Lip\nCitrus Soap with Tangerine Lip""",,,,,,,1,$33.00 ,,,,1,honeyhouse400,honeyhouse160,https://www.honeyhousenaturals.com/DSN/wwwhoneyhousenaturalscom/Commerce/ProductImages/mn1_002458.jpg,mn1_002458.jpg,,,honeyhouse800,mn1_002458.jpg
Bee Butter Cream Tube Set - 12ct,DLTBB12,BEE BUTTER CREAM,"Bee Butter Cream now comes in a smaller set of 12 - 4 ounce tubes plus 1 free Tester!  Enjoy our famous and oh so rich formula; bee kind to your skin all over with this lotion of indulgent creamy Bee Butter. A little goes a long way! Precious Honey, Beeswax and Royal Jelly, the ""nectar of youth"" for the Queen Bee, naturally retains moisture in thirsty skin cells. As you massage it into your own royal skin, you will sense the restorative, soothing influence of all things natural. Indulge. Enjoy. Indulge again!   \nThis set includes three (3) fragrances:  3 VANILLA, 3 CITRUS, 3 HAWAIIAN, 3 LAVENDER plus 1 FREE tester.  (Let us know your tester fragrance in the ""Notes"" section at checkout)  \nView Bee Butter Cream Tube Ingredients",,,,,,,,$60.00 ,,,,,honeyhouse400,honeyhouse160,https://www.honeyhousenaturals.com/DSN/wwwhoneyhousenaturalscom/Commerce/ProductImages/mn1_002364.jpg,mn1_002364.jpg,,DLTBB12|DLTBB12C (Custom),honeyhouse800,mn1_002364.jpg
Bee Butter Cream Tube Set - 24ct,DLTBB24,BEE BUTTER CREAM,"Bee Butter Cream now comes in a set of 24 - 4 ounce tubes plus 3 free Testers! Offered in FIVE luscious fragrances and also Natural with no added fragrance.  Enjoy our famous and oh so rich formula; bee kind to your skin all over with this lotion of indulgent creamy Bee Butter. A little goes a long way! Precious Honey, Beeswax and Royal Jelly, the ""nectar of youth"" for the Queen Bee, naturally retains moisture in thirsty skin cells. As you massage it into your own royal skin, you will sense the restorative, soothing influence of all things natural. Indulge. Enjoy. Indulge again!   \nAssorted fragrances are:\n5 Vanilla \n5 Citrus\n5 Hawaiian\n3 Lavender\n3 Honey\n3 Natural\n3  FREE testers \nView Bee Butter Cream Tube Ingredients",,,,,,,,$120.00 ,,,,,honeyhouse400,honeyhouse160,https://www.honeyhousenaturals.com/DSN/wwwhoneyhousenaturalscom/Commerce/ProductImages/mn1_000062.jpg,mn1_000062.jpg,,DLTBB24|DLTBB24C (Custom),honeyhouse800,mn1_000062.jpg
Private Label 2 Piece Gift Set Display - 12ct,DPLGLB12,DISPLAY KITS,Small Bee Bar Solid Lotion with Private Label & Lip Tube Set in Bag for 72.00\n2 - Vanilla \n2 - Citrus \n2 - Hawaiian\n2 - Honey\n2 - Lavender \n1 - Peppermint \n1 - Natural\nOr Choose Scents \n1 FREE Tester\nView Bee Bar Ingredients,,,,,,,1,$72.00 ,,,,1,honeyhouse400,honeyhouse160,https://www.honeyhousenaturals.com/DSN/wwwhoneyhousenaturalscom/Commerce/ProductImages/mn1_002443.jpg,mn1_002443.jpg,,,honeyhouse800,mn1_002443.jpg
Private Label-32 Small Bee Bars,DPLS,PRIVATE LABEL,"s hands!\nA one-time art set-up fee of $30.00 that will be added to your first order.\nThese are silver tins with flat lids (no embossing).\nOne case holds 32 Small Bee Bars of assorted fragrances, but you can also choose your own selection.\nAll labels are printed with black ink onto gold foil.\nIf you haven't been set up for private labeling yet, e-mail customerservice@honeyhousenaturals.com or call 253-926-8193 to get started.""",,,,,,,1,$130.00 ,,,,1,honeyhouse400,honeyhouse160,https://www.honeyhousenaturals.com/DSN/wwwhoneyhousenaturalscom/Commerce/ProductImages/mn1_000123.jpg,mn1_000123.jpg,,,honeyhouse800,mn1_000123.jpg
Room & Linen Mist Set - 12ct,DRM12,ROOM MIST,"The Room & Linen Mist comes in the same popular fragrances as the Bee Bar: Vanilla, Hawaiian and Lavender. It is also useful as a spray to freshen linens and drapes. As always, the packaging is as distinctive as the product and can be left out handy on a shelf or desk without detracting from the decor. 12 pack contains 4 of each fragrance plus a free 4 oz. tester.  $66.00  4oz. each",,,,,,,1,$66.00 ,,,,1,honeyhouse400,honeyhouse160,https://www.honeyhousenaturals.com/DSN/wwwhoneyhousenaturalscom/Commerce/ProductImages/mn1_000064.jpg,mn1_000064.jpg,,,honeyhouse800,mn1_000064.jpg
Florentine Paper Wrapped Soap Display - 18ct,DS18,ON SALE NOW UNTIL JULY 10,"A customer favorite for their quality, beauty and price, you will want to stock up on our beautifully carved and wrapped Honey Blossom soap bars. One Display contains 18. Six of each fragrance: Honey, Lavender and Citrus.  Each bar is wrapped in beautiful Florentine paper imported from Italy.   Triple milled and brimming with Shea Butter and Honey products, these hand-wrapped soaps are an easy choice for high sales.\nFlorentine Paper Wrapped Display - 18-3.5 oz bars - 6 Honey, 6 Citrus, 6 Lavender\nSix (6)  Promo Soap Sets (1.2oz. wrapped bar tucked into an organza bag)\nDisplay box\nIf you would like to customize the fragrances for this display, either call us at 253-926-8193 or leave a note at checkout for your very own choices for the Florentine Paper Wrapped Soap/18 display!  \nView Honey Blossom Soap Ingredients",,,,,,,,$54.00 ,,,,,honeyhouse400,honeyhouse160,https://www.honeyhousenaturals.com/DSN/wwwhoneyhousenaturalscom/Commerce/ProductImages/mn1_000074.jpg,mn1_000074.jpg,,DS18|DS18C (Custom),honeyhouse800,mn1_000074.jpg
3 Piece Soap Gift Set Display - 8ct,DSGS,DISPLAY KITS,"Soap Gift Set Display! Each Display has 8 Soap Gift Sets. 2 Vanilla, 2 Citrus, 2 Lavender, 1 Honey, and 1 Hawaiian \nView Bee Bar Ingredients\nView Honey Blossom Soap Ingredients\nView Lip Butter Ingredients",,,,,,,1,$88.00 ,,,,1,honeyhouse400,honeyhouse160,https://www.honeyhousenaturals.com/DSN/wwwhoneyhousenaturalscom/Commerce/ProductImages/mn1_000029.jpg,mn1_000029.jpg,,,honeyhouse800,mn1_000029.jpg
Lip Butter Tin Display - 36ct,DTN36,LIP CARE,The customers love them and they truly are fun!  This attractive Lip Butter Tin Display Box won design awards! It snuggles up right next to the Bee Bar Display box to add variety and charm. Filled with 36 assorted sparkling Lip Butter tins in the following flavors: \nMango\nVanilla Almond\nTangerine\nRaspberry Lemonade\nVanilla Berry\nPeppermint\nAll presented in a handy display box!  This is a natural choice to enhance your Honey House product line. We will choose 36 tins from the flavor options above. To customize the display with flavors of your choice call 253-926-8193 or leave a note at checkout with your selection of flavors.  Easy!\nView Lip Butter Tin Ingredients,,,,,,,,$90.00 ,,,,,honeyhouse400,honeyhouse160,https://www.honeyhousenaturals.com/DSN/wwwhoneyhousenaturalscom/Commerce/ProductImages/mn1_000031.jpg,mn1_000031.jpg,,DTN36|DTN36C (Custom),honeyhouse800,mn1_000031.jpg
Lip Butter Tube Display - 36ct,DTU36,LIP CARE,"An easy point of sale and a sure customer favorite, our Lip Butter Tube display box contains 36 Lip Butter tubes in assorted flavors: \n5 Mango\n5 Vanilla Almond\n5 Tangerine\n5 Raspberry Lemonade\n4 Peppermint\n4 Raspberry Pomegranate\n4 Vanilla Berry\n4 Natural\nEach flavor is noted on top of the lid, and also recognized by different colored labels, making it easy for customers to see and choose their favorites. No color is added to the Lip Butter itself.  To customize the display with flavors of your choice call 253-926-8193 or leave a note at check-out with your selection of flavors.\nView Lip Butter Tube Ingredients",,,,,,,,$72.00 ,,,,,honeyhouse400,honeyhouse160,https://www.honeyhousenaturals.com/DSN/wwwhoneyhousenaturalscom/Commerce/ProductImages/mn1_000033.jpg,mn1_000033.jpg,,DTU36|DTU36C (Custom),honeyhouse800,mn1_000033.jpg
Bee Fresh Liquid Soap Set - 12ct,DZLS12,SOAPS,"Thick, rich, luscious. Oh, so much more than a grocery store item! Brimming with nutrients and natural moisturizing oil, the Honey House Liquid hand and body soap will take you to another level of self-indulgence. The sweet soothing Almond, Honey and Lavender fragrances linger long after you wash. Almond Oil, Coconut Oil and Honey are natural Humectants that trap moisture in your skin, keeping it smooth and glowing with heath! EDTA and Paraben free and never tested on animals. Set of 12 contains 4 Honey, 4 Almond and 4 Lavender fragrances  Set of 12 with 4 of each fragrance plus 1 free tester.  Bigger 8 oz. bottles\nView Honey House Fresh-Honey Soap Ingredients",,,,,,,1,$87.00 ,,,,1,honeyhouse400,honeyhouse160,https://www.honeyhousenaturals.com/DSN/wwwhoneyhousenaturalscom/Commerce/ProductImages/mn1_000085.jpg,mn1_000085.jpg,,,honeyhouse800,mn1_000085.jpg
Extra Large Organza Bag,GBXL,GIFTS,"Our sparkly organza gift bags feature a drawstring of satin ribbon and are perfect for packaging gifts. The large bag holds nicely the Large Bee Bar\xc2\xae an acrylic plate, and Lip Butter tin or tube. It could also be teamed with a Bee Bar, 3 oz. soap bar, and a Lip Butter tube or tin. Extra Large Organza Gold Bag measures approx 5"" x 7"" sold individually.",,,,,,,1,$0.50 ,,,,1,honeyhouse400,honeyhouse160,https://www.honeyhousenaturals.com/DSN/wwwhoneyhousenaturalscom/Commerce/ProductImages/mn1_000041.jpg,mn1_000041.jpg,,,honeyhouse800,mn1_000041.jpg
The Works! Gift Set,GG,GIFTS,"All Natural essential oils are combined in so many different ways to treat yourself from head to toe!  This 3 piece gift set includes Lip Butter tube, Large Bee Bar and Royal Foot Bar.  Available in 4 fragrance combinations including Natural (with no added fragrance)\nRenew Foot Bar/Hawaiian Bee Bar/Vanilla Almond Lip Butter\nRelax Foot Bar/Lavender Bee Bar/Vanilla Almond Lip Butter\nRefresh Foot Bar/Peppermint Bee Bar/Peppermint Lip Butter\nNatural Foot Bar/Natural Bee Bar/Natural Lip Butter\nView Bee Bar Ingredients\nView Lip Butter Ingredients\nView Royal Bee Foot Bar Ingredients",,,,,,,,$14.50 ,,,,,honeyhouse400,honeyhouse160,https://www.honeyhousenaturals.com/DSN/wwwhoneyhousenaturalscom/Commerce/ProductImages/mn1_002390.jpg,mn1_002390.jpg,,NATURAL (Unscented)|REFRESH (Peppermint)|RELAX (Lavender)|RENEW (Hawaiian),honeyhouse800,mn1_002390.jpg
Bee Manly Hands & Feet Gift Set,GHF,BEE MANLY,"s dry, hard-working hands and feet. \nBee Manly Hands Solid Lotion, same great bar as the Bee Bar but with more masculine appeal.  The bar is great for hardworking hands as it can last through several washes and is unprecedented as a soothing moisturizer for dry and cracked skin.  Available in 3 manly scents  and these 2oz bars come hand-wrapped in a tin.\n Bee Manly Foot Bar will soothe rough cracked, tired feet and is enriched with Organic Argan Oil, Organic Palm Wax, Beeswax and Shea Butter to restore your feet.  It comes in a convenient twist up tube for easy application.  \n3 Gift Options\nSmoky Cedar Lotion Bar and Vigorous Foot Bar in a mesh bag\nTea Tree Spice Lotion Bar and Vigorous Foot Bar in a mesh bag\nNaked Lotion Bar and Naked Foot Bar in a mesh bag\n*note: mesh bag colors may vary, burgundy, gold and silver.\n  View Bee Manly Foot Bar Ingredients""",,,,,,,,$12.50 ,,,,,honeyhouse400,honeyhouse160,https://www.honeyhousenaturals.com/DSN/wwwhoneyhousenaturalscom/Commerce/ProductImages/mn1_001325.jpg,mn1_001325.jpg,,Naked|Smoky Cedar|Tea Tree Spice,honeyhouse800,mn1_001325.jpg
2 Piece Gift Set Individual - On Sale Now!,GLB2,SOLID HAND AND BODY LOTION,"BUY 12 AND GET ONE FREE!\nWe have carefully chosen the perfect fragrances for the Small Bee Bar, and combined them with delightful Lip Butter Tube flavors in a unique color-combination set to please any discerning customer! These remarkable 2-piece sets come presented in a sparkly organza bag. Available in in the following fragrance/flavor combinations:\nPeppermint & Peppermint\nVanilla & Vanilla Almond\nHawaiian & Mango\nLavender & Raspberry Lemonade\nSweet Honey & Raspberry Pomegranate\nNatural & Natural\nCitrus & Tangerine\nView Bee Bar Ingredients\nView Lip Butter Ingredients",,,,,,,,$6.00 ,,,,,honeyhouse400,honeyhouse160,https://www.honeyhousenaturals.com/DSN/wwwhoneyhousenaturalscom/Commerce/ProductImages/mn1_000037.jpg,mn1_000037.jpg,,Citrus|Hawaiian|Honey|Lavender|Natural|Peppermint|Vanilla,honeyhouse800,mn1_000037.jpg
4 Piece Lotion Gift Set,GLB4,GIFTS,"Lotion Gift Bag Sets are perfect for gift giving! These great gift bags are offered with the large and small Bee Bar and a Lip Butter Tube. Great combinations to select from each of the 7 Bee Bar fragrances and special flavors of Lip Butter. All four products come packaged in a beautiful organza bag. You might also like to add the sparkle of our delightful Bee Brooch to complete this marvelous gift combination! Large Bee Bar Lotion Gift Bag set contains four (4) items for $13.50:\nOne Large Bee Bar Lotion\nOne Small Bee Bar Lotion\nOne Lip Butter tube\nOne acrylic plate in a large organza bag\nUnless specified in the comments section at checkout, choose from the following combinations:\nPeppermint &Peppermint\nVanilla &Vanilla Almond\nHawaiian &Mango\nLavender & Raspberry Lemonade\nSweet Honey & Raspberry Pomegranate\nCitrus & Tangerine\nNatural & Natural\nView Bee Bar Ingredients\nView Lip Butter Ingredients",,,,,,,,$13.50 ,,,,,honeyhouse400,honeyhouse160,https://www.honeyhousenaturals.com/DSN/wwwhoneyhousenaturalscom/Commerce/ProductImages/mn1_000038.jpg,mn1_000038.jpg,,Citrus|Hawaiian|Honey|Lavender|Natural|Peppermint|Vanilla,honeyhouse800,mn1_000038.jpg
Small Bee Bars Gift Set - 3pk,GLV3,SOLID HAND AND BODY LOTION,"t dry out and it will last a long time even with daily use. It won't come off on fabric or paper and you can wash your hands several times without having to re-apply the lotion because the beeswax seals in all of the emollients. For this reason, it is unprecedented as a soothing moisturizer for dry cracked or damaged skin.\nView Small Bee Bar Ingredients""",,,,,,,,$12.00 ,,,,,honeyhouse400,honeyhouse160,https://www.honeyhousenaturals.com/DSN/wwwhoneyhousenaturalscom/Commerce/ProductImages/mn1_002382.jpg,mn1_002382.jpg,,Lav/Hon/Nat|Van/Cit/Haw,honeyhouse800,mn1_002382.jpg
Lip Butter & 3.5oz Soap Gift Set,GS2,GIFTS,"We have paired our fragrant Florentine 3.5oz. soap bar with a Lip Butter tube, ready to give in a beautiful organza bag!  A unique gift  and sure to please! \nThese are the fragrance and flavor pairs:\nCitrus Soap with Tangerine Lip Butter\nHoney Soap with Vanilla Almond Lip Butter\nLavender Soap with Raspberry Lemonade Lip Butter\nYou can also choose your own pairs of soap fragrances and Lip Butter flavors, please leave us a note when you check out or call with your choices at 253-926-8193",,,,,,,,$5.00 ,,,,,honeyhouse400,honeyhouse160,https://www.honeyhousenaturals.com/DSN/wwwhoneyhousenaturalscom/Commerce/ProductImages/mn1_001294.jpg,mn1_001294.jpg,,Citrus|Honey|Lavender,honeyhouse800,mn1_001294.jpg
Lip Butter & Sample Soap Gift Set,GSA2,GIFTS,"THESE ARE THE FRAGRANCE AND FLAVOR PAIRS:\nCitrus Soap with Tangerine Lip Butter\nHoney Soap with Vanilla Almond Lip Butter\nLavender Soap with Raspberry Lemonade Lip Butter\nYou can also choose your own pairs of soap fragrances and Lip Butter flavors, please leave us a note when you check out or call with your choices at 253-926-8193",,,,,,,,$3.00 ,,,,,honeyhouse400,honeyhouse160,https://www.honeyhousenaturals.com/DSN/wwwhoneyhousenaturalscom/Commerce/ProductImages/mn1_001310.jpg,mn1_001310.jpg,,Citrus|Honey|Lavender,honeyhouse800,mn1_001310.jpg
Holiday 3.5 oz Soap & Lip Butter Set - on sale now!,GSHOL2,GIFTS,"NEW Holiday Paper!  Each Scent a different scent\nBeautiful HOLIDAY Paper Wrapped Soap (3.5oz) is paired with the popular Lip Tube makes this a perfect gift set!  Very popular and versatile for that quick pick up or stocking stuffer, teacher gifts and travel.\nHoney Blossom Soap is a natural, high quality, triple milled soap with great lather.  Shea Butter, Honey, Royal Jelly and Propolis are added to a natural, vegetable base.  \nLip Butter TUBES are a customer favorite and a TOP 3 Seller.   They are creamy and with filled with Beeswax,  Shea Butter and anti-aging antioxidant Pomegranate Seed oil.  Our soothing Lip Butter will drench dry, cracked lips in moisture, refreshing and rejuvenating them for visibly smoother lips!  \n3 Varieties: 1 \xe2\x80\x93 3.5oz Soap, 1 \xe2\x80\x93 Lip Butter Tube and comes in a tagged organza bag.\nHoney Soap with Vanilla Almond Lip Butter Tube\nLavender Soap with Raspberry Lemonade Lip Butter Tube\nCitrus Soap with Tangerine Lip Butter Tube",,,,,,,,$5.00 ,,,,,honeyhouse400,honeyhouse160,https://www.honeyhousenaturals.com/DSN/wwwhoneyhousenaturalscom/Commerce/ProductImages/mn1_002393.jpg,mn1_002393.jpg,,Citrus|Honey|Lavender,honeyhouse800,mn1_002393.jpg
Holiday Mini Soap & Lip Butter Gift Set,GSHOLA2,GIFTS,"NEW Holiday Paper! \nHoney Blossom Mini Soap (1oz) is wrapped in beautiful Italian HOLIDAY Paper.  This is a versatile holiday paper that can be used throughout the whole season, each scent is a different paper.  It is paired with the popular Lip Butter Tube to make this a beautiful easy gift set! Very Popular for that quick pick up or stocking stuffer, teacher gifts and travel.\nHoney Blossom Soap is a natural, high quality, triple milled soap.  Shea Butter, Honey, Royal Jelly and Propolis are added to a natural, vegetable base.  Each Scent is wrapped in the Holiday Paper and labeled and comes in the organza bag.  \nLip Butter TUBES are a customer favorite and a TOP 3 Seller.   They are creamy and with filled with Beeswax, Shea Butter and anti-aging antioxidant Pomegranate Seed oil.    \n3 Varieties: 1 \xe2\x80\x93 1oz Mini Soap, 1 \xe2\x80\x93 Lip Butter Tube and come in an Organza Bag\nHoney Soap with Vanilla Almond Lip \nLavender Soap with Raspberry Lemonade Lip\nCitrus Soap with Tangerine Lip",,,,,,,,$3.00 ,,,,,honeyhouse400,honeyhouse160,https://www.honeyhousenaturals.com/DSN/wwwhoneyhousenaturalscom/Commerce/ProductImages/mn1_002454.jpg,mn1_002454.jpg,,Citrus|Honey|Lavender,honeyhouse800,mn1_002454.jpg
Royal Bee Foot Bar Individual,LFB,ROYAL BEE FOOT BAR,"This new lotion product is definitely sweet for feet!  A solid lotion presented in a generous 2.5 oz twist-up tube applicator (red).  Made especially with foot care in mind with Organic Coconut Oil, Almond Oil, Shea Butter, Organic Palm Wax, Lanolin, Organic Argan Oil, our special Honey House fusion of Honey Extract, Propolis Extract, Pollen Extract and Beeswax. Also contains Deoplex (a natural antibacterial odor eliminator).  (See complete ingredient list below) Offered in 3 perfect fragrances and also ""Natural"" with no added fragrance.\nRefresh Fragrance - (Cooling Peppermint)\nRelax Fragrance - (Soothing Vanilla/Lavender)\nRenew Fragrance - (Hawaiian)\nNatural - (No added fragrance)\n  View Royal Bee Foot Bar Ingredients",,,,,,,,$6.25 ,,,,,honeyhouse400,honeyhouse160,https://www.honeyhousenaturals.com/DSN/wwwhoneyhousenaturalscom/Commerce/ProductImages/mn1_000250.jpg,mn1_000250.jpg,,NATURAL (Unscented)|REFRESH (Peppermint)|RELAX (Lavender)|RENEW (Hawaiian),honeyhouse800,mn1_000250.jpg
Royal Bee Foot Bar - Tester,LFBT,ROYAL BEE FOOT BAR,"**Please note** ONE FREE TESTER IS SENT WHEN ORDERING THE SET OF 12 ASSORTED.  (See Display Category)  BUT YOU CAN ORDER MORE TESTERS HERE!\nThis new solid lotion product is definitely sweet for feet!  A solid lotion presented in a generous 2.5 oz twist-up tube applicator (red).  Made especially with foot care in mind with Organic Coconut Oil, Almond Oil, Shea Butter, Organic Palm Wax, Lanolin, Organic Argan Oil, our special Honey House fusion of Honey Extract, Propolis Extract, Pollen Extract and Beeswax. Also contains Deoplex (a natural antibacterial odor eliminator).  (See complete ingredient list below) Offered in 3 perfect fragrances and also ""Natural"" with no added fragrance.\nRefresh Fragrance - (Cooling Peppermint)\nRelax Fragrance - (Soothing Vanilla/Lavender)\nRenew - (Hawaiian)\nNatural - (No added fragrance)\n  View Royal Bee Foot Bar-TESTER Ingredients",,,,,,,,$4.25 ,,,,,honeyhouse400,honeyhouse160,https://www.honeyhousenaturals.com/DSN/wwwhoneyhousenaturalscom/Commerce/ProductImages/mn1_000256.jpg,mn1_000256.jpg,,NATURAL (Unscented)|REFRESH (Peppermint)|RELAX (Lavender)|RENEW (Hawaiian),honeyhouse800,mn1_000256.jpg
Large Bee Bar Individual,LL,SOLID HAND AND BODY LOTION,"t dry out and it will last a long time even with daily use. It won't come off on fabric or paper and you can wash your hands several times without having to reapply the lotion because the beeswax seals in all of the emollients. For this reason, it is unprecedented as a soothing moisturizer for dry cracked or damaged skin. For best results, keep the Bee Bar out on a plate and keep it close at hand in your bathroom, kitchen, bedroom or office. The Large 2 oz Bee Bar is perfect for home or office and with daily use should last approximately 6 months.\nGold Tin Vanilla-warm and comforting\nCopper Tin-Hawaiian - like a tropical breeze\nLavender Tin-Lavender - tranquil and relaxing\nSilver Tin-Natural-Fragrance of beeswax & sweet almond oil\nPink Tin-Sweet Honey - A caress of sweet pleasure\nAqua Tin-Peppermint - You can feel the fresh\nGreen Tin-Citrus - Delightfully Refreshing\nAlso available in an assortment set of 25 small samples for promotional events. These samples are featured in small snap-top containers holding a Bee Bar disk that can be popped out and applied. Each small Bee Bar sample is topped by a classy gold label with the Bee Bar name. To view and order these samples click on the Sales Aids category.\nView Bee Bar Ingredients""",,,,,,,,$6.25 ,,,,,honeyhouse400,honeyhouse160,https://www.honeyhousenaturals.com/DSN/wwwhoneyhousenaturalscom/Commerce/ProductImages/mn1_000056.jpg,mn1_000056.jpg,,Citrus|Hawaiian|Honey|Lavender|Natural|Peppermint|Vanilla,honeyhouse800,mn1_000056.jpg
Hummingbird Bee Bar Individual,LLHB,SOLID HAND AND BODY LOTION,"We know you will be impressed with our beautiful Hummingbird Bee Bar! Its intricate design is remarkable for the delicate floral detail. Just look at the border! Amazing. It is sold in all of our marvelous Honey House fragrances and comes in a lovely embossed tin with a Hummingbird label. This is an extraordinary gift for anyone! (Large 2.0 oz. size only) Available in Vanilla, Lavender, Citrus, Hawaiian, Natural, Honey and now featured in Peppermint.\nView Hummingbird Bee Bar Ingredients",,,,,,,,$6.75 ,,,,,honeyhouse400,honeyhouse160,https://www.honeyhousenaturals.com/DSN/wwwhoneyhousenaturalscom/Commerce/ProductImages/mn1_000057.jpg,mn1_000057.jpg,,Citrus|Hawaiian|Honey|Lavender|Natural|Peppermint|Vanilla,honeyhouse800,mn1_000057.jpg
Sentiment Large Bee Bars - Inspirational,LLS,PRIVATE LABEL,"Our inspirational Sentiment Bee Bars are simply the Large Bee Bars packaged in a tin with a sweet Sentiment message.  These can be the perfect gift to bring cheer and smiles!  Available in FOUR timely Sentiments and in all SEVEN Bee Bar fragrances.  The large tin fits nicely into the adorable Wool Gift Bag or a lovely Large Organza Bag and add a Lip Butter Tube or Tin for the perfect combination.  Bee thoughtful and offer this gift to a friend, family member or even yourself!\nBee Happy\nBee Well\nBee Sassy Life is Short\nBeecause I Love you\nView Sentiment Bee Bar Ingredients",,,,,,,,$6.50 ,,,,,honeyhouse400,honeyhouse160,https://www.honeyhousenaturals.com/DSN/wwwhoneyhousenaturalscom/Commerce/ProductImages/mn1_002413.jpg,mn1_002413.jpg,,Citrus|Hawaiian|Honey|Lavender|Natural|Peppermint|Vanilla,honeyhouse800,mn1_002413.jpg
"Sentiment Large Bee Bars - Dad, Mom, Son, Daughter",LLSP,PRIVATE LABEL,"These Large Bee Bars are perfect for Moms, Dads!  Packaged in a tin with a sweet Sentiment message.  They will be the perfect gift to bring cheers and smiles!  Proud to Bee Sentiments available in all 7 fragrances of the Large Bee Bar.  Bee thoughtful and give this gift to Mother or Dad.\nView Sentiment Bee Bar Ingredients",,,,,,,,$6.50 ,,,,,honeyhouse400,honeyhouse160,https://www.honeyhousenaturals.com/DSN/wwwhoneyhousenaturalscom/Commerce/ProductImages/mn1_002412.jpg,mn1_002412.jpg,,Citrus|Hawaiian|Honey|Lavender|Natural|Peppermint|Vanilla,honeyhouse800,mn1_002412.jpg
Large Bee Bar Tester - 2oz,LLT,SOLID HAND AND BODY LOTION,"s face as they try the Bee Bar for the first time! Limit 1 for each 12 Bee Bars purchased.\nView Bee Bar Ingredients""",,,,,,,,$4.25 ,,,,,honeyhouse400,honeyhouse160,https://www.honeyhousenaturals.com/DSN/wwwhoneyhousenaturalscom/Commerce/ProductImages/mn1_000061.jpg,mn1_000061.jpg,,Citrus|Hawaiian|Honey|Lavender|Natural|Peppermint|Vanilla,honeyhouse800,mn1_000061.jpg
Small Bee Bar Individual,LS,SOLID HAND AND BODY LOTION,"t dry out and it will last a long time even with daily use. It won't come off on fabric or paper and you can wash your hands several times without having to reapply the lotion because the beeswax seals in all of the emollients. For this reason, it is unprecedented as a soothing moisturizer for dry cracked or damaged skin. For best results, keep the Bee Bar out on a plate and keep it close at hand in your bathroom, kitchen, bedroom or office. The Small .6 oz Bee Bar is ideal for pocket or purse and with daily use should last approximately 8 weeks.\nGold Tin Vanilla-warm and comforting\nCopper Tin-Hawaiian - like a tropical breeze\nLavender Tin-Lavender - tranquil and relaxing\nSilver Tin-Natural-Fragrance of beeswax & sweet almond oil\nPink Tin-Sweet Honey - A caress of sweet pleasure\nAqua Tin-Peppermint - Feel the fresh\nGreen Tin-Citrus - Delightfully Refreshing\nAlso available in an assortment set of 25 small samples for promotional events. These samples are featured in small snap-top containers holding a Bee Bar disk that can be popped out and applied. Each small Bee Bar sample is topped by a classy gold label with the Bee Bar name. To view and order these samples click on the Sales Aids category.\nView Bee Bar Ingredients""",,,,,,,,$4.00 ,,,,,honeyhouse400,honeyhouse160,https://www.honeyhousenaturals.com/DSN/wwwhoneyhousenaturalscom/Commerce/ProductImages/mn1_000058.jpg,mn1_000058.jpg,,Citrus|Hawaiian|Honey|Lavender|Natural|Peppermint|Vanilla,honeyhouse800,mn1_000058.jpg
Bee Butter Cream Tube Individual - 4oz,LTBB,BEE BUTTER CREAM,"ENJOY the Creaminess of  Bee Butter\nOffered in SIX luscious fragrances in our famous oh, so rich formula. Bee kind to your skin all over with this lotion of indulgent creamy Bee Butter. A little goes a long way! Precious Honey, Beeswax and Royal Jelly, the ""nectar of youth"" for the Queen Bee, naturally retains moisture in thirsty skin cells. As you massage it into your own royal skin, you will sense the restorative, soothing influence of all things natural. Indulge. Enjoy. Indulge again! \nView Bee Butter Cream Tube Ingredients",,,,,,,,$5.00 ,,,,,honeyhouse400,honeyhouse160,https://www.honeyhousenaturals.com/DSN/wwwhoneyhousenaturalscom/Commerce/ProductImages/mn1_000059.jpg,mn1_000059.jpg,,Citrus|Hawaiian|Honey|Lavender|Natural|Vanilla,honeyhouse800,mn1_000059.jpg
Bee Butter Cream - 4oz Tube Tester,LTBBT,BEE BUTTER CREAM,"How will your customers know the creamy richness of our Bee Butters without giving it a try? This tester, for both the Tube and the Tub of Bee Butter, will make your customers want to purchase some for themselves and for all of their friends!    Limit 1 tester for each 12 Bee Butters purchased.\nView Bee Butter Cream Tube Ingredients",,,,,,,,$4.00 ,,,,,honeyhouse400,honeyhouse160,https://www.honeyhousenaturals.com/DSN/wwwhoneyhousenaturalscom/Commerce/ProductImages/mn1_000063.jpg,mn1_000063.jpg,,Citrus|Hawaiian|Honey|Lavender|Natural|Vanilla,honeyhouse800,mn1_000063.jpg
Bee Butter Cream & Small Bee Bar Gift Set,LTLS2,GIFTS,"Two Top Selling Products in one Gift Set.  \n  Includes 1- 4oz - Bee Butter Cream Tube - for thick creamy all over body butter & 1 - .6oz Small Bee Bar Solid Lotion for really dry skin and great for travel, pockets and purse. Comes in a tagged organza bag.\nBee kind to your skin all over with this lotion of indulgent creamy Bee Butter Cream. A little goes a long way! Rich, thick cream that goes on smooth and moisturizes your body. \nThis solid lotion bar is made for dry, hardworking skin.  Just warm it in your hands and rub it wherever you have dry skin.  This bar is especially amazing on your really dry bits such as hands, feet and elbows.   It comes hand wrapped in a reusable tin and is great for travel.  \n\nVarieties: \nHawaiian Cream TUBE & Bee Bar\nVanilla Cream TUBE & Bee Bar\nCitrus Cream TUBE & Bee Bar\nHoney Cream TUBE & Bee Bar\nLavender Cream TUBE & Bee Bar\nNatural Cream TUBE & Bee Bar\n  View Honey House Fresh Bee Butter Ingredients\nView Small Bee Bar Ingredients",,,,,,,,$9.00 ,,,,,honeyhouse400,honeyhouse160,https://www.honeyhousenaturals.com/DSN/wwwhoneyhousenaturalscom/Commerce/ProductImages/mn1_002347.jpg,mn1_002347.jpg,,Citrus|Hawaiian|Honey|Lavender|Natural|Vanilla,honeyhouse800,mn1_002347.jpg
Bee Manly Foot Bar Individual - 2.5oz,MF,BEE MANLY,"This new product is definitely sweet for feet!  It is presented in a generous 2.5 oz twist-up tube applicator (black). Made with Organic Coconut Oil, Almond Oil, Shea Butter, Organic Palm Wax, Lanolin, Organic Argan Oil, our special Honey House fusion of Honey Extract, Propolis Extract, Pollen Extract and Beeswax. Also contains Deoplex (a natural antibacterial odor eliminator).  (See complete ingredient list below) Offered in a distinguished manly fragrance and also ""Naked"" with no added fragrance.\nVigorous Fragrance - (Eucalyptus/Mint/Teatree)\nNaked  (Natural \xe2\x80\x93 no added fragrance)\n  View Bee Manly Foot Bar Ingredients",,,,,,,,$6.25 ,,,,,honeyhouse400,honeyhouse160,https://www.honeyhousenaturals.com/DSN/wwwhoneyhousenaturalscom/Commerce/ProductImages/mn1_000247.jpg,mn1_000247.jpg,,NAKED (Unscented)|VIGOROUS (Peppermint),honeyhouse800,mn1_000247.jpg
Bee Manly Foot Bar - Tester,MFT,BEE MANLY,"**Please note** ONE FREE TESTER IS SENT WHEN ORDERING THE SET OF 12 ASSORTED.  (See Display Category)  BUT YOU CAN ORDER MORE TESTERS HERE!\nThis new product is definitely sweet for feet!  It is presented in a generous 2.5 oz twist-up tube applicator (black). Made with Organic Coconut Oil, Almond Oil, Shea Butter, Organic Palm Wax, Lanolin, Organic Argan Oil, our special Honey House fusion of Honey Extract, Propolis Extract, Pollen Extract and Beeswax. Also contains Deoplex (a natural antibacterial odor eliminator).  (See complete ingredient list below) Offered in a distinguished manly fragrance and also ""Naked"" with no added fragrance.\nVigorous Fragrance - (Eucalyptus/Mint/Teatree)\nNaked  (Natural \xe2\x80\x93 no added fragrance)\n  View Bee Manly Foot Bar-TESTER Ingredients",,,,,,,,$4.25 ,,,,,honeyhouse400,honeyhouse160,https://www.honeyhousenaturals.com/DSN/wwwhoneyhousenaturalscom/Commerce/ProductImages/mn1_000254.jpg,mn1_000254.jpg,,Naked|Vigorous,honeyhouse800,mn1_000254.jpg
Bee Manly Hands Lotion Bar Individual - 2oz,ML,BEE MANLY,"t you think? \nPresenting the original Bee Bar infused with the most popular of our Bee Manly fragrances \xe2\x80\x93 Smokey Cedar!  We also have it in a fresh Tea Tree Spice fragrance, and then, of course the Naked has no added fragrance.  A perfect and easy choice for the man in your life!""",,,,,,,,$6.25 ,,,,,honeyhouse400,honeyhouse160,https://www.honeyhousenaturals.com/DSN/wwwhoneyhousenaturalscom/Commerce/ProductImages/mn1_001322.jpg,mn1_001322.jpg,,Naked|Smoky Cedar|Tea Tree Spice,honeyhouse800,mn1_001322.jpg
Bee Manly Hands Bee Bar - Tester,MLT,BEE MANLY,"t you think? \nPresenting the original Bee Bar infused with the most popular of our Bee Manly fragrances \xe2\x80\x93 Smokey Cedar!  We also have it in a fresh Tea Tree Spice fragrance, and then, of course the Naked has no added fragrance.  A perfect and easy choice for the man in your life!""",,,,,,,,$4.25 ,,,,,honeyhouse400,honeyhouse160,https://www.honeyhousenaturals.com/DSN/wwwhoneyhousenaturalscom/Commerce/ProductImages/mn1_002418.jpg,mn1_002418.jpg,,Naked|Smoky Cedar|Tea Tree Spice,honeyhouse800,mn1_002418.jpg
Mini Soap Set - 24ct,MS24,PROMOTIONAL ITEMS,"The little Mini Soaps that are wrapped and gift bagged are perfect for that just needed gift for teachers, your hairdresser, baby-sitter or anyone that you\'d like to give an ""I appreciate you"" message!\nEach set of 24 pieces contains 8 of each fragrance; Citrus, Honey and Lavender (1.2oz. wrapped bar and tucked into an organza bag)\nView Honey Blossom Soap Ingredients",,,,,,,1,$24.00 ,,,,1,honeyhouse400,honeyhouse160,https://www.honeyhousenaturals.com/DSN/wwwhoneyhousenaturalscom/Commerce/ProductImages/mn1_000193.jpg,mn1_000193.jpg,,,honeyhouse800,mn1_000193.jpg
Mini Soap Set - 36ct,MS36,ON SALE NOW UNTIL JULY 10,"The little Mini Soaps that are wrapped and gift bagged are perfect for that just needed gift for teachers, your hairdresser, baby-sitter or anyone that you\'d like to give an ""I appreciate you"" message!\nEach set of 36 pieces contains 12 of each fragrance; Citrus, Honey and Lavender (1.2oz. wrapped bar and tucked into an organza bag)\nView Honey Blossom Soap Ingredients",,,,,,,1,$36.00 ,,,,1,honeyhouse400,honeyhouse160,https://www.honeyhousenaturals.com/DSN/wwwhoneyhousenaturalscom/Commerce/ProductImages/mn1_000187.jpg,mn1_000187.jpg,,,honeyhouse800,mn1_000187.jpg
ORGANIC Bee Manly Beard Gift Set 2 Piece,OGB,ORGANIC,"Organic and Natural! The Bee Manly Beard Balm & Beard Elixirs are made with the best Certified Organic ingredients to add shine and light hold to the wildest beards! Four choices!\nBrisk Citrus, Smoky Cedar and Rugged Mint and also Naked, with no added fragrance. The Balm is 1.5 oz. in a handy tin The Elixir oil is 1 fl. oz in a pump bottle.  The Beard Gift Set is finished nicely with an organza drawstring bag.\nView Bee Manly Beard Elixir Ingredients\nView Bee Manly Beard Balm Ingredients",,,,,,,,$12.00 ,,,,,honeyhouse400,honeyhouse160,https://www.honeyhousenaturals.com/DSN/wwwhoneyhousenaturalscom/Commerce/ProductImages/mn1_000272.jpg,mn1_000272.jpg,,Brisk Citrus|Naked|Rugged Mint|Smoky Cedar,honeyhouse800,mn1_000272.jpg
Bee Manly Gift Set 3 Piece,OGM3,BEE MANLY,"Bee Manly 3 Piece Gift Set\nThis set includes the ORGANIC Bee Manly Beard Elixir and ORGANIC Beard\nBalm with the added benefit of the Bee Manly Foot Bar!  The Foot Bar includes;\nShea Butter, Organic Coconut Oil, Beeswax, Organic Palm Wax, Argan Oil and other\nfine emollients to help him put his best foot forward!  In an easy to apply twist up\ncontainer, this generous 2.5 oz solid lotion will become his go-to remedy for \ncracked, sore feet.  One fragrance: Vigorous and also Naked (no fragrance added)\nView Bee Manly Beard Elixir Ingredients\nView Bee Manly Beard Balm Ingredients\nView Bee Manly Foot Bar Ingredients",,,,,,,,$18.25 ,,,,,honeyhouse400,honeyhouse160,https://www.honeyhousenaturals.com/DSN/wwwhoneyhousenaturalscom/Commerce/ProductImages/mn1_000273.jpg,mn1_000273.jpg,,Brisk Citrus|Naked|Rugged Mint|Smoky Cedar,honeyhouse800,mn1_000273.jpg
Bee Manly Hands & Beard Gift Set,OGMHB,ORGANIC,Bee Manly Hands and Organic Beard Balm Gift Set:  This perfectly suited set includes a Bee Manly Hands solid lotion bar and an Organic Bee Manly Beard Balm. Ready for gift giving in an organza drawstring bag!  \nThree fragrance choices:\nNaked (no added fragrance)\nSmoky Cedar\nTea Tree Spice with Brisk Citrus Beard Balm\n  View Bee Manly Beard Balm and Bee Manly Hands Ingredients,,,,,,,,$12.00 ,,,,,honeyhouse400,honeyhouse160,https://www.honeyhousenaturals.com/DSN/wwwhoneyhousenaturalscom/Commerce/ProductImages/mn1_002388.jpg,mn1_002388.jpg,,Naked|Smoky Cedar|Tea Tree Spice,honeyhouse800,mn1_002388.jpg
ORGANIC Bee Manly Beard Balm Individual - 1.5oz,OMB,ORGANIC,"This is an Organically Certified product! Made with Shea, Argan Oil, Jojoba Oil, beeswax, and other essential emollients!  Presented in a 1.5 oz round tin. \nThis balm is perfect for conditioning hair, also soothes and conditions irritated skin, and can be great for light control!  Offered in the following fabulous fragrances:\nNaked (natural \xe2\x80\x93 no fragrance)\nSmoky Cedar (fresh wood shavings)\nBrisk Citrus  (tangerine/orange)\nRugged Mint (peppermint, spearmint)\nView Bee Manly Beard Balm Ingredients",,,,,,,,$6.00 ,,,,,honeyhouse400,honeyhouse160,https://www.honeyhousenaturals.com/DSN/wwwhoneyhousenaturalscom/Commerce/ProductImages/mn1_000244.jpg,mn1_000244.jpg,,Brisk Citrus|Naked|Rugged Mint|Smoky Cedar,honeyhouse800,mn1_000244.jpg
ORGANIC Bee Manly Beard Balm - Tester,OMBT,ORGANIC,"**Please note** ONE FREE TESTER IS SENT WHEN ORDERING THE SET OF 12 ASSORTED.  (See Display Category)  you may order more testers but we reserve the right to LIMIT quantities.  \nThis is an Organically Certified product! Made with Shea, Argan Oil, Jojoba Oil, beeswax, and other essential emollients!  Presented in a 1.5 oz round tin. \nThis balm is perfect for conditioning hair, also soothes and conditions irritated skin, and can be great for light control!  Offered in the following fabulous fragrances:\nNaked (natural \xe2\x80\x93 no fragrance)\nSmoky Cedar (fresh wood shavings)\nBrisk Citrus  (tangerine/orange)\nRugged Mint (peppermint, spearmint)\nView Bee Manly Beard Balm Ingredients",,,,,,,,$4.00 ,,,,,honeyhouse400,honeyhouse160,https://www.honeyhousenaturals.com/DSN/wwwhoneyhousenaturalscom/Commerce/ProductImages/mn1_000255.jpg,mn1_000255.jpg,,Brisk Citrus|Naked|Rugged Mint|Smoky Cedar,honeyhouse800,mn1_000255.jpg
ORGANIC Bee Manly Beard Elixir Individual - 1oz,OME,ORGANIC,"This is an Organically Certified product!  Made with Argan oil, Shea oil, Jojoba oil, Honey, Royal Jelly, Propolis, Vitamin E and more wonderful emollients!  (See full ingredient list below)  Presented in a 1oz. glass spray bottle.  The Elixir is used to soften beard hair, add shine, and will soothe and condition irritated skin.  Three fragrances as well as natural (Naked) with no additional fragrance.\nNaked (natural \xe2\x80\x93 no fragrance)\nSmoky Cedar (fresh wood shavings)\nBrisk Citrus  (tangerine/orange)\nRugged Mint (peppermint, spearmint)\nView Bee Manly Beard Elixir Ingredients",,,,,,,,$6.00 ,,,,,honeyhouse400,honeyhouse160,https://www.honeyhousenaturals.com/DSN/wwwhoneyhousenaturalscom/Commerce/ProductImages/mn1_000241.jpg,mn1_000241.jpg,,Brisk Citrus|Naked|Rugged Mint|Smoky Cedar,honeyhouse800,mn1_000241.jpg
ORGANIC Bee Manly Beard Elixir - Tester,OMET,ORGANIC,"**Please note** ONE FREE TESTER IS SENT WHEN ORDERING THE SET OF 12 ASSORTED.  (See Display Category)  BUT YOU CAN ORDER MORE TESTERS HERE!\nThis Organically Certified product!  Made with Argan oil, Shea oil, Jojoba oil, Honey, Royal Jelly, Propolis, Vitamin E and more wonderful emollients!  (See full ingredient list below)  Presented in a 1oz. glass spray bottle.  The Elixir is used to soften beard hair, make it shine, and will soothe and condition irritated skin.  Three fragrances as well as natural (Naked) with no additional fragrance.\nNaked (natural \xe2\x80\x93 no fragrance)\nSmoky Cedar (fresh wood shavings)\nBrisk Citrus  (tangerine/orange)\nRugged Mint (peppermint, spearmint)\nView Bee Manly Beard Elixer Ingredients",,,,,,,,$4.00 ,,,,,honeyhouse400,honeyhouse160,https://www.honeyhousenaturals.com/DSN/wwwhoneyhousenaturalscom/Commerce/ProductImages/mn1_000253.jpg,mn1_000253.jpg,,Brisk Citrus|Naked|Rugged Mint|Smoky Cedar,honeyhouse800,mn1_000253.jpg
2-Piece Gift Set - Harvest Event,RGLB2,GIFTS - PERFECT FOR ANYONE!,"We have carefully chosen the perfect fragrances for the Small Bee Bar, and combined them with delightful Lip Butter Tube flavors in a unique color-combination set to please any discerning customer! These remarkable 2-piece sets come presented in a sparkly organza bag. They can be purchased in the following fragrance/flavor combinations:\nPeppermint & Peppermint\nVanilla & Vanilla Almond\nHawaiian & Mango\nLavender & Raspberry Lemonade\nSweet Honey & Raspberry Pomegranate\nNatural & Natural\nCitrus & Tangerine\nView Bee Bar Ingredients\nView Lip Butter Ingredients",,,,,,,,$12.75 ,,,,,honeyhouse400,honeyhouse160,https://www.honeyhousenaturals.com/DSN/wwwhoneyhousenaturalscom/Commerce/ProductImages/mn1_000129.jpg,mn1_000129.jpg,,Citrus|Hawaiian|Honey|Lavender|Natural|Peppermint|Vanilla,honeyhouse800,mn1_000129.jpg
Room & Linen Mist Individual - 4oz,RM,ROOM MIST,"For those awkward odors. This remarkable room mist that is all natural and powerfully effective in removing unpleasant odors from the air. The lovely fragrances linger long enough to remove the odor and then they are gone, leaving your surroundings as fresh as before. Room & Linen Mist comes in the same popular fragrances as the Bee Bar: Vanilla, Hawaiian and Lavender. It is also useful as a spray to freshen linens and drapes. As always, the packaging is as distinctive as the product and can be left out handy on a shelf or desk without detracting from the decor.  $5.50 4 oz. each",,,,,,,,$5.50 ,,,,,honeyhouse400,honeyhouse160,https://www.honeyhousenaturals.com/DSN/wwwhoneyhousenaturalscom/Commerce/ProductImages/mn1_000069.jpg,mn1_000069.jpg,,Hawaiian|Lavender|Vanilla,honeyhouse800,mn1_000069.jpg
Room Mist & Bee Butter Cream Gift Set,RMLT2,GIFTS,"Includes: 1 - 4oz Room Mist - natural and effective for removing odors from room & 1 - 4oz Bee Butter Cream TUBE - for thick creamy all over body butter.  Comes in a tagged organza bag.\nThis Mist is a great, natural & powerful deodorizing Room Mist effective at removing orders from the air.  \nThe lovely fragrances linger long enough to remove the odor and then they are gone, leaving your surroundings as fresh as before.   It is also useful and safe to spray to freshen linens and drapes.  \nBee kind to your skin all over with this lotion of indulgent creamy Bee Butter Cream. A little goes a long way! Rich, thick cream that goes on smooth and moisturizes your body. \nHawaiian - Fun & Tropical, Lavender - Relaxing & Floral, Vanilla - Warm\nAvailable in 3 Varieties:\nHawaiian Room Mist & Bee Butter Cream\nLavender Room Mist & Bee Butter\nVanilla Room Mist & Bee Butter\nView Honey House Fresh Bee Butter Ingredients",,,,,,,,$10.50 ,,,,,honeyhouse400,honeyhouse160,https://www.honeyhousenaturals.com/DSN/wwwhoneyhousenaturalscom/Commerce/ProductImages/mn1_002346.jpg,mn1_002346.jpg,,Hawaiian|Lavender|Vanilla,honeyhouse800,mn1_002346.jpg
Room Mist Tester,RMT,ROOM MIST,"**Please note** ONE FREE TESTER IS SENT WHEN ORDERING THE SET OF 12 ASSORTED.  (See Display Category)  you may order more testers but we reserve the right to LIMIT quantities.  \nFor those awkward odors. This remarkable room mist that is all natural and powerfully effective in removing unpleasant odors from the air. The lovely fragrances linger long enough to remove the odor and then they are gone, leaving your surroundings as fresh as before. Room & Linen Mist comes in the same popular fragrances as the Bee Bar: Vanilla, Hawaiian and Lavender. It is also useful as a spray to freshen linens and drapes. As always, the packaging is as distinctive as the product and can be left out handy on a shelf or desk without detracting from the decore.  Tester - $4.50 (4 oz. ea.)",,,,,,,,$4.50 ,,,,,honeyhouse400,honeyhouse160,https://www.honeyhousenaturals.com/DSN/wwwhoneyhousenaturalscom/Commerce/ProductImages/mn1_000177.jpg,mn1_000177.jpg,,Hawaiian|Lavender|Vanilla,honeyhouse800,mn1_000177.jpg
3 Bar Box of 3.5oz Soap,S3,SOAPS,"Your customers will love the moisturizing and creamy, triple milled natural soap overflowing with Royal Jelly, Shea Butter, and Honey to rejuvenate and freshen dry, tired skin. Added also are Vitamin E, a natural antioxidant, and olive oil to condition and protect. This natural gentle soap will cleanse, condition, and rehydrate thirsty skin. We use no animal products or testing. Made in USA. Packaging with recyclable materials. Available in three fragrances, Honey, Citrus and Lavender.  3 - 3.5 oz Bars $6.75\nView Honey Blossom Soap Ingredients",,,,,,,,$6.75 ,,,,,honeyhouse400,honeyhouse160,https://www.honeyhousenaturals.com/DSN/wwwhoneyhousenaturalscom/Commerce/ProductImages/mn1_000079.jpg,mn1_000079.jpg,,Citrus|Honey|Lavender,honeyhouse800,mn1_000079.jpg
3 Piece Soap Gift Set,SGS,GIFTS,"Three wonderful products combined into one great gift that will soothe, moisturize, protect and rejuvenate. A Florentine wrapped 3.5 oz soap bar that is loaded with shea butter, and has an ultra creamy lather.  A large 2.0 oz Bee Bar melts on warm skin to fully moisturize and protect dry, damaged hands and feet. Add a Lip Butter Tube which is always a customer favorite, and the result is drenched and moisturized dry, cracked lips. All gathered into a sparkly organza bag, it makes a splendid gift.\nSoap Gift Set includes:\nLarge Bee Bar\nLip Butter Tube\nFlorentine paper wrapped 3.5 oz Soap bar\nBeautifully presented in an organza drawstring bag.\nUnless specified in the comments section at checkout, the following combinations will be sent:\nCitrus Bee Bar, Citrus Soap & Tangerine Lip Butter\nHawaiian Bee Bar, Honey Soap & Mango Lip Butter\nLavender Bee Bar, Lavender Soap, & Rasp Lemonade Lip Butter\nNatural Bee Bar, Honey Soap, & Natural Lip Butter\nPeppermint Bee Bar, Honey Soap, & Peppermint Lip Butter\nSweet Honey Bee Bar, Honey Soap, & Rasp Pom Lip Butter\nVanilla Bee Bar, Honey Soap, & Vanilla Almond Lip Butter\nView Honey Blossom Soap Ingredients\nView Large Bee Bar Ingredients\nView Large Lip Butter Tube Ingredients\n ",,,,,,,,$11.00 ,,,,,honeyhouse400,honeyhouse160,https://www.honeyhousenaturals.com/DSN/wwwhoneyhousenaturalscom/Commerce/ProductImages/mn1_000076.jpg,mn1_000076.jpg,,Citrus|Hawaiian|Honey|Lavender|Natural|Peppermint|Vanilla,honeyhouse800,mn1_000076.jpg
Holiday 3 Piece Soap Gift Set,SGSHOL,GIFTS,"NEW Holiday Paper!  Each Soap Scent comes in a different scent.  3 wonderful products combined into one great gift that will soothe, moisturize, product and rejuvenate to make this a Top Selling Gift Set.   Holiday Paper wrapped 3.5oz soap bar that is loaded with Shea Butter and honey, this gentle soap will cleanse condition and re-hydrate thirsty skin.  A large Bee Bar Solid Lotion (2oz) melts on skin to fully moisturize and soothe dry and damaged hands and skin. Lip Butters glide smoothly on lips while moisturizing.  \n3 Piece Soap Gift Set Includes: Large Bee Bar, Lip Butter Tube, Florentine Paper Wrapped Soap in a Tagged Organza Bag.\nGift Set Combinations\nVanilla Bee Bar, Vanilla Almond Lip, Honey Soap\nCitrus Bee Bar, Tangerine Lip, Citrus Soap\nLavender Bee Bar, Raspberry Lemonade Lip, Lavender Soap\nHoney Bee Bar, Raspberry Pomegranate Lip, Honey Soap\nHawaiian Bee Bar, Mango Lip, Citrus Soap\nPeppermint Bee Bar, Peppermint Lip, Honey Soap\nNatural Bee Bar, Natural Lip, Honey Soap",,,,,,,,$11.00 ,,,,,honeyhouse400,honeyhouse160,https://www.honeyhousenaturals.com/DSN/wwwhoneyhousenaturalscom/Commerce/ProductImages/mn1_002455.jpg,mn1_002455.jpg,,Citrus|Hawaiian|Honey|Lavender|Natural|Peppermint|Vanilla,honeyhouse800,mn1_002455.jpg
Florentine Paper Wrapped Soap Individual - 3.5oz,SI,SOAPS,"Honey Blossom Soap from Honey House Naturals is a high-end, quality soap. Shea Butter, Honey, Royal Jelly and Propolis are added to a natural, vegetable base. Then it is triple milled and hand-pressed into beautifully carved bars. After drying, they are hand-wrapped with this gorgeous paper we found from Italy. Three natural fragrances: Citrus, Lavender and Honey Blossom. A truly beautiful, moisturizing soap at a truly beautiful price! \nALSO AVAILABLE AS A PRIVATE LABELED PRODUCT.  \nView Honey Blossom Soap Ingredients",,,,,,,,$3.00 ,,,,,honeyhouse400,honeyhouse160,https://www.honeyhousenaturals.com/DSN/wwwhoneyhousenaturalscom/Commerce/ProductImages/mn1_000080.jpg,mn1_000080.jpg,,Citrus|Honey|Lavender,honeyhouse800,mn1_000080.jpg
Bee Butter Cream TUB Individual - 8oz,ZBB,BEE BUTTER CREAM,"Bee Butter Cream offered in our famous oh, so rich formula, in FIVE (5) luscious fragrances and also Natural with NO added fragrance. Bee kind to your skin all over with this lotion of indulgent creamy Bee Butter. A little goes a long way! Precious Honey, Beeswax and Royal Jelly, the ""nectar of youth"" for the Queen Bee, naturally retains moisture in thirsty skin cells. As you massage it into your own royal skin, you will sense the restorative, soothing influence of all things natural. Indulge. Enjoy. Indulge again! The 8 oz. tub is offered in SIX choices of Honey, Citrus, Vanilla, Hawaiian, Lavender, and Natural.\nFor $105 we have an assorted blend of 12 that contains: 3 Citrus, 3 Vanilla, 2 Hawaiian, 2 Honey and 1 Lavender and 1 Natural plus a free TUBE tester. \nView Bee Butter Cream Tub Ingredients\n    * * * * * * * * * * * * * * * * * * * * * * * * * * * * * * * * * * * * * * * * * * * * * * * * * * * * * * * * * * * * * * * *",,,,,,,,$10.00 ,,,,,honeyhouse400,honeyhouse160,https://www.honeyhousenaturals.com/DSN/wwwhoneyhousenaturalscom/Commerce/ProductImages/mn1_000007.jpg,mn1_000007.jpg,,Citrus|Hawaiian|Honey|Lavender|Natural|Vanilla,honeyhouse800,mn1_000007.jpg
Bee Fresh Liquid Soap Individual - 8oz,ZLS,SOAPS,"Honey House Fresh - Liquid Soap!  It is thick, rich, and oh so luscious!  So much more than a grocery store item! Brimming with nutrients and natural moisturizing oil, the Honey House Liquid hand and body soap will take you to another level of self-indulgence. The sweet soothing Almond, Honey and Lavender fragrances linger long after you wash. Almond Oil, Coconut Oil and Honey are natural Humectants that trap moisture in your skin, keeping it smooth and glowing with heath! EDTA and Paraben free and never tested on animals. Available in Almond, Honey and Lavender fragrances. Bigger 8 ounce bottles.\nView Honey House Fresh-Honey Soap Ingredients",,,,,,,,$7.25 ,,,,,honeyhouse400,honeyhouse160,https://www.honeyhousenaturals.com/DSN/wwwhoneyhousenaturalscom/Commerce/ProductImages/mn1_000010.jpg,mn1_000010.jpg,,Almond Liquid Soap|Honey Liquid Soap|Lavender Liquid Soap,honeyhouse800,mn1_000010.jpg
Bee Fresh Liquid Soap Tester - 8oz,ZLST,SOAPS,"Liquid Soap Tester is offered in 8 oz. bottle with a TESTER sticker. Thick, rich, luscious. Oh, so much more than a grocery store item!  Brimming with nutrients and natural moisturizing oil, the Honey House Liquid hand and body soap will take you to another level of self-indulgence. The sweet soothing Almond, Honey and Lavender fragrances linger long after you wash. Almond Oil, Coconut Oil and Honey are natural Humectants that trap moisture in your skin, keeping it smooth and glowing with heath! EDTA and Paraben free and never tested on animals. Available in Almond and Honey and Lavender fragrances.8 ounce bottles. LIMIT (One tester for each twelve ordered)\nView Honey House Fresh-Honey Soap Ingredients",,,,,,,,$6.25 ,,,,,honeyhouse400,honeyhouse160,https://www.honeyhousenaturals.com/DSN/wwwhoneyhousenaturalscom/Commerce/ProductImages/mn1_000141.jpg,mn1_000141.jpg,,Almond Liquid Soap|Honey Liquid Soap|Lavender Liquid Soap,honeyhouse800,mn1_000141.jpg
