http://www.lizbethjanedesigns.com/uploads/3/1/7/1/3171099/3817430_orig.jpg,3817430_orig.jpg
http://www.lizbethjanedesigns.com/uploads/3/1/7/1/3171099/647183_orig.jpg,647183_orig.jpg
http://www.lizbethjanedesigns.com/uploads/3/1/7/1/3171099/2475900_orig.jpg,2475900_orig.jpg
http://www.lizbethjanedesigns.com/uploads/3/1/7/1/3171099/7878651_orig.jpg?165,7878651_orig.jpg
http://www.lizbethjanedesigns.com/uploads/3/1/7/1/3171099/7878651_orig.jpg?165,7878651_orig.jpg
http://www.lizbethjanedesigns.com/uploads/3/1/7/1/3171099/7878651_orig.jpg?165,7878651_orig.jpg
http://www.lizbethjanedesigns.com/uploads/3/1/7/1/3171099/7878651_orig.jpg?165,7878651_orig.jpg
http://www.lizbethjanedesigns.com/uploads/3/1/7/1/3171099/1427607_orig.jpg?165,1427607_orig.jpg
http://www.lizbethjanedesigns.com/uploads/3/1/7/1/3171099/1427607_orig.jpg?165,1427607_orig.jpg
http://www.lizbethjanedesigns.com/uploads/3/1/7/1/3171099/1427607_orig.jpg?165,1427607_orig.jpg
http://www.lizbethjanedesigns.com/uploads/3/1/7/1/3171099/1427607_orig.jpg?165,1427607_orig.jpg
http://www.lizbethjanedesigns.com/uploads/3/1/7/1/3171099/1427607_orig.jpg?165,1427607_orig.jpg
http://www.lizbethjanedesigns.com/uploads/3/1/7/1/3171099/745247_orig.jpg?165,745247_orig.jpg
http://www.lizbethjanedesigns.com/uploads/3/1/7/1/3171099/745247_orig.jpg?165,745247_orig.jpg
http://www.lizbethjanedesigns.com/uploads/3/1/7/1/3171099/745247_orig.jpg?165,745247_orig.jpg
http://www.lizbethjanedesigns.com/uploads/3/1/7/1/3171099/745247_orig.jpg?165,745247_orig.jpg
http://www.lizbethjanedesigns.com/uploads/3/1/7/1/3171099/167793_orig.jpg?164,167793_orig.jpg
http://www.lizbethjanedesigns.com/uploads/3/1/7/1/3171099/167793_orig.jpg?164,167793_orig.jpg
http://www.lizbethjanedesigns.com/uploads/3/1/7/1/3171099/167793_orig.jpg?164,167793_orig.jpg
http://www.lizbethjanedesigns.com/uploads/3/1/7/1/3171099/167793_orig.jpg?164,167793_orig.jpg
http://www.lizbethjanedesigns.com/uploads/3/1/7/1/3171099/3802271_orig.jpg?230,3802271_orig.jpg
http://www.lizbethjanedesigns.com/uploads/3/1/7/1/3171099/3802271_orig.jpg?230,3802271_orig.jpg
http://www.lizbethjanedesigns.com/uploads/3/1/7/1/3171099/3802271_orig.jpg?230,3802271_orig.jpg
http://www.lizbethjanedesigns.com/uploads/3/1/7/1/3171099/3802271_orig.jpg?230,3802271_orig.jpg
http://www.lizbethjanedesigns.com/uploads/3/1/7/1/3171099/8662381_orig.jpg?229,8662381_orig.jpg
http://www.lizbethjanedesigns.com/uploads/3/1/7/1/3171099/8662381_orig.jpg?229,8662381_orig.jpg
http://www.lizbethjanedesigns.com/uploads/3/1/7/1/3171099/8662381_orig.jpg?229,8662381_orig.jpg
http://www.lizbethjanedesigns.com/uploads/3/1/7/1/3171099/8662381_orig.jpg?229,8662381_orig.jpg
http://www.lizbethjanedesigns.com/uploads/3/1/7/1/3171099/8662381_orig.jpg?229,8662381_orig.jpg
http://www.lizbethjanedesigns.com/uploads/3/1/7/1/3171099/6781604_orig.jpg?229,6781604_orig.jpg
http://www.lizbethjanedesigns.com/uploads/3/1/7/1/3171099/6781604_orig.jpg?229,6781604_orig.jpg
http://www.lizbethjanedesigns.com/uploads/3/1/7/1/3171099/6781604_orig.jpg?229,6781604_orig.jpg
http://www.lizbethjanedesigns.com/uploads/3/1/7/1/3171099/6781604_orig.jpg?229,6781604_orig.jpg
http://www.lizbethjanedesigns.com/uploads/3/1/7/1/3171099/3658904_orig.jpg?230,3658904_orig.jpg
http://www.lizbethjanedesigns.com/uploads/3/1/7/1/3171099/3658904_orig.jpg?230,3658904_orig.jpg
http://www.lizbethjanedesigns.com/uploads/3/1/7/1/3171099/3658904_orig.jpg?230,3658904_orig.jpg
http://www.lizbethjanedesigns.com/uploads/3/1/7/1/3171099/1870328_orig.jpg?229,1870328_orig.jpg
http://www.lizbethjanedesigns.com/uploads/3/1/7/1/3171099/1870328_orig.jpg?229,1870328_orig.jpg
http://www.lizbethjanedesigns.com/uploads/3/1/7/1/3171099/1870328_orig.jpg?229,1870328_orig.jpg
http://www.lizbethjanedesigns.com/uploads/3/1/7/1/3171099/2097740_orig.jpg?229,2097740_orig.jpg
http://www.lizbethjanedesigns.com/uploads/3/1/7/1/3171099/2097740_orig.jpg?229,2097740_orig.jpg
http://www.lizbethjanedesigns.com/uploads/3/1/7/1/3171099/2097740_orig.jpg?229,2097740_orig.jpg
http://www.lizbethjanedesigns.com/uploads/3/1/7/1/3171099/2097740_orig.jpg?229,2097740_orig.jpg
http://www.lizbethjanedesigns.com/uploads/3/1/7/1/3171099/2140809_orig.jpg?165,2140809_orig.jpg
http://www.lizbethjanedesigns.com/uploads/3/1/7/1/3171099/2140809_orig.jpg?165,2140809_orig.jpg
http://www.lizbethjanedesigns.com/uploads/3/1/7/1/3171099/2140809_orig.jpg?165,2140809_orig.jpg
http://www.lizbethjanedesigns.com/uploads/3/1/7/1/3171099/2140809_orig.jpg?165,2140809_orig.jpg
http://www.lizbethjanedesigns.com/uploads/3/1/7/1/3171099/2140809_orig.jpg?165,2140809_orig.jpg
http://www.lizbethjanedesigns.com/uploads/3/1/7/1/3171099/358038_orig.jpg?164,358038_orig.jpg
http://www.lizbethjanedesigns.com/uploads/3/1/7/1/3171099/358038_orig.jpg?164,358038_orig.jpg
http://www.lizbethjanedesigns.com/uploads/3/1/7/1/3171099/358038_orig.jpg?164,358038_orig.jpg
http://www.lizbethjanedesigns.com/uploads/3/1/7/1/3171099/358038_orig.jpg?164,358038_orig.jpg
http://www.lizbethjanedesigns.com/uploads/3/1/7/1/3171099/358038_orig.jpg?164,358038_orig.jpg
http://www.lizbethjanedesigns.com/uploads/3/1/7/1/3171099/7981113_orig.jpg?165,7981113_orig.jpg
http://www.lizbethjanedesigns.com/uploads/3/1/7/1/3171099/7981113_orig.jpg?165,7981113_orig.jpg
http://www.lizbethjanedesigns.com/uploads/3/1/7/1/3171099/7981113_orig.jpg?165,7981113_orig.jpg
http://www.lizbethjanedesigns.com/uploads/3/1/7/1/3171099/7436429_orig.jpg?165,7436429_orig.jpg
http://www.lizbethjanedesigns.com/uploads/3/1/7/1/3171099/7436429_orig.jpg?165,7436429_orig.jpg
http://www.lizbethjanedesigns.com/uploads/3/1/7/1/3171099/7436429_orig.jpg?165,7436429_orig.jpg
http://www.lizbethjanedesigns.com/uploads/3/1/7/1/3171099/7436429_orig.jpg?165,7436429_orig.jpg
http://www.lizbethjanedesigns.com/uploads/3/1/7/1/3171099/1088449_orig.jpg?165,1088449_orig.jpg
http://www.lizbethjanedesigns.com/uploads/3/1/7/1/3171099/1088449_orig.jpg?165,1088449_orig.jpg
http://www.lizbethjanedesigns.com/uploads/3/1/7/1/3171099/1088449_orig.jpg?165,1088449_orig.jpg
http://www.lizbethjanedesigns.com/uploads/3/1/7/1/3171099/1088449_orig.jpg?165,1088449_orig.jpg
http://www.lizbethjanedesigns.com/uploads/3/1/7/1/3171099/2990516_orig.jpg?165,2990516_orig.jpg
http://www.lizbethjanedesigns.com/uploads/3/1/7/1/3171099/2990516_orig.jpg?165,2990516_orig.jpg
http://www.lizbethjanedesigns.com/uploads/3/1/7/1/3171099/2990516_orig.jpg?165,2990516_orig.jpg
http://www.lizbethjanedesigns.com/uploads/3/1/7/1/3171099/2990516_orig.jpg?165,2990516_orig.jpg
http://www.lizbethjanedesigns.com/uploads/3/1/7/1/3171099/2990516_orig.jpg?165,2990516_orig.jpg
http://www.lizbethjanedesigns.com/uploads/3/1/7/1/3171099/3317201_orig.jpg?164,3317201_orig.jpg
http://www.lizbethjanedesigns.com/uploads/3/1/7/1/3171099/3317201_orig.jpg?164,3317201_orig.jpg
http://www.lizbethjanedesigns.com/uploads/3/1/7/1/3171099/3317201_orig.jpg?164,3317201_orig.jpg
http://www.lizbethjanedesigns.com/uploads/3/1/7/1/3171099/3341973_orig.jpg?165,3341973_orig.jpg
http://www.lizbethjanedesigns.com/uploads/3/1/7/1/3171099/3341973_orig.jpg?165,3341973_orig.jpg
http://www.lizbethjanedesigns.com/uploads/3/1/7/1/3171099/3341973_orig.jpg?165,3341973_orig.jpg
http://www.lizbethjanedesigns.com/uploads/3/1/7/1/3171099/3341973_orig.jpg?165,3341973_orig.jpg
http://www.lizbethjanedesigns.com/uploads/3/1/7/1/3171099/3341973_orig.jpg?165,3341973_orig.jpg
http://www.lizbethjanedesigns.com/uploads/3/1/7/1/3171099/5906704_orig.jpg?164,5906704_orig.jpg
http://www.lizbethjanedesigns.com/uploads/3/1/7/1/3171099/5906704_orig.jpg?164,5906704_orig.jpg
http://www.lizbethjanedesigns.com/uploads/3/1/7/1/3171099/5906704_orig.jpg?164,5906704_orig.jpg
http://www.lizbethjanedesigns.com/uploads/3/1/7/1/3171099/5906704_orig.jpg?164,5906704_orig.jpg
http://www.lizbethjanedesigns.com/uploads/3/1/7/1/3171099/5906704_orig.jpg?164,5906704_orig.jpg
http://www.lizbethjanedesigns.com/uploads/3/1/7/1/3171099/2119668_orig.jpg?164,2119668_orig.jpg
http://www.lizbethjanedesigns.com/uploads/3/1/7/1/3171099/2119668_orig.jpg?164,2119668_orig.jpg
http://www.lizbethjanedesigns.com/uploads/3/1/7/1/3171099/2119668_orig.jpg?164,2119668_orig.jpg
http://www.lizbethjanedesigns.com/uploads/3/1/7/1/3171099/2119668_orig.jpg?164,2119668_orig.jpg
http://www.lizbethjanedesigns.com/uploads/3/1/7/1/3171099/2425840_orig.jpg?125,2425840_orig.jpg
http://www.lizbethjanedesigns.com/uploads/3/1/7/1/3171099/2425840_orig.jpg?125,2425840_orig.jpg
http://www.lizbethjanedesigns.com/uploads/3/1/7/1/3171099/2425840_orig.jpg?125,2425840_orig.jpg
http://www.lizbethjanedesigns.com/uploads/3/1/7/1/3171099/5568553_orig.jpg?165,5568553_orig.jpg
http://www.lizbethjanedesigns.com/uploads/3/1/7/1/3171099/5568553_orig.jpg?165,5568553_orig.jpg
http://www.lizbethjanedesigns.com/uploads/3/1/7/1/3171099/5568553_orig.jpg?165,5568553_orig.jpg
http://www.lizbethjanedesigns.com/uploads/3/1/7/1/3171099/5568553_orig.jpg?165,5568553_orig.jpg
http://www.lizbethjanedesigns.com/uploads/3/1/7/1/3171099/4417024_orig.jpg,4417024_orig.jpg
http://www.lizbethjanedesigns.com/uploads/3/1/7/1/3171099/4417024_orig.jpg,4417024_orig.jpg
http://www.lizbethjanedesigns.com/uploads/3/1/7/1/3171099/4417024_orig.jpg,4417024_orig.jpg
http://www.lizbethjanedesigns.com/uploads/3/1/7/1/3171099/4417024_orig.jpg,4417024_orig.jpg
http://www.lizbethjanedesigns.com/uploads/3/1/7/1/3171099/4433247_orig.jpg,4433247_orig.jpg
http://www.lizbethjanedesigns.com/uploads/3/1/7/1/3171099/4433247_orig.jpg,4433247_orig.jpg
http://www.lizbethjanedesigns.com/uploads/3/1/7/1/3171099/4433247_orig.jpg,4433247_orig.jpg
http://www.lizbethjanedesigns.com/uploads/3/1/7/1/3171099/4433247_orig.jpg,4433247_orig.jpg
http://www.lizbethjanedesigns.com/uploads/3/1/7/1/3171099/4433247_orig.jpg,4433247_orig.jpg
http://www.lizbethjanedesigns.com/uploads/3/1/7/1/3171099/4433247_orig.jpg,4433247_orig.jpg
http://www.lizbethjanedesigns.com/uploads/3/1/7/1/3171099/4433247_orig.jpg,4433247_orig.jpg
http://www.lizbethjanedesigns.com/uploads/3/1/7/1/3171099/2511977_orig.jpg,2511977_orig.jpg
http://www.lizbethjanedesigns.com/uploads/3/1/7/1/3171099/2511977_orig.jpg,2511977_orig.jpg
http://www.lizbethjanedesigns.com/uploads/3/1/7/1/3171099/2511977_orig.jpg,2511977_orig.jpg
http://www.lizbethjanedesigns.com/uploads/3/1/7/1/3171099/2511977_orig.jpg,2511977_orig.jpg
http://www.lizbethjanedesigns.com/uploads/3/1/7/1/3171099/2511977_orig.jpg,2511977_orig.jpg
http://www.lizbethjanedesigns.com/uploads/3/1/7/1/3171099/2511977_orig.jpg,2511977_orig.jpg
http://www.lizbethjanedesigns.com/uploads/3/1/7/1/3171099/2511977_orig.jpg,2511977_orig.jpg
