C18453 Sonny the Snowman,C18453,,,8/10/2022,,,,"SIZE:
6""w X 10""h (w/o arms)",,2,16.75,8,15.075,,,2,Honeyme400,Honeyme160,https://cdn11.bigcommerce.com/s-lbfvygiv1l/images/stencil/original/products/2439/7185/C18453__33333__73283__65234.1588631598.jpg,C18453__33333__73283__65234.1588631598.jpg,,,Honeyme800,C18453__33333__73283__65234.1588631598.jpg
C17002 Wooden Snowflakes Ornament Set (12),C17002,,,6/10/2022,,,,"SIZE:
1-1/2""d (w/o hanger)",,12,3.75,48,3.375,,,12,Honeyme400,Honeyme160,https://cdn11.bigcommerce.com/s-lbfvygiv1l/images/stencil/original/products/2794/7537/C17002__26891__02723__75685.1588631688.jpg,C17002__26891__02723__75685.1588631688.jpg,,,Honeyme800,C17002__26891__02723__75685.1588631688.jpg
C2120 Tinsel the Whimsy Elf,C2120,,,,,,,,,2,14,8,12.6,,,2,Honeyme400,Honeyme160,https://cdn11.bigcommerce.com/s-lbfvygiv1l/images/stencil/original/products/3512/8281/C2120__32522.1621341684.jpg,C2120__32522.1621341684.jpg,,,Honeyme800,C2120__32522.1621341684.jpg
C2121 Chris the Whimsy Santa Claus,C2121,,,,,,,,,2,14,8,12.6,,,2,Honeyme400,Honeyme160,https://cdn11.bigcommerce.com/s-lbfvygiv1l/images/stencil/original/products/3513/8282/C2121__15267.1621342021.jpg,C2121__15267.1621342021.jpg,,,Honeyme800,C2121__15267.1621342021.jpg
C2122 Tangle the Whimsy Elf,C2122,,,,,,,,,2,16.25,8,14.625,,,2,Honeyme400,Honeyme160,https://cdn11.bigcommerce.com/s-lbfvygiv1l/images/stencil/original/products/3514/8284/C2122__95637.1621342340.jpg,C2122__95637.1621342340.jpg,,,Honeyme800,C2122__95637.1621342340.jpg
C2123 Merry the Whimsy Santa Claus,C2123,,,,,,,,,2,16.25,8,14.625,,,2,Honeyme400,Honeyme160,https://cdn11.bigcommerce.com/s-lbfvygiv1l/images/stencil/original/products/3515/8283/C2123__50342.1621342209.jpg,C2123__50342.1621342209.jpg,,,Honeyme800,C2123__50342.1621342209.jpg
C2124 Saint Nicholas the Whimsy Santa Tree Hugger,C2124,,,,,,,,,2,17,8,15.3,,,2,Honeyme400,Honeyme160,https://cdn11.bigcommerce.com/s-lbfvygiv1l/images/stencil/original/products/3516/8289/C2124__55557.1621345131.jpg,C2124__55557.1621345131.jpg,,,Honeyme800,C2124__55557.1621345131.jpg
C2125 Jangle the Whimsy Elf Tree Hugger,C2125,,,,,,,,,2,17,8,15.3,,,2,Honeyme400,Honeyme160,https://cdn11.bigcommerce.com/s-lbfvygiv1l/images/stencil/original/products/3517/8285/C2125__62778.1621342715.jpg,C2125__62778.1621342715.jpg,,,Honeyme800,C2125__62778.1621342715.jpg
C2126 Runt the Gnome,C2126,,,,,,,,,4,10.75,16,9.675,,,4,Honeyme400,Honeyme160,https://cdn11.bigcommerce.com/s-lbfvygiv1l/images/stencil/original/products/3518/8286/C2126__11787.1621344382.jpg,C2126__11787.1621344382.jpg,,,Honeyme800,C2126__11787.1621344382.jpg
C2127 Hazel the Gnome,C2127,,,,,,,,,4,10.75,16,9.675,,,4,Honeyme400,Honeyme160,https://cdn11.bigcommerce.com/s-lbfvygiv1l/images/stencil/original/products/3519/8287/C2127__89895.1621344618.jpg,C2127__89895.1621344618.jpg,,,Honeyme800,C2127__89895.1621344618.jpg
C2128 Ringo the Gnome,C2128,,,,,,,,,2,14,8,12.6,,,2,Honeyme400,Honeyme160,https://cdn11.bigcommerce.com/s-lbfvygiv1l/images/stencil/original/products/3520/8288/C2128__87111.1621344797.jpg,C2128__87111.1621344797.jpg,,,Honeyme800,C2128__87111.1621344797.jpg
C2129 Pepper the Gnome,C2129,,,,,,,,,2,14,8,12.6,,,2,Honeyme400,Honeyme160,https://cdn11.bigcommerce.com/s-lbfvygiv1l/images/stencil/original/products/3521/8290/C2129__90637.1621345429.jpg,C2129__90637.1621345429.jpg,,,Honeyme800,C2129__90637.1621345429.jpg
C2130 Rizzo the Gnome,C2130,,,,,,,,,2,16.25,8,14.625,,,2,Honeyme400,Honeyme160,https://cdn11.bigcommerce.com/s-lbfvygiv1l/images/stencil/original/products/3522/8291/C2130__99391.1621346085.jpg,C2130__99391.1621346085.jpg,,,Honeyme800,C2130__99391.1621346085.jpg
C2131 Pixie the Gnome,C2131,,,,,,,,,2,16.25,8,14.625,,,2,Honeyme400,Honeyme160,https://cdn11.bigcommerce.com/s-lbfvygiv1l/images/stencil/original/products/3523/8292/C2131__96064.1621346260.jpg,C2131__96064.1621346260.jpg,,,Honeyme800,C2131__96064.1621346260.jpg
C2132 Felix the Gnome,C2132,,,,,,,,,3,13.5,12,12.15,,,3,Honeyme400,Honeyme160,https://cdn11.bigcommerce.com/s-lbfvygiv1l/images/stencil/original/products/3524/8293/C2132__37871.1621346422.jpg,C2132__37871.1621346422.jpg,,,Honeyme800,C2132__37871.1621346422.jpg
C2133 Ziggy the Gnome,C2133,,,,,,,,,3,13.5,12,12.15,,,3,Honeyme400,Honeyme160,https://cdn11.bigcommerce.com/s-lbfvygiv1l/images/stencil/original/products/3525/8294/C2133__95484.1621346608.jpg,C2133__95484.1621346608.jpg,,,Honeyme800,C2133__95484.1621346608.jpg
C2134 Fiona the Gnome,C2134,,,,,,,,,3,13.5,12,12.15,,,3,Honeyme400,Honeyme160,https://cdn11.bigcommerce.com/s-lbfvygiv1l/images/stencil/original/products/3526/8295/C2134__46488.1621346753.jpg,C2134__46488.1621346753.jpg,,,Honeyme800,C2134__46488.1621346753.jpg
C2135 Gidget the Gnome,C2135,,,,,,,,,3,13.5,12,12.15,,,3,Honeyme400,Honeyme160,https://cdn11.bigcommerce.com/s-lbfvygiv1l/images/stencil/original/products/3527/8296/C2135__85646.1621346887.jpg,C2135__85646.1621346887.jpg,,,Honeyme800,C2135__85646.1621346887.jpg
C2136 Winter Gnome Ornament Set (4A),C2136,,,,,,,,,2,21.5,8,19.35,,,2,Honeyme400,Honeyme160,https://cdn11.bigcommerce.com/s-lbfvygiv1l/images/stencil/original/products/3528/8297/C2136__83158.1621347006.jpg,C2136__83158.1621347006.jpg,,,Honeyme800,C2136__83158.1621347006.jpg
C2137 Bingles the Gnome Tree Hugger,C2137,,,,,,,,,2,17,8,15.3,,,2,Honeyme400,Honeyme160,https://cdn11.bigcommerce.com/s-lbfvygiv1l/images/stencil/original/products/3529/8298/C2137__03903.1621347113.jpg,C2137__03903.1621347113.jpg,,,Honeyme800,C2137__03903.1621347113.jpg
C2138 Winkler the Gnome Tree Hugger,C2138,,,,,,,,,2,17,8,15.3,,,2,Honeyme400,Honeyme160,https://cdn11.bigcommerce.com/s-lbfvygiv1l/images/stencil/original/products/3530/8299/C2138__20429.1621347343.jpg,C2138__20429.1621347343.jpg,,,Honeyme800,C2138__20429.1621347343.jpg
C2139 Aspen the Snowy Snowman,C2139,,,,,,,,,3,13.5,12,12.15,,,3,Honeyme400,Honeyme160,https://cdn11.bigcommerce.com/s-lbfvygiv1l/images/stencil/original/products/3531/8300/C2139__90204.1621347770.jpg,C2139__90204.1621347770.jpg,,,Honeyme800,C2139__90204.1621347770.jpg
C2140 Slope the Snowy Snowman,C2140,,,,,,,,,3,13.5,12,12.15,,,3,Honeyme400,Honeyme160,https://cdn11.bigcommerce.com/s-lbfvygiv1l/images/stencil/original/products/3532/8301/C2140__57549.1621348011.jpg,C2140__57549.1621348011.jpg,,,Honeyme800,C2140__57549.1621348011.jpg
C2141 Rocky the Snowy Snowman,C2141,,,,,,,,,3,13.5,12,12.15,,,3,Honeyme400,Honeyme160,https://cdn11.bigcommerce.com/s-lbfvygiv1l/images/stencil/original/products/3533/8302/C2141__06693.1621348123.jpg,C2141__06693.1621348123.jpg,,,Honeyme800,C2141__06693.1621348123.jpg
C2142 Ice the Snowy Snowman,C2142,,,,,,,,,4,10.75,16,9.675,,,4,Honeyme400,Honeyme160,https://cdn11.bigcommerce.com/s-lbfvygiv1l/images/stencil/original/products/3534/8303/C2142__78189.1621348243.jpg,C2142__78189.1621348243.jpg,,,Honeyme800,C2142__78189.1621348243.jpg
C2143 Slush the Snowy Snowman,C2143,,,,,,,,,4,10.75,16,9.675,,,4,Honeyme400,Honeyme160,https://cdn11.bigcommerce.com/s-lbfvygiv1l/images/stencil/original/products/3535/8304/C2143__56862.1621351417.jpg,C2143__56862.1621351417.jpg,,,Honeyme800,C2143__56862.1621351417.jpg
C2144 Vail the Snowy Snowman,C2144,,,,,,,,,4,10.75,16,9.675,,,4,Honeyme400,Honeyme160,https://cdn11.bigcommerce.com/s-lbfvygiv1l/images/stencil/original/products/3536/8305/C2144__24673.1621352285.jpg,C2144__24673.1621352285.jpg,,,Honeyme800,C2144__24673.1621352285.jpg
C2145 Colorado the Snowy Snowman,C2145,,,,,,,,,2,14,8,12.6,,,2,Honeyme400,Honeyme160,https://cdn11.bigcommerce.com/s-lbfvygiv1l/images/stencil/original/products/3537/8306/C2145__82188.1621352753.jpg,C2145__82188.1621352753.jpg,,,Honeyme800,C2145__82188.1621352753.jpg
C2146 Boulder the Snowy Snowman,C2146,,,,,,,,,2,14,8,12.6,,,2,Honeyme400,Honeyme160,https://cdn11.bigcommerce.com/s-lbfvygiv1l/images/stencil/original/products/3538/8307/C2146__27288.1621354554.jpg,C2146__27288.1621354554.jpg,,,Honeyme800,C2146__27288.1621354554.jpg
C2147 Denver the Snowy Snowman,C2147,,,,,,,,,2,14,8,12.6,,,2,Honeyme400,Honeyme160,https://cdn11.bigcommerce.com/s-lbfvygiv1l/images/stencil/original/products/3539/8308/C2147__50570.1621354698.jpg,C2147__50570.1621354698.jpg,,,Honeyme800,C2147__50570.1621354698.jpg
C2148 Aurora the Snowy Snowman,C2148,,,,,,,,,2,16.25,8,14.625,,,2,Honeyme400,Honeyme160,https://cdn11.bigcommerce.com/s-lbfvygiv1l/images/stencil/original/products/3540/8309/C2148__97533.1621354885.jpg,C2148__97533.1621354885.jpg,,,Honeyme800,C2148__97533.1621354885.jpg
C2149 Pueblo the Snowy Snowman,C2149,,,,,,,,,2,16.25,8,14.625,,,2,Honeyme400,Honeyme160,https://cdn11.bigcommerce.com/s-lbfvygiv1l/images/stencil/original/products/3541/8310/C2149__75666.1621355029.jpg,C2149__75666.1621355029.jpg,,,Honeyme800,C2149__75666.1621355029.jpg
C2150 Durango the Snowy Snowman,C2150,,,,,,,,,2,16.25,8,14.625,,,2,Honeyme400,Honeyme160,https://cdn11.bigcommerce.com/s-lbfvygiv1l/images/stencil/original/products/3542/8311/C2150__07547.1621355192.jpg,C2150__07547.1621355192.jpg,,,Honeyme800,C2150__07547.1621355192.jpg
C2151 Large Wooden Snowflake Ornament,C2151,,,,,,,,,48,1,192,0.9,,,48,Honeyme400,Honeyme160,https://cdn11.bigcommerce.com/s-lbfvygiv1l/images/stencil/original/products/3543/8312/C2151__10752.1621357361.jpg,C2151__10752.1621357361.jpg,,,Honeyme800,C2151__10752.1621357361.jpg
C2152 Oakley the Snowman,C2152,,,,,,,,,1,31,4,27.9,,,1,Honeyme400,Honeyme160,https://cdn11.bigcommerce.com/s-lbfvygiv1l/images/stencil/original/products/3544/8313/C2152__45993.1621358134.jpg,C2152__45993.1621358134.jpg,,,Honeyme800,C2152__45993.1621358134.jpg
C2153 Oliver the Snowman,C2153,,,,,,,,,2,24.25,8,21.825,,,2,Honeyme400,Honeyme160,https://cdn11.bigcommerce.com/s-lbfvygiv1l/images/stencil/original/products/3545/8314/C2153__68256.1621358305.jpg,C2153__68256.1621358305.jpg,,,Honeyme800,C2153__68256.1621358305.jpg
C2154 Oscar the Snowman,C2154,,,,,,,,,2,16.75,8,15.075,,,2,Honeyme400,Honeyme160,https://cdn11.bigcommerce.com/s-lbfvygiv1l/images/stencil/original/products/3546/8315/C2154__69762.1621360010.jpg,C2154__69762.1621360010.jpg,,,Honeyme800,C2154__69762.1621360010.jpg
C2155 Oswald the Snowman,C2155,,,,,,,,,2,23,8,20.7,,,2,Honeyme400,Honeyme160,https://cdn11.bigcommerce.com/s-lbfvygiv1l/images/stencil/original/products/3547/8316/C2155__74322.1621361421.jpg,C2155__74322.1621361421.jpg,,,Honeyme800,C2155__74322.1621361421.jpg
C2156 Owen the Snowman,C2156,,,,,,,,,2,18,8,16.2,,,2,Honeyme400,Honeyme160,https://cdn11.bigcommerce.com/s-lbfvygiv1l/images/stencil/original/products/3548/8317/C2156__26439.1621361575.jpg,C2156__26439.1621361575.jpg,,,Honeyme800,C2156__26439.1621361575.jpg
C2157 Orville the Snowman,C2157,,,,,,,,,2,19.75,8,17.775,,,2,Honeyme400,Honeyme160,https://cdn11.bigcommerce.com/s-lbfvygiv1l/images/stencil/original/products/3549/8318/C2157__54725.1621371891.jpg,C2157__54725.1621371891.jpg,,,Honeyme800,C2157__54725.1621371891.jpg
C2158 Ogden the Snowman,C2158,,,,,,,,,2,18,8,16.2,,,2,Honeyme400,Honeyme160,https://cdn11.bigcommerce.com/s-lbfvygiv1l/images/stencil/original/products/3550/8319/C2158__59261.1621372043.jpg,C2158__59261.1621372043.jpg,,,Honeyme800,C2158__59261.1621372043.jpg
C2159 Olsen the Snowman,C2159,,,,,,,,,2,16.25,8,14.625,,,2,Honeyme400,Honeyme160,https://cdn11.bigcommerce.com/s-lbfvygiv1l/images/stencil/original/products/3551/8320/C2159__26489.1621372231.jpg,C2159__26489.1621372231.jpg,,,Honeyme800,C2159__26489.1621372231.jpg
C2160 Oakes the Snowman,C2160,,,,,,,,,2,16.75,8,15.075,,,2,Honeyme400,Honeyme160,https://cdn11.bigcommerce.com/s-lbfvygiv1l/images/stencil/original/products/3552/8321/C2160___29198.1621441591.jpg,C2160___29198.1621441591.jpg,,,Honeyme800,C2160___29198.1621441591.jpg
C2161 Oden the Snowman,C2161,,,,,,,,,3,14.75,12,13.275,,,3,Honeyme400,Honeyme160,https://cdn11.bigcommerce.com/s-lbfvygiv1l/images/stencil/original/products/3553/8322/C2161__69165.1621442018.jpg,C2161__69165.1621442018.jpg,,,Honeyme800,C2161__69165.1621442018.jpg
C2162 Omar the Snowman,C2162,,,,,,,,,3,14.75,12,13.275,,,3,Honeyme400,Honeyme160,https://cdn11.bigcommerce.com/s-lbfvygiv1l/images/stencil/original/products/3554/8323/C2162__07477.1621442042.jpg,C2162__07477.1621442042.jpg,,,Honeyme800,C2162__07477.1621442042.jpg
C2163 Odell the Snowman,C2163,,,,,,,,,3,12.25,12,11.025,,,3,Honeyme400,Honeyme160,https://cdn11.bigcommerce.com/s-lbfvygiv1l/images/stencil/original/products/3555/8324/C2163__18131.1621442072.jpg,C2163__18131.1621442072.jpg,,,Honeyme800,C2163__18131.1621442072.jpg
C2164 Odie the Snowman,C2164,,,,,,,,,3,12.25,12,11.025,,,3,Honeyme400,Honeyme160,https://cdn11.bigcommerce.com/s-lbfvygiv1l/images/stencil/original/products/3556/8325/C2164___94358.1621442110.jpg,C2164___94358.1621442110.jpg,,,Honeyme800,C2164___94358.1621442110.jpg
C2165 Oz the Snowman,C2165,,,,,,,,,3,12.25,12,11.025,,,3,Honeyme400,Honeyme160,https://cdn11.bigcommerce.com/s-lbfvygiv1l/images/stencil/original/products/3557/8326/C2165___54676.1621442133.jpg,C2165___54676.1621442133.jpg,,,Honeyme800,C2165___54676.1621442133.jpg
C2166 Snowman Ornament with Knitted Hat Set (4A),C2166,,,,,,,,,2,22.5,8,20.25,,,2,Honeyme400,Honeyme160,https://cdn11.bigcommerce.com/s-lbfvygiv1l/images/stencil/original/products/3558/8327/C2166__82154.1621442174.jpg,C2166__82154.1621442174.jpg,,,Honeyme800,C2166__82154.1621442174.jpg
C2167 Snowman Wand with Knitted Hat Set (4A),C2167,,,,,,,,,2,24.75,8,22.275,,,2,Honeyme400,Honeyme160,https://cdn11.bigcommerce.com/s-lbfvygiv1l/images/stencil/original/products/3559/8328/C2167__68748.1621442295.jpg,C2167__68748.1621442295.jpg,,,Honeyme800,C2167__68748.1621442295.jpg
C2172 Small Tea-Dyed Snowman Head Ornament,C2172,,,,,,,,,12,3.5,48,3.15,,,12,Honeyme400,Honeyme160,https://cdn11.bigcommerce.com/s-lbfvygiv1l/images/stencil/original/products/3562/8331/C2172___36788.1621445106.jpg,C2172___36788.1621445106.jpg,,,Honeyme800,C2172___36788.1621445106.jpg
C2191 Snowy Snowmen Wand Set (3A),C2191,,,,,,,,,2,18.5,8,16.65,,,2,Honeyme400,Honeyme160,https://cdn11.bigcommerce.com/s-lbfvygiv1l/images/stencil/original/products/3564/8333/C2191__49926.1621445991.jpg,C2191__49926.1621445991.jpg,,,Honeyme800,C2191__49926.1621445991.jpg
C2192 Tiny Tea-Dyed Snowman Head Ornament,C2192,,,,,,,,,18,2,72,1.8,,,18,Honeyme400,Honeyme160,https://cdn11.bigcommerce.com/s-lbfvygiv1l/images/stencil/original/products/3565/8334/C2192__68135.1621446133.jpg,C2192__68135.1621446133.jpg,,,Honeyme800,C2192__68135.1621446133.jpg
E181418 Willow -Grey Wristlet,E181418,,,Instock,,,,"SIZE:
5""w X 8""h (6"" strap)",,3,9.25,12,8.325,,,3,Honeyme400,Honeyme160,https://cdn11.bigcommerce.com/s-lbfvygiv1l/images/stencil/original/products/2542/7286/E181418__02394__58733__16489.1588631624.jpg,E181418__02394__58733__16489.1588631624.jpg,,,Honeyme800,E181418__02394__58733__16489.1588631624.jpg
C2190 Snowy Snowmen Ornament Set (3A),C2190,,,,,,,,,2,17,8,15.3,,,2,Honeyme400,Honeyme160,https://cdn11.bigcommerce.com/s-lbfvygiv1l/images/stencil/original/products/3563/8332/C2190__01651.1621445659.jpg,C2190__01651.1621445659.jpg,,,Honeyme800,C2190__01651.1621445659.jpg
S2118 Spring Gnome Ornament Set (3A),S2118,,,,,,,,,2,16,8,14.4,,,2,Honeyme400,Honeyme160,https://cdn11.bigcommerce.com/s-lbfvygiv1l/images/stencil/original/products/3510/8246/S2118__23222.1611339337.jpg,S2118__23222.1611339337.jpg,,,Honeyme800,S2118__23222.1611339337.jpg
S2119 Spring Gnome Wand Set (3A),S2119,,,,,,,,,2,17.75,8,15.975,,,2,Honeyme400,Honeyme160,https://cdn11.bigcommerce.com/s-lbfvygiv1l/images/stencil/original/products/3511/8247/S2119__77709.1611339361.jpg,S2119__77709.1611339361.jpg,,,Honeyme800,S2119__77709.1611339361.jpg
E19800 Peyton Large Slate Messenger Bag,E19800,,,Instock,,,,"SIZE:
13""w X 13-1/2""h (22""l strap)",,1,34,4,30.6,,,1,Honeyme400,Honeyme160,https://cdn11.bigcommerce.com/s-lbfvygiv1l/images/stencil/original/products/2948/8261/E19800__08817.1613676350.jpg,E19800__08817.1613676350.jpg,,,Honeyme800,E19800__08817.1613676350.jpg
E19800 Peyton Large Slate Messenger Bag,E19800,,,Instock,,,,"SIZE:
13""w X 13-1/2""h (22""l strap)",,1,34,4,30.6,,,1,Honeyme400,Honeyme160,https://cdn11.bigcommerce.com/s-lbfvygiv1l/images/stencil/original/products/2948/8261/E19800__08817.1613676350.jpg,E19800__08817.1613676350.jpg,,,Honeyme800,E19800__08817.1613676350.jpg
E19800 Peyton Large Slate Messenger Bag,E19800,,,Instock,,,,"SIZE:
13""w X 13-1/2""h (22""l strap)",,1,34,4,30.6,,,1,Honeyme400,Honeyme160,https://cdn11.bigcommerce.com/s-lbfvygiv1l/images/stencil/original/products/2948/8261/E19800__08817.1613676350.jpg,E19800__08817.1613676350.jpg,,,Honeyme800,E19800__08817.1613676350.jpg
E19800 Peyton Large Slate Messenger Bag,E19800,,,Instock,,,,"SIZE:
13""w X 13-1/2""h (22""l strap)",,1,34,4,30.6,,,1,Honeyme400,Honeyme160,https://cdn11.bigcommerce.com/s-lbfvygiv1l/images/stencil/original/products/2948/8261/E19800__08817.1613676350.jpg,E19800__08817.1613676350.jpg,,,Honeyme800,E19800__08817.1613676350.jpg
E19800 Peyton Large Slate Messenger Bag,E19800,,,Instock,,,,"SIZE:
13""w X 13-1/2""h (22""l strap)",,1,34,4,30.6,,,1,Honeyme400,Honeyme160,https://cdn11.bigcommerce.com/s-lbfvygiv1l/images/stencil/original/products/2948/8261/E19800__08817.1613676350.jpg,E19800__08817.1613676350.jpg,,,Honeyme800,E19800__08817.1613676350.jpg
E19800 Peyton Large Slate Messenger Bag,E19800,,,Instock,,,,"SIZE:
13""w X 13-1/2""h (22""l strap)",,1,34,4,30.6,,,1,Honeyme400,Honeyme160,https://cdn11.bigcommerce.com/s-lbfvygiv1l/images/stencil/original/products/2948/8261/E19800__08817.1613676350.jpg,E19800__08817.1613676350.jpg,,,Honeyme800,E19800__08817.1613676350.jpg
E19800 Peyton Large Slate Messenger Bag,E19800,,,Instock,,,,"SIZE:
13""w X 13-1/2""h (22""l strap)",,1,34,4,30.6,,,1,Honeyme400,Honeyme160,https://cdn11.bigcommerce.com/s-lbfvygiv1l/images/stencil/original/products/2948/8261/E19800__08817.1613676350.jpg,E19800__08817.1613676350.jpg,,,Honeyme800,E19800__08817.1613676350.jpg
E19800 Peyton Large Slate Messenger Bag,E19800,,,Instock,,,,"SIZE:
13""w X 13-1/2""h (22""l strap)",,1,34,4,30.6,,,1,Honeyme400,Honeyme160,https://cdn11.bigcommerce.com/s-lbfvygiv1l/images/stencil/original/products/2948/8261/E19800__08817.1613676350.jpg,E19800__08817.1613676350.jpg,,,Honeyme800,E19800__08817.1613676350.jpg
E19800 Peyton Large Slate Messenger Bag,E19800,,,Instock,,,,"SIZE:
13""w X 13-1/2""h (22""l strap)",,1,34,4,30.6,,,1,Honeyme400,Honeyme160,https://cdn11.bigcommerce.com/s-lbfvygiv1l/images/stencil/original/products/2948/8261/E19800__08817.1613676350.jpg,E19800__08817.1613676350.jpg,,,Honeyme800,E19800__08817.1613676350.jpg
E19800 Peyton Large Slate Messenger Bag,E19800,,,Instock,,,,"SIZE:
13""w X 13-1/2""h (22""l strap)",,1,34,4,30.6,,,1,Honeyme400,Honeyme160,https://cdn11.bigcommerce.com/s-lbfvygiv1l/images/stencil/original/products/2948/8261/E19800__08817.1613676350.jpg,E19800__08817.1613676350.jpg,,,Honeyme800,E19800__08817.1613676350.jpg
E19800 Peyton Large Slate Messenger Bag,E19800,,,Instock,,,,"SIZE:
13""w X 13-1/2""h (22""l strap)",,1,34,4,30.6,,,1,Honeyme400,Honeyme160,https://cdn11.bigcommerce.com/s-lbfvygiv1l/images/stencil/original/products/2948/8261/E19800__08817.1613676350.jpg,E19800__08817.1613676350.jpg,,,Honeyme800,E19800__08817.1613676350.jpg
E19800 Peyton Large Slate Messenger Bag,E19800,,,Instock,,,,"SIZE:
13""w X 13-1/2""h (22""l strap)",,1,34,4,30.6,,,1,Honeyme400,Honeyme160,https://cdn11.bigcommerce.com/s-lbfvygiv1l/images/stencil/original/products/2948/8261/E19800__08817.1613676350.jpg,E19800__08817.1613676350.jpg,,,Honeyme800,E19800__08817.1613676350.jpg
F18526 Long Farmers Harvest Market Decor,F18526,,,6/1/2022,,,,"SIZE:
21""w X 8""h",,2,17.75,8,15.975,,,2,Honeyme400,Honeyme160,https://cdn11.bigcommerce.com/s-lbfvygiv1l/images/stencil/original/products/2715/7458/f18526__29254__68543__21602.1588631668.jpg,f18526__29254__68543__21602.1588631668.jpg,,,Honeyme800,f18526__29254__68543__21602.1588631668.jpg
F18526 Long Farmers Harvest Market Decor,F18526,,,6/1/2022,,,,"SIZE:
21""w X 8""h",,2,17.75,8,15.975,,,2,Honeyme400,Honeyme160,https://cdn11.bigcommerce.com/s-lbfvygiv1l/images/stencil/original/products/2715/7458/f18526__29254__68543__21602.1588631668.jpg,f18526__29254__68543__21602.1588631668.jpg,,,Honeyme800,f18526__29254__68543__21602.1588631668.jpg
F18526 Long Farmers Harvest Market Decor,F18526,,,6/1/2022,,,,"SIZE:
21""w X 8""h",,2,17.75,8,15.975,,,2,Honeyme400,Honeyme160,https://cdn11.bigcommerce.com/s-lbfvygiv1l/images/stencil/original/products/2715/7458/f18526__29254__68543__21602.1588631668.jpg,f18526__29254__68543__21602.1588631668.jpg,,,Honeyme800,f18526__29254__68543__21602.1588631668.jpg
F18526 Long Farmers Harvest Market Decor,F18526,,,6/1/2022,,,,"SIZE:
21""w X 8""h",,2,17.75,8,15.975,,,2,Honeyme400,Honeyme160,https://cdn11.bigcommerce.com/s-lbfvygiv1l/images/stencil/original/products/2715/7458/f18526__29254__68543__21602.1588631668.jpg,f18526__29254__68543__21602.1588631668.jpg,,,Honeyme800,f18526__29254__68543__21602.1588631668.jpg
F18526 Long Farmers Harvest Market Decor,F18526,,,6/1/2022,,,,"SIZE:
21""w X 8""h",,2,17.75,8,15.975,,,2,Honeyme400,Honeyme160,https://cdn11.bigcommerce.com/s-lbfvygiv1l/images/stencil/original/products/2715/7458/f18526__29254__68543__21602.1588631668.jpg,f18526__29254__68543__21602.1588631668.jpg,,,Honeyme800,f18526__29254__68543__21602.1588631668.jpg
F18526 Long Farmers Harvest Market Decor,F18526,,,6/1/2022,,,,"SIZE:
21""w X 8""h",,2,17.75,8,15.975,,,2,Honeyme400,Honeyme160,https://cdn11.bigcommerce.com/s-lbfvygiv1l/images/stencil/original/products/2715/7458/f18526__29254__68543__21602.1588631668.jpg,f18526__29254__68543__21602.1588631668.jpg,,,Honeyme800,f18526__29254__68543__21602.1588631668.jpg
F18526 Long Farmers Harvest Market Decor,F18526,,,6/1/2022,,,,"SIZE:
21""w X 8""h",,2,17.75,8,15.975,,,2,Honeyme400,Honeyme160,https://cdn11.bigcommerce.com/s-lbfvygiv1l/images/stencil/original/products/2715/7458/f18526__29254__68543__21602.1588631668.jpg,f18526__29254__68543__21602.1588631668.jpg,,,Honeyme800,f18526__29254__68543__21602.1588631668.jpg
F18526 Long Farmers Harvest Market Decor,F18526,,,6/1/2022,,,,"SIZE:
21""w X 8""h",,2,17.75,8,15.975,,,2,Honeyme400,Honeyme160,https://cdn11.bigcommerce.com/s-lbfvygiv1l/images/stencil/original/products/2715/7458/f18526__29254__68543__21602.1588631668.jpg,f18526__29254__68543__21602.1588631668.jpg,,,Honeyme800,f18526__29254__68543__21602.1588631668.jpg
F18526 Long Farmers Harvest Market Decor,F18526,,,6/1/2022,,,,"SIZE:
21""w X 8""h",,2,17.75,8,15.975,,,2,Honeyme400,Honeyme160,https://cdn11.bigcommerce.com/s-lbfvygiv1l/images/stencil/original/products/2715/7458/f18526__29254__68543__21602.1588631668.jpg,f18526__29254__68543__21602.1588631668.jpg,,,Honeyme800,f18526__29254__68543__21602.1588631668.jpg
F18526 Long Farmers Harvest Market Decor,F18526,,,6/1/2022,,,,"SIZE:
21""w X 8""h",,2,17.75,8,15.975,,,2,Honeyme400,Honeyme160,https://cdn11.bigcommerce.com/s-lbfvygiv1l/images/stencil/original/products/2715/7458/f18526__29254__68543__21602.1588631668.jpg,f18526__29254__68543__21602.1588631668.jpg,,,Honeyme800,f18526__29254__68543__21602.1588631668.jpg
F18526 Long Farmers Harvest Market Decor,F18526,,,6/1/2022,,,,"SIZE:
21""w X 8""h",,2,17.75,8,15.975,,,2,Honeyme400,Honeyme160,https://cdn11.bigcommerce.com/s-lbfvygiv1l/images/stencil/original/products/2715/7458/f18526__29254__68543__21602.1588631668.jpg,f18526__29254__68543__21602.1588631668.jpg,,,Honeyme800,f18526__29254__68543__21602.1588631668.jpg
F18526 Long Farmers Harvest Market Decor,F18526,,,6/1/2022,,,,"SIZE:
21""w X 8""h",,2,17.75,8,15.975,,,2,Honeyme400,Honeyme160,https://cdn11.bigcommerce.com/s-lbfvygiv1l/images/stencil/original/products/2715/7458/f18526__29254__68543__21602.1588631668.jpg,f18526__29254__68543__21602.1588631668.jpg,,,Honeyme800,f18526__29254__68543__21602.1588631668.jpg
F18526 Long Farmers Harvest Market Decor,F18526,,,6/1/2022,,,,"SIZE:
21""w X 8""h",,2,17.75,8,15.975,,,2,Honeyme400,Honeyme160,https://cdn11.bigcommerce.com/s-lbfvygiv1l/images/stencil/original/products/2715/7458/f18526__29254__68543__21602.1588631668.jpg,f18526__29254__68543__21602.1588631668.jpg,,,Honeyme800,f18526__29254__68543__21602.1588631668.jpg
F18526 Long Farmers Harvest Market Decor,F18526,,,6/1/2022,,,,"SIZE:
21""w X 8""h",,2,17.75,8,15.975,,,2,Honeyme400,Honeyme160,https://cdn11.bigcommerce.com/s-lbfvygiv1l/images/stencil/original/products/2715/7458/f18526__29254__68543__21602.1588631668.jpg,f18526__29254__68543__21602.1588631668.jpg,,,Honeyme800,f18526__29254__68543__21602.1588631668.jpg
F18526 Long Farmers Harvest Market Decor,F18526,,,6/1/2022,,,,"SIZE:
21""w X 8""h",,2,17.75,8,15.975,,,2,Honeyme400,Honeyme160,https://cdn11.bigcommerce.com/s-lbfvygiv1l/images/stencil/original/products/2715/7458/f18526__29254__68543__21602.1588631668.jpg,f18526__29254__68543__21602.1588631668.jpg,,,Honeyme800,f18526__29254__68543__21602.1588631668.jpg
F18526 Long Farmers Harvest Market Decor,F18526,,,6/1/2022,,,,"SIZE:
21""w X 8""h",,2,17.75,8,15.975,,,2,Honeyme400,Honeyme160,https://cdn11.bigcommerce.com/s-lbfvygiv1l/images/stencil/original/products/2715/7458/f18526__29254__68543__21602.1588631668.jpg,f18526__29254__68543__21602.1588631668.jpg,,,Honeyme800,f18526__29254__68543__21602.1588631668.jpg
F18526 Long Farmers Harvest Market Decor,F18526,,,6/1/2022,,,,"SIZE:
21""w X 8""h",,2,17.75,8,15.975,,,2,Honeyme400,Honeyme160,https://cdn11.bigcommerce.com/s-lbfvygiv1l/images/stencil/original/products/2715/7458/f18526__29254__68543__21602.1588631668.jpg,f18526__29254__68543__21602.1588631668.jpg,,,Honeyme800,f18526__29254__68543__21602.1588631668.jpg
F18526 Long Farmers Harvest Market Decor,F18526,,,6/1/2022,,,,"SIZE:
21""w X 8""h",,2,17.75,8,15.975,,,2,Honeyme400,Honeyme160,https://cdn11.bigcommerce.com/s-lbfvygiv1l/images/stencil/original/products/2715/7458/f18526__29254__68543__21602.1588631668.jpg,f18526__29254__68543__21602.1588631668.jpg,,,Honeyme800,f18526__29254__68543__21602.1588631668.jpg
F18526 Long Farmers Harvest Market Decor,F18526,,,6/1/2022,,,,"SIZE:
21""w X 8""h",,2,17.75,8,15.975,,,2,Honeyme400,Honeyme160,https://cdn11.bigcommerce.com/s-lbfvygiv1l/images/stencil/original/products/2715/7458/f18526__29254__68543__21602.1588631668.jpg,f18526__29254__68543__21602.1588631668.jpg,,,Honeyme800,f18526__29254__68543__21602.1588631668.jpg
F18526 Long Farmers Harvest Market Decor,F18526,,,6/1/2022,,,,"SIZE:
21""w X 8""h",,2,17.75,8,15.975,,,2,Honeyme400,Honeyme160,https://cdn11.bigcommerce.com/s-lbfvygiv1l/images/stencil/original/products/2715/7458/f18526__29254__68543__21602.1588631668.jpg,f18526__29254__68543__21602.1588631668.jpg,,,Honeyme800,f18526__29254__68543__21602.1588631668.jpg
F18526 Long Farmers Harvest Market Decor,F18526,,,6/1/2022,,,,"SIZE:
21""w X 8""h",,2,17.75,8,15.975,,,2,Honeyme400,Honeyme160,https://cdn11.bigcommerce.com/s-lbfvygiv1l/images/stencil/original/products/2715/7458/f18526__29254__68543__21602.1588631668.jpg,f18526__29254__68543__21602.1588631668.jpg,,,Honeyme800,f18526__29254__68543__21602.1588631668.jpg
F18526 Long Farmers Harvest Market Decor,F18526,,,6/1/2022,,,,"SIZE:
21""w X 8""h",,2,17.75,8,15.975,,,2,Honeyme400,Honeyme160,https://cdn11.bigcommerce.com/s-lbfvygiv1l/images/stencil/original/products/2715/7458/f18526__29254__68543__21602.1588631668.jpg,f18526__29254__68543__21602.1588631668.jpg,,,Honeyme800,f18526__29254__68543__21602.1588631668.jpg
F18526 Long Farmers Harvest Market Decor,F18526,,,6/1/2022,,,,"SIZE:
21""w X 8""h",,2,17.75,8,15.975,,,2,Honeyme400,Honeyme160,https://cdn11.bigcommerce.com/s-lbfvygiv1l/images/stencil/original/products/2715/7458/f18526__29254__68543__21602.1588631668.jpg,f18526__29254__68543__21602.1588631668.jpg,,,Honeyme800,f18526__29254__68543__21602.1588631668.jpg
F18526 Long Farmers Harvest Market Decor,F18526,,,6/1/2022,,,,"SIZE:
21""w X 8""h",,2,17.75,8,15.975,,,2,Honeyme400,Honeyme160,https://cdn11.bigcommerce.com/s-lbfvygiv1l/images/stencil/original/products/2715/7458/f18526__29254__68543__21602.1588631668.jpg,f18526__29254__68543__21602.1588631668.jpg,,,Honeyme800,f18526__29254__68543__21602.1588631668.jpg
F18526 Long Farmers Harvest Market Decor,F18526,,,6/1/2022,,,,"SIZE:
21""w X 8""h",,2,17.75,8,15.975,,,2,Honeyme400,Honeyme160,https://cdn11.bigcommerce.com/s-lbfvygiv1l/images/stencil/original/products/2715/7458/f18526__29254__68543__21602.1588631668.jpg,f18526__29254__68543__21602.1588631668.jpg,,,Honeyme800,f18526__29254__68543__21602.1588631668.jpg
F18526 Long Farmers Harvest Market Decor,F18526,,,6/1/2022,,,,"SIZE:
21""w X 8""h",,2,17.75,8,15.975,,,2,Honeyme400,Honeyme160,https://cdn11.bigcommerce.com/s-lbfvygiv1l/images/stencil/original/products/2715/7458/f18526__29254__68543__21602.1588631668.jpg,f18526__29254__68543__21602.1588631668.jpg,,,Honeyme800,f18526__29254__68543__21602.1588631668.jpg
F18526 Long Farmers Harvest Market Decor,F18526,,,6/1/2022,,,,"SIZE:
21""w X 8""h",,2,17.75,8,15.975,,,2,Honeyme400,Honeyme160,https://cdn11.bigcommerce.com/s-lbfvygiv1l/images/stencil/original/products/2715/7458/f18526__29254__68543__21602.1588631668.jpg,f18526__29254__68543__21602.1588631668.jpg,,,Honeyme800,f18526__29254__68543__21602.1588631668.jpg
F18526 Long Farmers Harvest Market Decor,F18526,,,6/1/2022,,,,"SIZE:
21""w X 8""h",,2,17.75,8,15.975,,,2,Honeyme400,Honeyme160,https://cdn11.bigcommerce.com/s-lbfvygiv1l/images/stencil/original/products/2715/7458/f18526__29254__68543__21602.1588631668.jpg,f18526__29254__68543__21602.1588631668.jpg,,,Honeyme800,f18526__29254__68543__21602.1588631668.jpg
F18526 Long Farmers Harvest Market Decor,F18526,,,6/1/2022,,,,"SIZE:
21""w X 8""h",,2,17.75,8,15.975,,,2,Honeyme400,Honeyme160,https://cdn11.bigcommerce.com/s-lbfvygiv1l/images/stencil/original/products/2715/7458/f18526__29254__68543__21602.1588631668.jpg,f18526__29254__68543__21602.1588631668.jpg,,,Honeyme800,f18526__29254__68543__21602.1588631668.jpg
F18526 Long Farmers Harvest Market Decor,F18526,,,6/1/2022,,,,"SIZE:
21""w X 8""h",,2,17.75,8,15.975,,,2,Honeyme400,Honeyme160,https://cdn11.bigcommerce.com/s-lbfvygiv1l/images/stencil/original/products/2715/7458/f18526__29254__68543__21602.1588631668.jpg,f18526__29254__68543__21602.1588631668.jpg,,,Honeyme800,f18526__29254__68543__21602.1588631668.jpg
F18526 Long Farmers Harvest Market Decor,F18526,,,6/1/2022,,,,"SIZE:
21""w X 8""h",,2,17.75,8,15.975,,,2,Honeyme400,Honeyme160,https://cdn11.bigcommerce.com/s-lbfvygiv1l/images/stencil/original/products/2715/7458/f18526__29254__68543__21602.1588631668.jpg,f18526__29254__68543__21602.1588631668.jpg,,,Honeyme800,f18526__29254__68543__21602.1588631668.jpg
F18526 Long Farmers Harvest Market Decor,F18526,,,6/1/2022,,,,"SIZE:
21""w X 8""h",,2,17.75,8,15.975,,,2,Honeyme400,Honeyme160,https://cdn11.bigcommerce.com/s-lbfvygiv1l/images/stencil/original/products/2715/7458/f18526__29254__68543__21602.1588631668.jpg,f18526__29254__68543__21602.1588631668.jpg,,,Honeyme800,f18526__29254__68543__21602.1588631668.jpg
F18526 Long Farmers Harvest Market Decor,F18526,,,6/1/2022,,,,"SIZE:
21""w X 8""h",,2,17.75,8,15.975,,,2,Honeyme400,Honeyme160,https://cdn11.bigcommerce.com/s-lbfvygiv1l/images/stencil/original/products/2715/7458/f18526__29254__68543__21602.1588631668.jpg,f18526__29254__68543__21602.1588631668.jpg,,,Honeyme800,f18526__29254__68543__21602.1588631668.jpg
F18526 Long Farmers Harvest Market Decor,F18526,,,6/1/2022,,,,"SIZE:
21""w X 8""h",,2,17.75,8,15.975,,,2,Honeyme400,Honeyme160,https://cdn11.bigcommerce.com/s-lbfvygiv1l/images/stencil/original/products/2715/7458/f18526__29254__68543__21602.1588631668.jpg,f18526__29254__68543__21602.1588631668.jpg,,,Honeyme800,f18526__29254__68543__21602.1588631668.jpg
F18526 Long Farmers Harvest Market Decor,F18526,,,6/1/2022,,,,"SIZE:
21""w X 8""h",,2,17.75,8,15.975,,,2,Honeyme400,Honeyme160,https://cdn11.bigcommerce.com/s-lbfvygiv1l/images/stencil/original/products/2715/7458/f18526__29254__68543__21602.1588631668.jpg,f18526__29254__68543__21602.1588631668.jpg,,,Honeyme800,f18526__29254__68543__21602.1588631668.jpg
F18526 Long Farmers Harvest Market Decor,F18526,,,6/1/2022,,,,"SIZE:
21""w X 8""h",,2,17.75,8,15.975,,,2,Honeyme400,Honeyme160,https://cdn11.bigcommerce.com/s-lbfvygiv1l/images/stencil/original/products/2715/7458/f18526__29254__68543__21602.1588631668.jpg,f18526__29254__68543__21602.1588631668.jpg,,,Honeyme800,f18526__29254__68543__21602.1588631668.jpg
F18526 Long Farmers Harvest Market Decor,F18526,,,6/1/2022,,,,"SIZE:
21""w X 8""h",,2,17.75,8,15.975,,,2,Honeyme400,Honeyme160,https://cdn11.bigcommerce.com/s-lbfvygiv1l/images/stencil/original/products/2715/7458/f18526__29254__68543__21602.1588631668.jpg,f18526__29254__68543__21602.1588631668.jpg,,,Honeyme800,f18526__29254__68543__21602.1588631668.jpg
F18526 Long Farmers Harvest Market Decor,F18526,,,6/1/2022,,,,"SIZE:
21""w X 8""h",,2,17.75,8,15.975,,,2,Honeyme400,Honeyme160,https://cdn11.bigcommerce.com/s-lbfvygiv1l/images/stencil/original/products/2715/7458/f18526__29254__68543__21602.1588631668.jpg,f18526__29254__68543__21602.1588631668.jpg,,,Honeyme800,f18526__29254__68543__21602.1588631668.jpg
F18526 Long Farmers Harvest Market Decor,F18526,,,6/1/2022,,,,"SIZE:
21""w X 8""h",,2,17.75,8,15.975,,,2,Honeyme400,Honeyme160,https://cdn11.bigcommerce.com/s-lbfvygiv1l/images/stencil/original/products/2715/7458/f18526__29254__68543__21602.1588631668.jpg,f18526__29254__68543__21602.1588631668.jpg,,,Honeyme800,f18526__29254__68543__21602.1588631668.jpg
F18526 Long Farmers Harvest Market Decor,F18526,,,6/1/2022,,,,"SIZE:
21""w X 8""h",,2,17.75,8,15.975,,,2,Honeyme400,Honeyme160,https://cdn11.bigcommerce.com/s-lbfvygiv1l/images/stencil/original/products/2715/7458/f18526__29254__68543__21602.1588631668.jpg,f18526__29254__68543__21602.1588631668.jpg,,,Honeyme800,f18526__29254__68543__21602.1588631668.jpg
F18526 Long Farmers Harvest Market Decor,F18526,,,6/1/2022,,,,"SIZE:
21""w X 8""h",,2,17.75,8,15.975,,,2,Honeyme400,Honeyme160,https://cdn11.bigcommerce.com/s-lbfvygiv1l/images/stencil/original/products/2715/7458/f18526__29254__68543__21602.1588631668.jpg,f18526__29254__68543__21602.1588631668.jpg,,,Honeyme800,f18526__29254__68543__21602.1588631668.jpg
F18526 Long Farmers Harvest Market Decor,F18526,,,6/1/2022,,,,"SIZE:
21""w X 8""h",,2,17.75,8,15.975,,,2,Honeyme400,Honeyme160,https://cdn11.bigcommerce.com/s-lbfvygiv1l/images/stencil/original/products/2715/7458/f18526__29254__68543__21602.1588631668.jpg,f18526__29254__68543__21602.1588631668.jpg,,,Honeyme800,f18526__29254__68543__21602.1588631668.jpg
F18526 Long Farmers Harvest Market Decor,F18526,,,6/1/2022,,,,"SIZE:
21""w X 8""h",,2,17.75,8,15.975,,,2,Honeyme400,Honeyme160,https://cdn11.bigcommerce.com/s-lbfvygiv1l/images/stencil/original/products/2715/7458/f18526__29254__68543__21602.1588631668.jpg,f18526__29254__68543__21602.1588631668.jpg,,,Honeyme800,f18526__29254__68543__21602.1588631668.jpg
F18526 Long Farmers Harvest Market Decor,F18526,,,6/1/2022,,,,"SIZE:
21""w X 8""h",,2,17.75,8,15.975,,,2,Honeyme400,Honeyme160,https://cdn11.bigcommerce.com/s-lbfvygiv1l/images/stencil/original/products/2715/7458/f18526__29254__68543__21602.1588631668.jpg,f18526__29254__68543__21602.1588631668.jpg,,,Honeyme800,f18526__29254__68543__21602.1588631668.jpg
F18526 Long Farmers Harvest Market Decor,F18526,,,6/1/2022,,,,"SIZE:
21""w X 8""h",,2,17.75,8,15.975,,,2,Honeyme400,Honeyme160,https://cdn11.bigcommerce.com/s-lbfvygiv1l/images/stencil/original/products/2715/7458/f18526__29254__68543__21602.1588631668.jpg,f18526__29254__68543__21602.1588631668.jpg,,,Honeyme800,f18526__29254__68543__21602.1588631668.jpg
F18526 Long Farmers Harvest Market Decor,F18526,,,6/1/2022,,,,"SIZE:
21""w X 8""h",,2,17.75,8,15.975,,,2,Honeyme400,Honeyme160,https://cdn11.bigcommerce.com/s-lbfvygiv1l/images/stencil/original/products/2715/7458/f18526__29254__68543__21602.1588631668.jpg,f18526__29254__68543__21602.1588631668.jpg,,,Honeyme800,f18526__29254__68543__21602.1588631668.jpg
F18526 Long Farmers Harvest Market Decor,F18526,,,6/1/2022,,,,"SIZE:
21""w X 8""h",,2,17.75,8,15.975,,,2,Honeyme400,Honeyme160,https://cdn11.bigcommerce.com/s-lbfvygiv1l/images/stencil/original/products/2715/7458/f18526__29254__68543__21602.1588631668.jpg,f18526__29254__68543__21602.1588631668.jpg,,,Honeyme800,f18526__29254__68543__21602.1588631668.jpg
F18526 Long Farmers Harvest Market Decor,F18526,,,6/1/2022,,,,"SIZE:
21""w X 8""h",,2,17.75,8,15.975,,,2,Honeyme400,Honeyme160,https://cdn11.bigcommerce.com/s-lbfvygiv1l/images/stencil/original/products/2715/7458/f18526__29254__68543__21602.1588631668.jpg,f18526__29254__68543__21602.1588631668.jpg,,,Honeyme800,f18526__29254__68543__21602.1588631668.jpg
F18526 Long Farmers Harvest Market Decor,F18526,,,6/1/2022,,,,"SIZE:
21""w X 8""h",,2,17.75,8,15.975,,,2,Honeyme400,Honeyme160,https://cdn11.bigcommerce.com/s-lbfvygiv1l/images/stencil/original/products/2715/7458/f18526__29254__68543__21602.1588631668.jpg,f18526__29254__68543__21602.1588631668.jpg,,,Honeyme800,f18526__29254__68543__21602.1588631668.jpg
F18526 Long Farmers Harvest Market Decor,F18526,,,6/1/2022,,,,"SIZE:
21""w X 8""h",,2,17.75,8,15.975,,,2,Honeyme400,Honeyme160,https://cdn11.bigcommerce.com/s-lbfvygiv1l/images/stencil/original/products/2715/7458/f18526__29254__68543__21602.1588631668.jpg,f18526__29254__68543__21602.1588631668.jpg,,,Honeyme800,f18526__29254__68543__21602.1588631668.jpg
F18526 Long Farmers Harvest Market Decor,F18526,,,6/1/2022,,,,"SIZE:
21""w X 8""h",,2,17.75,8,15.975,,,2,Honeyme400,Honeyme160,https://cdn11.bigcommerce.com/s-lbfvygiv1l/images/stencil/original/products/2715/7458/f18526__29254__68543__21602.1588631668.jpg,f18526__29254__68543__21602.1588631668.jpg,,,Honeyme800,f18526__29254__68543__21602.1588631668.jpg
F18526 Long Farmers Harvest Market Decor,F18526,,,6/1/2022,,,,"SIZE:
21""w X 8""h",,2,17.75,8,15.975,,,2,Honeyme400,Honeyme160,https://cdn11.bigcommerce.com/s-lbfvygiv1l/images/stencil/original/products/2715/7458/f18526__29254__68543__21602.1588631668.jpg,f18526__29254__68543__21602.1588631668.jpg,,,Honeyme800,f18526__29254__68543__21602.1588631668.jpg
F18526 Long Farmers Harvest Market Decor,F18526,,,6/1/2022,,,,"SIZE:
21""w X 8""h",,2,17.75,8,15.975,,,2,Honeyme400,Honeyme160,https://cdn11.bigcommerce.com/s-lbfvygiv1l/images/stencil/original/products/2715/7458/f18526__29254__68543__21602.1588631668.jpg,f18526__29254__68543__21602.1588631668.jpg,,,Honeyme800,f18526__29254__68543__21602.1588631668.jpg
F18526 Long Farmers Harvest Market Decor,F18526,,,6/1/2022,,,,"SIZE:
21""w X 8""h",,2,17.75,8,15.975,,,2,Honeyme400,Honeyme160,https://cdn11.bigcommerce.com/s-lbfvygiv1l/images/stencil/original/products/2715/7458/f18526__29254__68543__21602.1588631668.jpg,f18526__29254__68543__21602.1588631668.jpg,,,Honeyme800,f18526__29254__68543__21602.1588631668.jpg
F18526 Long Farmers Harvest Market Decor,F18526,,,6/1/2022,,,,"SIZE:
21""w X 8""h",,2,17.75,8,15.975,,,2,Honeyme400,Honeyme160,https://cdn11.bigcommerce.com/s-lbfvygiv1l/images/stencil/original/products/2715/7458/f18526__29254__68543__21602.1588631668.jpg,f18526__29254__68543__21602.1588631668.jpg,,,Honeyme800,f18526__29254__68543__21602.1588631668.jpg
F18526 Long Farmers Harvest Market Decor,F18526,,,6/1/2022,,,,"SIZE:
21""w X 8""h",,2,17.75,8,15.975,,,2,Honeyme400,Honeyme160,https://cdn11.bigcommerce.com/s-lbfvygiv1l/images/stencil/original/products/2715/7458/f18526__29254__68543__21602.1588631668.jpg,f18526__29254__68543__21602.1588631668.jpg,,,Honeyme800,f18526__29254__68543__21602.1588631668.jpg
F18526 Long Farmers Harvest Market Decor,F18526,,,6/1/2022,,,,"SIZE:
21""w X 8""h",,2,17.75,8,15.975,,,2,Honeyme400,Honeyme160,https://cdn11.bigcommerce.com/s-lbfvygiv1l/images/stencil/original/products/2715/7458/f18526__29254__68543__21602.1588631668.jpg,f18526__29254__68543__21602.1588631668.jpg,,,Honeyme800,f18526__29254__68543__21602.1588631668.jpg
F18526 Long Farmers Harvest Market Decor,F18526,,,6/1/2022,,,,"SIZE:
21""w X 8""h",,2,17.75,8,15.975,,,2,Honeyme400,Honeyme160,https://cdn11.bigcommerce.com/s-lbfvygiv1l/images/stencil/original/products/2715/7458/f18526__29254__68543__21602.1588631668.jpg,f18526__29254__68543__21602.1588631668.jpg,,,Honeyme800,f18526__29254__68543__21602.1588631668.jpg
E19800 Peyton Large Slate Messenger Bag,E19800,,,Instock,,,,"SIZE:
13""w X 13-1/2""h (22""l strap)",,1,34,4,30.6,,,1,Honeyme400,Honeyme160,https://cdn11.bigcommerce.com/s-lbfvygiv1l/images/stencil/original/products/2948/8261/E19800__08817.1613676350.jpg,E19800__08817.1613676350.jpg,,,Honeyme800,E19800__08817.1613676350.jpg
E19800 Peyton Large Slate Messenger Bag,E19800,,,Instock,,,,"SIZE:
13""w X 13-1/2""h (22""l strap)",,1,34,4,30.6,,,1,Honeyme400,Honeyme160,https://cdn11.bigcommerce.com/s-lbfvygiv1l/images/stencil/original/products/2948/8261/E19800__08817.1613676350.jpg,E19800__08817.1613676350.jpg,,,Honeyme800,E19800__08817.1613676350.jpg
E19800 Peyton Large Slate Messenger Bag,E19800,,,Instock,,,,"SIZE:
13""w X 13-1/2""h (22""l strap)",,1,34,4,30.6,,,1,Honeyme400,Honeyme160,https://cdn11.bigcommerce.com/s-lbfvygiv1l/images/stencil/original/products/2948/8261/E19800__08817.1613676350.jpg,E19800__08817.1613676350.jpg,,,Honeyme800,E19800__08817.1613676350.jpg
F18526 Long Farmers Harvest Market Decor,F18526,,,6/1/2022,,,,"SIZE:
21""w X 8""h",,2,17.75,8,15.975,,,2,Honeyme400,Honeyme160,https://cdn11.bigcommerce.com/s-lbfvygiv1l/images/stencil/original/products/2715/7458/f18526__29254__68543__21602.1588631668.jpg,f18526__29254__68543__21602.1588631668.jpg,,,Honeyme800,f18526__29254__68543__21602.1588631668.jpg
F18526 Long Farmers Harvest Market Decor,F18526,,,6/1/2022,,,,"SIZE:
21""w X 8""h",,2,17.75,8,15.975,,,2,Honeyme400,Honeyme160,https://cdn11.bigcommerce.com/s-lbfvygiv1l/images/stencil/original/products/2715/7458/f18526__29254__68543__21602.1588631668.jpg,f18526__29254__68543__21602.1588631668.jpg,,,Honeyme800,f18526__29254__68543__21602.1588631668.jpg
F18526 Long Farmers Harvest Market Decor,F18526,,,6/1/2022,,,,"SIZE:
21""w X 8""h",,2,17.75,8,15.975,,,2,Honeyme400,Honeyme160,https://cdn11.bigcommerce.com/s-lbfvygiv1l/images/stencil/original/products/2715/7458/f18526__29254__68543__21602.1588631668.jpg,f18526__29254__68543__21602.1588631668.jpg,,,Honeyme800,f18526__29254__68543__21602.1588631668.jpg
F18526 Long Farmers Harvest Market Decor,F18526,,,6/1/2022,,,,"SIZE:
21""w X 8""h",,2,17.75,8,15.975,,,2,Honeyme400,Honeyme160,https://cdn11.bigcommerce.com/s-lbfvygiv1l/images/stencil/original/products/2715/7458/f18526__29254__68543__21602.1588631668.jpg,f18526__29254__68543__21602.1588631668.jpg,,,Honeyme800,f18526__29254__68543__21602.1588631668.jpg
F18526 Long Farmers Harvest Market Decor,F18526,,,6/1/2022,,,,"SIZE:
21""w X 8""h",,2,17.75,8,15.975,,,2,Honeyme400,Honeyme160,https://cdn11.bigcommerce.com/s-lbfvygiv1l/images/stencil/original/products/2715/7458/f18526__29254__68543__21602.1588631668.jpg,f18526__29254__68543__21602.1588631668.jpg,,,Honeyme800,f18526__29254__68543__21602.1588631668.jpg
F18526 Long Farmers Harvest Market Decor,F18526,,,6/1/2022,,,,"SIZE:
21""w X 8""h",,2,17.75,8,15.975,,,2,Honeyme400,Honeyme160,https://cdn11.bigcommerce.com/s-lbfvygiv1l/images/stencil/original/products/2715/7458/f18526__29254__68543__21602.1588631668.jpg,f18526__29254__68543__21602.1588631668.jpg,,,Honeyme800,f18526__29254__68543__21602.1588631668.jpg
F18526 Long Farmers Harvest Market Decor,F18526,,,6/1/2022,,,,"SIZE:
21""w X 8""h",,2,17.75,8,15.975,,,2,Honeyme400,Honeyme160,https://cdn11.bigcommerce.com/s-lbfvygiv1l/images/stencil/original/products/2715/7458/f18526__29254__68543__21602.1588631668.jpg,f18526__29254__68543__21602.1588631668.jpg,,,Honeyme800,f18526__29254__68543__21602.1588631668.jpg
F18526 Long Farmers Harvest Market Decor,F18526,,,6/1/2022,,,,"SIZE:
21""w X 8""h",,2,17.75,8,15.975,,,2,Honeyme400,Honeyme160,https://cdn11.bigcommerce.com/s-lbfvygiv1l/images/stencil/original/products/2715/7458/f18526__29254__68543__21602.1588631668.jpg,f18526__29254__68543__21602.1588631668.jpg,,,Honeyme800,f18526__29254__68543__21602.1588631668.jpg
F18526 Long Farmers Harvest Market Decor,F18526,,,6/1/2022,,,,"SIZE:
21""w X 8""h",,2,17.75,8,15.975,,,2,Honeyme400,Honeyme160,https://cdn11.bigcommerce.com/s-lbfvygiv1l/images/stencil/original/products/2715/7458/f18526__29254__68543__21602.1588631668.jpg,f18526__29254__68543__21602.1588631668.jpg,,,Honeyme800,f18526__29254__68543__21602.1588631668.jpg
F18526 Long Farmers Harvest Market Decor,F18526,,,6/1/2022,,,,"SIZE:
21""w X 8""h",,2,17.75,8,15.975,,,2,Honeyme400,Honeyme160,https://cdn11.bigcommerce.com/s-lbfvygiv1l/images/stencil/original/products/2715/7458/f18526__29254__68543__21602.1588631668.jpg,f18526__29254__68543__21602.1588631668.jpg,,,Honeyme800,f18526__29254__68543__21602.1588631668.jpg
F18526 Long Farmers Harvest Market Decor,F18526,,,6/1/2022,,,,"SIZE:
21""w X 8""h",,2,17.75,8,15.975,,,2,Honeyme400,Honeyme160,https://cdn11.bigcommerce.com/s-lbfvygiv1l/images/stencil/original/products/2715/7458/f18526__29254__68543__21602.1588631668.jpg,f18526__29254__68543__21602.1588631668.jpg,,,Honeyme800,f18526__29254__68543__21602.1588631668.jpg
F18526 Long Farmers Harvest Market Decor,F18526,,,6/1/2022,,,,"SIZE:
21""w X 8""h",,2,17.75,8,15.975,,,2,Honeyme400,Honeyme160,https://cdn11.bigcommerce.com/s-lbfvygiv1l/images/stencil/original/products/2715/7458/f18526__29254__68543__21602.1588631668.jpg,f18526__29254__68543__21602.1588631668.jpg,,,Honeyme800,f18526__29254__68543__21602.1588631668.jpg
F18526 Long Farmers Harvest Market Decor,F18526,,,6/1/2022,,,,"SIZE:
21""w X 8""h",,2,17.75,8,15.975,,,2,Honeyme400,Honeyme160,https://cdn11.bigcommerce.com/s-lbfvygiv1l/images/stencil/original/products/2715/7458/f18526__29254__68543__21602.1588631668.jpg,f18526__29254__68543__21602.1588631668.jpg,,,Honeyme800,f18526__29254__68543__21602.1588631668.jpg
F18526 Long Farmers Harvest Market Decor,F18526,,,6/1/2022,,,,"SIZE:
21""w X 8""h",,2,17.75,8,15.975,,,2,Honeyme400,Honeyme160,https://cdn11.bigcommerce.com/s-lbfvygiv1l/images/stencil/original/products/2715/7458/f18526__29254__68543__21602.1588631668.jpg,f18526__29254__68543__21602.1588631668.jpg,,,Honeyme800,f18526__29254__68543__21602.1588631668.jpg
F18526 Long Farmers Harvest Market Decor,F18526,,,6/1/2022,,,,"SIZE:
21""w X 8""h",,2,17.75,8,15.975,,,2,Honeyme400,Honeyme160,https://cdn11.bigcommerce.com/s-lbfvygiv1l/images/stencil/original/products/2715/7458/f18526__29254__68543__21602.1588631668.jpg,f18526__29254__68543__21602.1588631668.jpg,,,Honeyme800,f18526__29254__68543__21602.1588631668.jpg
F18526 Long Farmers Harvest Market Decor,F18526,,,6/1/2022,,,,"SIZE:
21""w X 8""h",,2,17.75,8,15.975,,,2,Honeyme400,Honeyme160,https://cdn11.bigcommerce.com/s-lbfvygiv1l/images/stencil/original/products/2715/7458/f18526__29254__68543__21602.1588631668.jpg,f18526__29254__68543__21602.1588631668.jpg,,,Honeyme800,f18526__29254__68543__21602.1588631668.jpg
F18526 Long Farmers Harvest Market Decor,F18526,,,6/1/2022,,,,"SIZE:
21""w X 8""h",,2,17.75,8,15.975,,,2,Honeyme400,Honeyme160,https://cdn11.bigcommerce.com/s-lbfvygiv1l/images/stencil/original/products/2715/7458/f18526__29254__68543__21602.1588631668.jpg,f18526__29254__68543__21602.1588631668.jpg,,,Honeyme800,f18526__29254__68543__21602.1588631668.jpg
F18526 Long Farmers Harvest Market Decor,F18526,,,6/1/2022,,,,"SIZE:
21""w X 8""h",,2,17.75,8,15.975,,,2,Honeyme400,Honeyme160,https://cdn11.bigcommerce.com/s-lbfvygiv1l/images/stencil/original/products/2715/7458/f18526__29254__68543__21602.1588631668.jpg,f18526__29254__68543__21602.1588631668.jpg,,,Honeyme800,f18526__29254__68543__21602.1588631668.jpg
F18526 Long Farmers Harvest Market Decor,F18526,,,6/1/2022,,,,"SIZE:
21""w X 8""h",,2,17.75,8,15.975,,,2,Honeyme400,Honeyme160,https://cdn11.bigcommerce.com/s-lbfvygiv1l/images/stencil/original/products/2715/7458/f18526__29254__68543__21602.1588631668.jpg,f18526__29254__68543__21602.1588631668.jpg,,,Honeyme800,f18526__29254__68543__21602.1588631668.jpg
F18526 Long Farmers Harvest Market Decor,F18526,,,6/1/2022,,,,"SIZE:
21""w X 8""h",,2,17.75,8,15.975,,,2,Honeyme400,Honeyme160,https://cdn11.bigcommerce.com/s-lbfvygiv1l/images/stencil/original/products/2715/7458/f18526__29254__68543__21602.1588631668.jpg,f18526__29254__68543__21602.1588631668.jpg,,,Honeyme800,f18526__29254__68543__21602.1588631668.jpg
F18526 Long Farmers Harvest Market Decor,F18526,,,6/1/2022,,,,"SIZE:
21""w X 8""h",,2,17.75,8,15.975,,,2,Honeyme400,Honeyme160,https://cdn11.bigcommerce.com/s-lbfvygiv1l/images/stencil/original/products/2715/7458/f18526__29254__68543__21602.1588631668.jpg,f18526__29254__68543__21602.1588631668.jpg,,,Honeyme800,f18526__29254__68543__21602.1588631668.jpg
F18526 Long Farmers Harvest Market Decor,F18526,,,6/1/2022,,,,"SIZE:
21""w X 8""h",,2,17.75,8,15.975,,,2,Honeyme400,Honeyme160,https://cdn11.bigcommerce.com/s-lbfvygiv1l/images/stencil/original/products/2715/7458/f18526__29254__68543__21602.1588631668.jpg,f18526__29254__68543__21602.1588631668.jpg,,,Honeyme800,f18526__29254__68543__21602.1588631668.jpg
F18526 Long Farmers Harvest Market Decor,F18526,,,6/1/2022,,,,"SIZE:
21""w X 8""h",,2,17.75,8,15.975,,,2,Honeyme400,Honeyme160,https://cdn11.bigcommerce.com/s-lbfvygiv1l/images/stencil/original/products/2715/7458/f18526__29254__68543__21602.1588631668.jpg,f18526__29254__68543__21602.1588631668.jpg,,,Honeyme800,f18526__29254__68543__21602.1588631668.jpg
F18526 Long Farmers Harvest Market Decor,F18526,,,6/1/2022,,,,"SIZE:
21""w X 8""h",,2,17.75,8,15.975,,,2,Honeyme400,Honeyme160,https://cdn11.bigcommerce.com/s-lbfvygiv1l/images/stencil/original/products/2715/7458/f18526__29254__68543__21602.1588631668.jpg,f18526__29254__68543__21602.1588631668.jpg,,,Honeyme800,f18526__29254__68543__21602.1588631668.jpg
F18526 Long Farmers Harvest Market Decor,F18526,,,6/1/2022,,,,"SIZE:
21""w X 8""h",,2,17.75,8,15.975,,,2,Honeyme400,Honeyme160,https://cdn11.bigcommerce.com/s-lbfvygiv1l/images/stencil/original/products/2715/7458/f18526__29254__68543__21602.1588631668.jpg,f18526__29254__68543__21602.1588631668.jpg,,,Honeyme800,f18526__29254__68543__21602.1588631668.jpg
F18526 Long Farmers Harvest Market Decor,F18526,,,6/1/2022,,,,"SIZE:
21""w X 8""h",,2,17.75,8,15.975,,,2,Honeyme400,Honeyme160,https://cdn11.bigcommerce.com/s-lbfvygiv1l/images/stencil/original/products/2715/7458/f18526__29254__68543__21602.1588631668.jpg,f18526__29254__68543__21602.1588631668.jpg,,,Honeyme800,f18526__29254__68543__21602.1588631668.jpg
F18526 Long Farmers Harvest Market Decor,F18526,,,6/1/2022,,,,"SIZE:
21""w X 8""h",,2,17.75,8,15.975,,,2,Honeyme400,Honeyme160,https://cdn11.bigcommerce.com/s-lbfvygiv1l/images/stencil/original/products/2715/7458/f18526__29254__68543__21602.1588631668.jpg,f18526__29254__68543__21602.1588631668.jpg,,,Honeyme800,f18526__29254__68543__21602.1588631668.jpg
F18526 Long Farmers Harvest Market Decor,F18526,,,6/1/2022,,,,"SIZE:
21""w X 8""h",,2,17.75,8,15.975,,,2,Honeyme400,Honeyme160,https://cdn11.bigcommerce.com/s-lbfvygiv1l/images/stencil/original/products/2715/7458/f18526__29254__68543__21602.1588631668.jpg,f18526__29254__68543__21602.1588631668.jpg,,,Honeyme800,f18526__29254__68543__21602.1588631668.jpg
F18526 Long Farmers Harvest Market Decor,F18526,,,6/1/2022,,,,"SIZE:
21""w X 8""h",,2,17.75,8,15.975,,,2,Honeyme400,Honeyme160,https://cdn11.bigcommerce.com/s-lbfvygiv1l/images/stencil/original/products/2715/7458/f18526__29254__68543__21602.1588631668.jpg,f18526__29254__68543__21602.1588631668.jpg,,,Honeyme800,f18526__29254__68543__21602.1588631668.jpg
F18526 Long Farmers Harvest Market Decor,F18526,,,6/1/2022,,,,"SIZE:
21""w X 8""h",,2,17.75,8,15.975,,,2,Honeyme400,Honeyme160,https://cdn11.bigcommerce.com/s-lbfvygiv1l/images/stencil/original/products/2715/7458/f18526__29254__68543__21602.1588631668.jpg,f18526__29254__68543__21602.1588631668.jpg,,,Honeyme800,f18526__29254__68543__21602.1588631668.jpg
F18526 Long Farmers Harvest Market Decor,F18526,,,6/1/2022,,,,"SIZE:
21""w X 8""h",,2,17.75,8,15.975,,,2,Honeyme400,Honeyme160,https://cdn11.bigcommerce.com/s-lbfvygiv1l/images/stencil/original/products/2715/7458/f18526__29254__68543__21602.1588631668.jpg,f18526__29254__68543__21602.1588631668.jpg,,,Honeyme800,f18526__29254__68543__21602.1588631668.jpg
F18526 Long Farmers Harvest Market Decor,F18526,,,6/1/2022,,,,"SIZE:
21""w X 8""h",,2,17.75,8,15.975,,,2,Honeyme400,Honeyme160,https://cdn11.bigcommerce.com/s-lbfvygiv1l/images/stencil/original/products/2715/7458/f18526__29254__68543__21602.1588631668.jpg,f18526__29254__68543__21602.1588631668.jpg,,,Honeyme800,f18526__29254__68543__21602.1588631668.jpg
C18453 Sonny the Snowman,C18453,,,8/10/2022,,,,"SIZE:
6""w X 10""h (w/o arms)",,2,16.75,8,15.075,,,2,Honeyme400,Honeyme160,https://cdn11.bigcommerce.com/s-lbfvygiv1l/images/stencil/original/products/2439/7185/C18453__33333__73283__65234.1588631598.jpg,C18453__33333__73283__65234.1588631598.jpg,,,Honeyme800,C18453__33333__73283__65234.1588631598.jpg
C18453 Sonny the Snowman,C18453,,,8/10/2022,,,,"SIZE:
6""w X 10""h (w/o arms)",,2,16.75,8,15.075,,,2,Honeyme400,Honeyme160,https://cdn11.bigcommerce.com/s-lbfvygiv1l/images/stencil/original/products/2439/7185/C18453__33333__73283__65234.1588631598.jpg,C18453__33333__73283__65234.1588631598.jpg,,,Honeyme800,C18453__33333__73283__65234.1588631598.jpg
C18453 Sonny the Snowman,C18453,,,8/10/2022,,,,"SIZE:
6""w X 10""h (w/o arms)",,2,16.75,8,15.075,,,2,Honeyme400,Honeyme160,https://cdn11.bigcommerce.com/s-lbfvygiv1l/images/stencil/original/products/2439/7185/C18453__33333__73283__65234.1588631598.jpg,C18453__33333__73283__65234.1588631598.jpg,,,Honeyme800,C18453__33333__73283__65234.1588631598.jpg
C18453 Sonny the Snowman,C18453,,,8/10/2022,,,,"SIZE:
6""w X 10""h (w/o arms)",,2,16.75,8,15.075,,,2,Honeyme400,Honeyme160,https://cdn11.bigcommerce.com/s-lbfvygiv1l/images/stencil/original/products/2439/7185/C18453__33333__73283__65234.1588631598.jpg,C18453__33333__73283__65234.1588631598.jpg,,,Honeyme800,C18453__33333__73283__65234.1588631598.jpg
C18453 Sonny the Snowman,C18453,,,8/10/2022,,,,"SIZE:
6""w X 10""h (w/o arms)",,2,16.75,8,15.075,,,2,Honeyme400,Honeyme160,https://cdn11.bigcommerce.com/s-lbfvygiv1l/images/stencil/original/products/2439/7185/C18453__33333__73283__65234.1588631598.jpg,C18453__33333__73283__65234.1588631598.jpg,,,Honeyme800,C18453__33333__73283__65234.1588631598.jpg
C18453 Sonny the Snowman,C18453,,,8/10/2022,,,,"SIZE:
6""w X 10""h (w/o arms)",,2,16.75,8,15.075,,,2,Honeyme400,Honeyme160,https://cdn11.bigcommerce.com/s-lbfvygiv1l/images/stencil/original/products/2439/7185/C18453__33333__73283__65234.1588631598.jpg,C18453__33333__73283__65234.1588631598.jpg,,,Honeyme800,C18453__33333__73283__65234.1588631598.jpg
C18453 Sonny the Snowman,C18453,,,8/10/2022,,,,"SIZE:
6""w X 10""h (w/o arms)",,2,16.75,8,15.075,,,2,Honeyme400,Honeyme160,https://cdn11.bigcommerce.com/s-lbfvygiv1l/images/stencil/original/products/2439/7185/C18453__33333__73283__65234.1588631598.jpg,C18453__33333__73283__65234.1588631598.jpg,,,Honeyme800,C18453__33333__73283__65234.1588631598.jpg
C18453 Sonny the Snowman,C18453,,,8/10/2022,,,,"SIZE:
6""w X 10""h (w/o arms)",,2,16.75,8,15.075,,,2,Honeyme400,Honeyme160,https://cdn11.bigcommerce.com/s-lbfvygiv1l/images/stencil/original/products/2439/7185/C18453__33333__73283__65234.1588631598.jpg,C18453__33333__73283__65234.1588631598.jpg,,,Honeyme800,C18453__33333__73283__65234.1588631598.jpg
C18453 Sonny the Snowman,C18453,,,8/10/2022,,,,"SIZE:
6""w X 10""h (w/o arms)",,2,16.75,8,15.075,,,2,Honeyme400,Honeyme160,https://cdn11.bigcommerce.com/s-lbfvygiv1l/images/stencil/original/products/2439/7185/C18453__33333__73283__65234.1588631598.jpg,C18453__33333__73283__65234.1588631598.jpg,,,Honeyme800,C18453__33333__73283__65234.1588631598.jpg
C18453 Sonny the Snowman,C18453,,,8/10/2022,,,,"SIZE:
6""w X 10""h (w/o arms)",,2,16.75,8,15.075,,,2,Honeyme400,Honeyme160,https://cdn11.bigcommerce.com/s-lbfvygiv1l/images/stencil/original/products/2439/7185/C18453__33333__73283__65234.1588631598.jpg,C18453__33333__73283__65234.1588631598.jpg,,,Honeyme800,C18453__33333__73283__65234.1588631598.jpg
C18453 Sonny the Snowman,C18453,,,8/10/2022,,,,"SIZE:
6""w X 10""h (w/o arms)",,2,16.75,8,15.075,,,2,Honeyme400,Honeyme160,https://cdn11.bigcommerce.com/s-lbfvygiv1l/images/stencil/original/products/2439/7185/C18453__33333__73283__65234.1588631598.jpg,C18453__33333__73283__65234.1588631598.jpg,,,Honeyme800,C18453__33333__73283__65234.1588631598.jpg
C18453 Sonny the Snowman,C18453,,,8/10/2022,,,,"SIZE:
6""w X 10""h (w/o arms)",,2,16.75,8,15.075,,,2,Honeyme400,Honeyme160,https://cdn11.bigcommerce.com/s-lbfvygiv1l/images/stencil/original/products/2439/7185/C18453__33333__73283__65234.1588631598.jpg,C18453__33333__73283__65234.1588631598.jpg,,,Honeyme800,C18453__33333__73283__65234.1588631598.jpg
C18453 Sonny the Snowman,C18453,,,8/10/2022,,,,"SIZE:
6""w X 10""h (w/o arms)",,2,16.75,8,15.075,,,2,Honeyme400,Honeyme160,https://cdn11.bigcommerce.com/s-lbfvygiv1l/images/stencil/original/products/2439/7185/C18453__33333__73283__65234.1588631598.jpg,C18453__33333__73283__65234.1588631598.jpg,,,Honeyme800,C18453__33333__73283__65234.1588631598.jpg
C18453 Sonny the Snowman,C18453,,,8/10/2022,,,,"SIZE:
6""w X 10""h (w/o arms)",,2,16.75,8,15.075,,,2,Honeyme400,Honeyme160,https://cdn11.bigcommerce.com/s-lbfvygiv1l/images/stencil/original/products/2439/7185/C18453__33333__73283__65234.1588631598.jpg,C18453__33333__73283__65234.1588631598.jpg,,,Honeyme800,C18453__33333__73283__65234.1588631598.jpg
C18453 Sonny the Snowman,C18453,,,8/10/2022,,,,"SIZE:
6""w X 10""h (w/o arms)",,2,16.75,8,15.075,,,2,Honeyme400,Honeyme160,https://cdn11.bigcommerce.com/s-lbfvygiv1l/images/stencil/original/products/2439/7185/C18453__33333__73283__65234.1588631598.jpg,C18453__33333__73283__65234.1588631598.jpg,,,Honeyme800,C18453__33333__73283__65234.1588631598.jpg
C18453 Sonny the Snowman,C18453,,,8/10/2022,,,,"SIZE:
6""w X 10""h (w/o arms)",,2,16.75,8,15.075,,,2,Honeyme400,Honeyme160,https://cdn11.bigcommerce.com/s-lbfvygiv1l/images/stencil/original/products/2439/7185/C18453__33333__73283__65234.1588631598.jpg,C18453__33333__73283__65234.1588631598.jpg,,,Honeyme800,C18453__33333__73283__65234.1588631598.jpg
C18453 Sonny the Snowman,C18453,,,8/10/2022,,,,"SIZE:
6""w X 10""h (w/o arms)",,2,16.75,8,15.075,,,2,Honeyme400,Honeyme160,https://cdn11.bigcommerce.com/s-lbfvygiv1l/images/stencil/original/products/2439/7185/C18453__33333__73283__65234.1588631598.jpg,C18453__33333__73283__65234.1588631598.jpg,,,Honeyme800,C18453__33333__73283__65234.1588631598.jpg
C18453 Sonny the Snowman,C18453,,,8/10/2022,,,,"SIZE:
6""w X 10""h (w/o arms)",,2,16.75,8,15.075,,,2,Honeyme400,Honeyme160,https://cdn11.bigcommerce.com/s-lbfvygiv1l/images/stencil/original/products/2439/7185/C18453__33333__73283__65234.1588631598.jpg,C18453__33333__73283__65234.1588631598.jpg,,,Honeyme800,C18453__33333__73283__65234.1588631598.jpg
C18453 Sonny the Snowman,C18453,,,8/10/2022,,,,"SIZE:
6""w X 10""h (w/o arms)",,2,16.75,8,15.075,,,2,Honeyme400,Honeyme160,https://cdn11.bigcommerce.com/s-lbfvygiv1l/images/stencil/original/products/2439/7185/C18453__33333__73283__65234.1588631598.jpg,C18453__33333__73283__65234.1588631598.jpg,,,Honeyme800,C18453__33333__73283__65234.1588631598.jpg
C18453 Sonny the Snowman,C18453,,,8/10/2022,,,,"SIZE:
6""w X 10""h (w/o arms)",,2,16.75,8,15.075,,,2,Honeyme400,Honeyme160,https://cdn11.bigcommerce.com/s-lbfvygiv1l/images/stencil/original/products/2439/7185/C18453__33333__73283__65234.1588631598.jpg,C18453__33333__73283__65234.1588631598.jpg,,,Honeyme800,C18453__33333__73283__65234.1588631598.jpg
C18453 Sonny the Snowman,C18453,,,8/10/2022,,,,"SIZE:
6""w X 10""h (w/o arms)",,2,16.75,8,15.075,,,2,Honeyme400,Honeyme160,https://cdn11.bigcommerce.com/s-lbfvygiv1l/images/stencil/original/products/2439/7185/C18453__33333__73283__65234.1588631598.jpg,C18453__33333__73283__65234.1588631598.jpg,,,Honeyme800,C18453__33333__73283__65234.1588631598.jpg
C18453 Sonny the Snowman,C18453,,,8/10/2022,,,,"SIZE:
6""w X 10""h (w/o arms)",,2,16.75,8,15.075,,,2,Honeyme400,Honeyme160,https://cdn11.bigcommerce.com/s-lbfvygiv1l/images/stencil/original/products/2439/7185/C18453__33333__73283__65234.1588631598.jpg,C18453__33333__73283__65234.1588631598.jpg,,,Honeyme800,C18453__33333__73283__65234.1588631598.jpg
SS2008K Jaidyn - Long Sleeve Shirt with Dolman Sleeves -Dreamsicle,SS2008K,,,,,,,,,1,29.25,,,,,1,Honeyme400,Honeyme160,https://cdn11.bigcommerce.com/s-lbfvygiv1l/images/stencil/original/products/3609/8389/SS2008K__07150.1647288252.jpg,SS2008K__07150.1647288252.jpg,,,Honeyme800,SS2008K__07150.1647288252.jpg
SS2008J Jaidyn - Long Sleeve Shirt with Dolman Sleeves - Purple Rain,SS2008J,,,,,,,,,1,29.25,,,,,1,Honeyme400,Honeyme160,https://cdn11.bigcommerce.com/s-lbfvygiv1l/images/stencil/original/products/3622/8379/SS2008J__94921.1647287917.jpg,SS2008J__94921.1647287917.jpg,,,Honeyme800,SS2008J__94921.1647287917.jpg
SS2008L Jaidyn - Long Sleeve Shirt with Dolman Sleeves - Midnight Moon,SS2008L,,,,,,,,,1,29.25,,,,,1,Honeyme400,Honeyme160,https://cdn11.bigcommerce.com/s-lbfvygiv1l/images/stencil/original/products/3596/8369/SS2008L__08429.1647287494.jpg,SS2008L__08429.1647287494.jpg,,,Honeyme800,SS2008L__08429.1647287494.jpg
E16659 Antique Metal Folding Bed,E16659,,,Instock,,,,"SIZE:
10-1/2""w X 12""h X 18-1/2""l",,4,28,4,25.2,,,4,Honeyme400,Honeyme160,https://cdn11.bigcommerce.com/s-lbfvygiv1l/images/stencil/original/products/1367/6367/3204_image__63738__15783__76367.1626115524.jpg,3204_image__63738__15783__76367.1626115524.jpg,,,Honeyme800,3204_image__63738__15783__76367.1626115524.jpg
SS2005L Paige - Tie Front Kimono - Midnight Moon,SS2005L,,,,,,,,,1,39.25,4,35.325,,,1,Honeyme400,Honeyme160,https://cdn11.bigcommerce.com/s-lbfvygiv1l/images/stencil/original/products/3593/8366/SS2005L__16258.1647287385.jpg,SS2005L__16258.1647287385.jpg,,,Honeyme800,SS2005L__16258.1647287385.jpg
SS2034DE Twisted Headband Set (2A)- Ocotillo/San Pedro,SS2034DE,,,,,,,,,4,6.75,16,6.075,,,4,Honeyme400,Honeyme160,https://cdn11.bigcommerce.com/s-lbfvygiv1l/images/stencil/original/products/3486/5545/SS2034DE__67431.1588624920.jpg,SS2034DE__67431.1588624920.jpg,,,Honeyme800,SS2034DE__67431.1588624920.jpg
SS2000J Breean - High Low Tunic - Purple Rain,SS2000J,,,,,,,,,1,36,4,32.4,,,1,Honeyme400,Honeyme160,https://cdn11.bigcommerce.com/s-lbfvygiv1l/images/stencil/original/products/3614/8355/SS2000J__39796.1647286814.jpg,SS2000J__39796.1647286814.jpg,,,Honeyme800,SS2000J__39796.1647286814.jpg
SS2000L Breean - High Low Tunic - Midnight Moon,SS2000L,,,,,,,,,1,36,4,32.4,,,1,Honeyme400,Honeyme160,https://cdn11.bigcommerce.com/s-lbfvygiv1l/images/stencil/original/products/3588/8357/SS2000L__31531.1647286863.jpg,SS2000L__31531.1647286863.jpg,,,Honeyme800,SS2000L__31531.1647286863.jpg
SS2016L Susan - Tank Midi Dress - Midnight Moon,SS2016L,,,,,,,,,1,28,4,25.2,,,1,Honeyme400,Honeyme160,https://cdn11.bigcommerce.com/s-lbfvygiv1l/images/stencil/original/products/3599/8372/SS2016L__06356.1647287606.jpg,SS2016L__06356.1647287606.jpg,,,Honeyme800,SS2016L__06356.1647287606.jpg
SS2035DE Scrunchy Set (2A) - Ocotillo/San Pedro,SS2035DE,,,,,,,,,4,5.75,16,5.175,,,4,Honeyme400,Honeyme160,https://cdn11.bigcommerce.com/s-lbfvygiv1l/images/stencil/original/products/3490/5541/SS2035DE__05349.1588624744.jpg,SS2035DE__05349.1588624744.jpg,,,Honeyme800,SS2035DE__05349.1588624744.jpg
SS2016J Susan - Tank Midi Dress - Purple Rain,SS2016J,,,,,,,,,1,28,4,25.2,,,1,Honeyme400,Honeyme160,https://cdn11.bigcommerce.com/s-lbfvygiv1l/images/stencil/original/products/3625/8382/SS2016J__60342.1647288024.jpg,SS2016J__60342.1647288024.jpg,,,Honeyme800,SS2016J__60342.1647288024.jpg
SS2016K Susan - Tank Midi Dress - Dreamsicle,SS2016K,,,,,,,,,1,28,4,25.2,,,1,Honeyme400,Honeyme160,https://cdn11.bigcommerce.com/s-lbfvygiv1l/images/stencil/original/products/3612/8392/SS2016K__52731.1647288346.jpg,SS2016K__52731.1647288346.jpg,,,Honeyme800,SS2016K__52731.1647288346.jpg
C18453 Sonny the Snowman,C18453,,,8/10/2022,,,,"SIZE:
6""w X 10""h (w/o arms)",,2,16.75,8,15.075,,,2,Honeyme400,Honeyme160,https://cdn11.bigcommerce.com/s-lbfvygiv1l/images/stencil/original/products/2439/7185/C18453__33333__73283__65234.1588631598.jpg,C18453__33333__73283__65234.1588631598.jpg,,,Honeyme800,C18453__33333__73283__65234.1588631598.jpg
SS2011K Opal - High Low Kimono Poncho - Dreamsicle,SS2011K,,,,,,,,,1,36,4,32.4,,,1,Honeyme400,Honeyme160,https://cdn11.bigcommerce.com/s-lbfvygiv1l/images/stencil/original/products/3610/8390/SS2011K__64626.1647288290.jpg,SS2011K__64626.1647288290.jpg,,,Honeyme800,SS2011K__64626.1647288290.jpg
SS2011J Opal - High Low Kimono Poncho - Purple Rain,SS2011J,,,,,,,,,1,36,4,32.4,,,1,Honeyme400,Honeyme160,https://cdn11.bigcommerce.com/s-lbfvygiv1l/images/stencil/original/products/3623/8380/SS2011J__18002.1647287946.jpg,SS2011J__18002.1647287946.jpg,,,Honeyme800,SS2011J__18002.1647287946.jpg
SS2031L Wrap Belt/Head Wrap - Midnight Moon,SS2031L,,,,,,,,,1,5.75,4,5.175,,,1,Honeyme400,Honeyme160,https://cdn11.bigcommerce.com/s-lbfvygiv1l/images/stencil/original/products/3600/8373/SS2031L__85161.1647287647.jpg,SS2031L__85161.1647287647.jpg,,,Honeyme800,SS2031L__85161.1647287647.jpg
SS2006J Cleo - S/M Tank - Purple Rain,SS2006J,,,,,,,,,1,22.5,4,20.25,,,1,Honeyme400,Honeyme160,https://cdn11.bigcommerce.com/s-lbfvygiv1l/images/stencil/original/products/3620/8377/SS2006J__96532.1647287873.jpg,SS2006J__96532.1647287873.jpg,,,Honeyme800,SS2006J__96532.1647287873.jpg
SS2006L Cleo - S/M Tank - midnight Moon,SS2006L,,,,,,,,,1,22.5,4,20.25,,,1,Honeyme400,Honeyme160,https://cdn11.bigcommerce.com/s-lbfvygiv1l/images/stencil/original/products/3595/8367/SS2006L__79549.1647287418.jpg,SS2006L__79549.1647287418.jpg,,,Honeyme800,SS2006L__79549.1647287418.jpg
SS2003J Luna - Midwaist Top - Purple Rain,SS2003J,,,,,,,,,1,29.25,4,26.325,,,1,Honeyme400,Honeyme160,https://cdn11.bigcommerce.com/s-lbfvygiv1l/images/stencil/original/products/3617/8374/SS2003J__28840.1647287779.jpg,SS2003J__28840.1647287779.jpg,,,Honeyme800,SS2003J__28840.1647287779.jpg
SS2003K Luna - Midwaist Top - Dreamsicle,SS2003K,,,,,,,,,1,29.25,4,26.325,,,1,Honeyme400,Honeyme160,https://cdn11.bigcommerce.com/s-lbfvygiv1l/images/stencil/original/products/3604/8384/SS2003K__17966.1647288149.jpg,SS2003K__17966.1647288149.jpg,,,Honeyme800,SS2003K__17966.1647288149.jpg
SS2002K Paisley - Midriff Top - Dreamsicle,SS2002K,,,,,,,,,1,21.5,4,19.35,,,1,Honeyme400,Honeyme160,https://cdn11.bigcommerce.com/s-lbfvygiv1l/images/stencil/original/products/3603/8362/SS2002K__11373.1647287152.jpg,SS2002K__11373.1647287152.jpg,,,Honeyme800,SS2002K__11373.1647287152.jpg
SS2004K Rosie - Sleeveless Top - Dreamsicle,SS2004K,,,,,,,,,1,27,4,24.3,,,1,Honeyme400,Honeyme160,https://cdn11.bigcommerce.com/s-lbfvygiv1l/images/stencil/original/products/3605/8385/SS2004K__42077.1647288165.jpg,SS2004K__42077.1647288165.jpg,,,Honeyme800,SS2004K__42077.1647288165.jpg
SS2012K Harper - Bolero with Tie - Dreamsicle,SS2012K,,,,,,,,,1,22.5,4,20.25,,,1,Honeyme400,Honeyme160,https://cdn11.bigcommerce.com/s-lbfvygiv1l/images/stencil/original/products/3611/8391/SS2012K__14228.1647288327.jpg,SS2012K__14228.1647288327.jpg,,,Honeyme800,SS2012K__14228.1647288327.jpg
SS2004J Rosie - Sleeveless Top -Purple Rain,SS2004J,,,,,,,,,1,27,,,,,1,Honeyme400,Honeyme160,https://cdn11.bigcommerce.com/s-lbfvygiv1l/images/stencil/original/products/3618/8375/SS2004J__82108.1647287835.jpg,SS2004J__82108.1647287835.jpg,,,Honeyme800,SS2004J__82108.1647287835.jpg
S2106 Nibbles the Bunny,S2106,,,,,,,,,2,16.25,8,14.625,,,2,Honeyme400,Honeyme160,https://cdn11.bigcommerce.com/s-lbfvygiv1l/images/stencil/original/products/3498/8250/S2106__03667.1611679840.jpg,S2106__03667.1611679840.jpg,,,Honeyme800,S2106__03667.1611679840.jpg
SS2007L Aria - L/XL Tank - Midnight Moon,SS2007L,,,,,,,,,1,22.5,4,20.25,,,1,Honeyme400,Honeyme160,https://cdn11.bigcommerce.com/s-lbfvygiv1l/images/stencil/original/products/3594/8368/SS2007L__67151.1647287471.jpg,SS2007L__67151.1647287471.jpg,,,Honeyme800,SS2007L__67151.1647287471.jpg
SS2001K Naomi - Low Sides Tunic -Dreamsicle,SS2001K,,,,,,,,,1,36,4,32.4,,,1,Honeyme400,Honeyme160,https://cdn11.bigcommerce.com/s-lbfvygiv1l/images/stencil/original/products/3602/8359/SS2001K__92226.1647286905.jpg,SS2001K__92226.1647286905.jpg,,,Honeyme800,SS2001K__92226.1647286905.jpg
SS2012L Harper - Bolero with Tie - Midnight Moon,SS2012L,,,,,,,,,1,22.5,4,20.25,,,1,Honeyme400,Honeyme160,https://cdn11.bigcommerce.com/s-lbfvygiv1l/images/stencil/original/products/3598/8371/SS2012L__45841.1647287567.jpg,SS2012L__45841.1647287567.jpg,,,Honeyme800,SS2012L__45841.1647287567.jpg
SS2035DE Scrunchy Set (2A) - Ocotillo/San Pedro,SS2035DE,,,,,,,,,4,5.75,16,5.175,,,4,Honeyme400,Honeyme160,https://cdn11.bigcommerce.com/s-lbfvygiv1l/images/stencil/original/products/3490/5541/SS2035DE__05349.1588624744.jpg,SS2035DE__05349.1588624744.jpg,,,Honeyme800,SS2035DE__05349.1588624744.jpg
S2108 Flopper the Bunny,S2108,,,,,,,,,2,16.25,8,14.625,,,2,Honeyme400,Honeyme160,https://cdn11.bigcommerce.com/s-lbfvygiv1l/images/stencil/original/products/3500/8248/S2108__16099.1611679769.jpg,S2108__16099.1611679769.jpg,,,Honeyme800,S2108__16099.1611679769.jpg
SS2007K Aria - L/XL Tank - Dreamsicle,SS2007K,,,,,,,,,1,22.5,4,20.25,,,1,Honeyme400,Honeyme160,https://cdn11.bigcommerce.com/s-lbfvygiv1l/images/stencil/original/products/3608/8388/SS2007K__84387.1647288228.jpg,SS2007K__84387.1647288228.jpg,,,Honeyme800,SS2007K__84387.1647288228.jpg
C18453 Sonny the Snowman,C18453,,,8/10/2022,,,,"SIZE:
6""w X 10""h (w/o arms)",,2,16.75,8,15.075,,,2,Honeyme400,Honeyme160,https://cdn11.bigcommerce.com/s-lbfvygiv1l/images/stencil/original/products/2439/7185/C18453__33333__73283__65234.1588631598.jpg,C18453__33333__73283__65234.1588631598.jpg,,,Honeyme800,C18453__33333__73283__65234.1588631598.jpg
SS2000K Breean - High Low Tunic - Dreamsicle,SS2000K,,,,,,,,,1,36,4,32.4,,,1,Honeyme400,Honeyme160,https://cdn11.bigcommerce.com/s-lbfvygiv1l/images/stencil/original/products/3601/8356/SS2000K__44406.1647286845.jpg,SS2000K__44406.1647286845.jpg,,,Honeyme800,SS2000K__44406.1647286845.jpg
SS2031J Wrap Belt/Head Wrap - Purple Rain,SS2031J,,,,,,,,,1,5.75,4,5.175,,,1,Honeyme400,Honeyme160,https://cdn11.bigcommerce.com/s-lbfvygiv1l/images/stencil/original/products/3626/8383/SS2031J__36005.1647288057.jpg,SS2031J__36005.1647288057.jpg,,,Honeyme800,SS2031J__36005.1647288057.jpg
SS2031K Wrap Belt/Head Wrap - Dreamsicle,SS2031K,,,,,,,,,1,5.75,4,5.175,,,1,Honeyme400,Honeyme160,https://cdn11.bigcommerce.com/s-lbfvygiv1l/images/stencil/original/products/3613/8393/SS2031K__23264.1647288396.jpg,SS2031K__23264.1647288396.jpg,,,Honeyme800,SS2031K__23264.1647288396.jpg
S2107 Bugzy the Bunny,S2107,,,,,,,,,2,16.25,8,14.625,,,2,Honeyme400,Honeyme160,https://cdn11.bigcommerce.com/s-lbfvygiv1l/images/stencil/original/products/3499/8249/S2107__17303.1611679809.jpg,S2107__17303.1611679809.jpg,,,Honeyme800,S2107__17303.1611679809.jpg
SS2005J Paige - Tie Front Kimono - Purple Rain,SS2005J,,,,,,,,,1,39.25,4,35.325,,,1,Honeyme400,Honeyme160,https://cdn11.bigcommerce.com/s-lbfvygiv1l/images/stencil/original/products/3619/8376/SS2005J__75530.1647287851.jpg,SS2005J__75530.1647287851.jpg,,,Honeyme800,SS2005J__75530.1647287851.jpg
C18453 Sonny the Snowman,C18453,,,8/10/2022,,,,"SIZE:
6""w X 10""h (w/o arms)",,2,16.75,8,15.075,,,2,Honeyme400,Honeyme160,https://cdn11.bigcommerce.com/s-lbfvygiv1l/images/stencil/original/products/2439/7185/C18453__33333__73283__65234.1588631598.jpg,C18453__33333__73283__65234.1588631598.jpg,,,Honeyme800,C18453__33333__73283__65234.1588631598.jpg
SS2003L Luna - Midwaist Top - Midnight Moon,SS2003L,,,,,,,,,1,29.25,4,26.325,,,1,Honeyme400,Honeyme160,https://cdn11.bigcommerce.com/s-lbfvygiv1l/images/stencil/original/products/3591/8364/SS2003L__50253.1647287285.jpg,SS2003L__50253.1647287285.jpg,,,Honeyme800,SS2003L__50253.1647287285.jpg
SS2034DE Twisted Headband Set (2A)- Ocotillo/San Pedro,SS2034DE,,,,,,,,,4,6.75,16,6.075,,,4,Honeyme400,Honeyme160,https://cdn11.bigcommerce.com/s-lbfvygiv1l/images/stencil/original/products/3486/5545/SS2034DE__67431.1588624920.jpg,SS2034DE__67431.1588624920.jpg,,,Honeyme800,SS2034DE__67431.1588624920.jpg
SS2006K Cleo - S/M Tank - Dreamsicle,SS2006K,,,,,,,,,1,22.5,4,20.25,,,1,Honeyme400,Honeyme160,https://cdn11.bigcommerce.com/s-lbfvygiv1l/images/stencil/original/products/3607/8387/SS2006K__98118.1647288207.jpg,SS2006K__98118.1647288207.jpg,,,Honeyme800,SS2006K__98118.1647288207.jpg
SS2004L Rosie - Sleeveless Top - Midnight Moon,SS2004L,,,,,,,,,1,27,4,24.3,,,1,Honeyme400,Honeyme160,https://cdn11.bigcommerce.com/s-lbfvygiv1l/images/stencil/original/products/3592/8365/SS2004L__01440.1647287348.jpg,SS2004L__01440.1647287348.jpg,,,Honeyme800,SS2004L__01440.1647287348.jpg
SS2011L Opal - High Low Kimono Poncho - Midnight Moon,SS2011L,,,,,,,,,1,36,4,32.4,,,1,Honeyme400,Honeyme160,https://cdn11.bigcommerce.com/s-lbfvygiv1l/images/stencil/original/products/3597/8370/SS2011L__41653.1647287538.jpg,SS2011L__41653.1647287538.jpg,,,Honeyme800,SS2011L__41653.1647287538.jpg
SS2035DE Scrunchy Set (2A) - Ocotillo/San Pedro,SS2035DE,,,,,,,,,4,5.75,16,5.175,,,4,Honeyme400,Honeyme160,https://cdn11.bigcommerce.com/s-lbfvygiv1l/images/stencil/original/products/3490/5541/SS2035DE__05349.1588624744.jpg,SS2035DE__05349.1588624744.jpg,,,Honeyme800,SS2035DE__05349.1588624744.jpg
SS2007J Aria - L/XL Tank - Purple Rain,SS2007J,,,,,,,,,1,22.5,4,20.25,,,1,Honeyme400,Honeyme160,https://cdn11.bigcommerce.com/s-lbfvygiv1l/images/stencil/original/products/3621/8378/SS2007J__86805.1647287892.jpg,SS2007J__86805.1647287892.jpg,,,Honeyme800,SS2007J__86805.1647287892.jpg
SS2005K Paige - Tie Front Kimono - Dreamsicle,SS2005K,,,,,,,,,1,39.25,4,35.325,,,1,Honeyme400,Honeyme160,https://cdn11.bigcommerce.com/s-lbfvygiv1l/images/stencil/original/products/3606/8386/SS2005K__38483.1647288185.jpg,SS2005K__38483.1647288185.jpg,,,Honeyme800,SS2005K__38483.1647288185.jpg
SS2001J Naomi - Low Sides Tunic -Purple Rain,SS2001J,,,,,,,,,1,36,4,32.4,,,1,Honeyme400,Honeyme160,https://cdn11.bigcommerce.com/s-lbfvygiv1l/images/stencil/original/products/3615/8358/SS2001J__53152.1647286882.jpg,SS2001J__53152.1647286882.jpg,,,Honeyme800,SS2001J__53152.1647286882.jpg
SS2001L Naomi - Low Sides Tunic -Midnight Moon,SS2001L,,,,,,,,,1,36,4,32.4,,,1,Honeyme400,Honeyme160,https://cdn11.bigcommerce.com/s-lbfvygiv1l/images/stencil/original/products/3589/8360/SS2001L__14826.1647286922.jpg,SS2001L__14826.1647286922.jpg,,,Honeyme800,SS2001L__14826.1647286922.jpg
SS2002L Paisley - Midriff Top - Midnight Moon,SS2002L,,,,,,,,,1,21.5,4,19.35,,,1,Honeyme400,Honeyme160,https://cdn11.bigcommerce.com/s-lbfvygiv1l/images/stencil/original/products/3590/8363/SS2002L__64486.1647287258.jpg,SS2002L__64486.1647287258.jpg,,,Honeyme800,SS2002L__64486.1647287258.jpg
SS2034DE Twisted Headband Set (2A)- Ocotillo/San Pedro,SS2034DE,,,,,,,,,4,6.75,16,6.075,,,4,Honeyme400,Honeyme160,https://cdn11.bigcommerce.com/s-lbfvygiv1l/images/stencil/original/products/3486/5545/SS2034DE__67431.1588624920.jpg,SS2034DE__67431.1588624920.jpg,,,Honeyme800,SS2034DE__67431.1588624920.jpg
SS2002J Paisley - Midriff Top - Purple Rain,SS2002J,,,,,,,,,1,21.5,4,19.35,,,1,Honeyme400,Honeyme160,https://cdn11.bigcommerce.com/s-lbfvygiv1l/images/stencil/original/products/3616/8361/SS2002J__84613.1647287059.jpg,SS2002J__84613.1647287059.jpg,,,Honeyme800,SS2002J__84613.1647287059.jpg
SS2012J Harper - Bolero with Tie - Purple Rain,SS2012J,,,,,,,,,1,22.5,4,20.25,,,1,Honeyme400,Honeyme160,https://cdn11.bigcommerce.com/s-lbfvygiv1l/images/stencil/original/products/3624/8381/SS2012J__33628.1647287965.jpg,SS2012J__33628.1647287965.jpg,,,Honeyme800,SS2012J__33628.1647287965.jpg
