Snowman And Penguin. Packed 18 snowmen and 6 penguins.,1517072,Welcome|Seasonal,24,http://cdn3.volusion.com/pmjsf.twquv/v/vspfiles/photos/1517072-2.jpg?1484220663,1517072-2.jpg
"9"" Fabric Candycane",1517079,Welcome|Seasonal,1,http://cdn3.volusion.com/pmjsf.twquv/v/vspfiles/photos/1517079-2.jpg,1517079-2.jpg
"12"" Candycane",1517080,Welcome|Seasonal,48,http://cdn3.volusion.com/pmjsf.twquv/v/vspfiles/photos/1517080-2.jpg?1487154188,1517080-2.jpg
Fat Snowman 2 Asst.,1517092,Welcome|Seasonal,6,http://cdn3.volusion.com/pmjsf.twquv/v/vspfiles/photos/1517092-2.jpg?1484220663,1517092-2.jpg
Snowman Head Lg. 2 Asst.,1517100,Welcome|Seasonal,6,http://cdn3.volusion.com/pmjsf.twquv/v/vspfiles/photos/1517100-2.jpg?1484220663,1517100-2.jpg
"5"" Wood Candle Pillar",HX02074,Welcome|Lanterns & Lighting|Candle holders,12,http://cdn3.volusion.com/pmjsf.twquv/v/vspfiles/photos/HX02074-2.jpg?1489045973,HX02074-2.jpg
"7"" Metal/Glass Jar",HX12DFS18,Welcome|Everyday & Organization|Bottles & jars,2,http://cdn3.volusion.com/pmjsf.twquv/v/vspfiles/photos/HX12DFS18-2.jpg?1486989419,HX12DFS18-2.jpg
Tin Scarecrow 3 Asst.,HX1700001,Welcome|Seasonal|Colorful Fall & Halloween,24,http://cdn3.volusion.com/pmjsf.twquv/v/vspfiles/photos/HX1700001-2.jpg?1484220663,HX1700001-2.jpg
"28"" J-O-L Tin Stake",HX1700002,Welcome|Seasonal|Colorful Fall & Halloween,24,http://cdn3.volusion.com/pmjsf.twquv/v/vspfiles/photos/HX1700002-2.jpg?1484220663,HX1700002-2.jpg
"19"" J-O-L Pick",HX1700003,Welcome|Seasonal|Colorful Fall & Halloween,48,http://cdn3.volusion.com/pmjsf.twquv/v/vspfiles/photos/HX1700003-2.jpg?1484220663,HX1700003-2.jpg
Tin Turkey Yard Stake,HX1700004,Welcome|Seasonal|Colorful Fall & Halloween,12,http://cdn3.volusion.com/pmjsf.twquv/v/vspfiles/photos/HX1700004-2.jpg?1484220663,HX1700004-2.jpg
"36"" Tin Scarecrow Stick",HX1700005,Welcome|Seasonal|Colorful Fall & Halloween,24,http://cdn3.volusion.com/pmjsf.twquv/v/vspfiles/photos/HX1700005-2.jpg?1484220663,HX1700005-2.jpg
"19"" Scarecrow Pick",HX1700006,Welcome|Seasonal|Colorful Fall & Halloween,48,http://cdn3.volusion.com/pmjsf.twquv/v/vspfiles/photos/HX1700006-2.jpg?1484220663,HX1700006-2.jpg
"20"" Ghost Pick 2 Asst.",HX1700007,Welcome|Seasonal|Colorful Fall & Halloween,48,http://cdn3.volusion.com/pmjsf.twquv/v/vspfiles/photos/HX1700007-2.jpg?1484220663,HX1700007-2.jpg
"29"" Tin Scarecrow Boy/Girl 2 Asst.",HX1700009,Welcome|Seasonal|Colorful Fall & Halloween,12,http://cdn3.volusion.com/pmjsf.twquv/v/vspfiles/photos/HX1700009-2.jpg?1484220663,HX1700009-2.jpg
"36"" Tin Snowman Stake",HX1700010,Welcome|Seasonal,12,http://cdn3.volusion.com/pmjsf.twquv/v/vspfiles/photos/HX1700010-2.jpg?1484220663,HX1700010-2.jpg
"36"" Tin Tree Stake",HX1700011,Welcome|Seasonal|Merry & Bright Christmas,12,http://cdn3.volusion.com/pmjsf.twquv/v/vspfiles/photos/HX1700011-2.jpg?1484220663,HX1700011-2.jpg
Tin Pumpkin Pick,HX1700012,Welcome|Seasonal|Colorful Fall & Halloween,48,http://cdn3.volusion.com/pmjsf.twquv/v/vspfiles/photos/HX1700012-2.jpg?1484220663,HX1700012-2.jpg
Boo Banner,HX17YX007,Welcome|Seasonal|Vintage Fall & Halloween,12,http://cdn3.volusion.com/pmjsf.twquv/v/vspfiles/photos/HX17YX007-2.jpg?1484220663,HX17YX007-2.jpg
Christmas Tree Banner,HX17YX008,Welcome|Seasonal|Vintage Christmas,12,http://cdn3.volusion.com/pmjsf.twquv/v/vspfiles/photos/HX17YX008-2.jpg?1484220663,HX17YX008-2.jpg
Reindeer Head Pillow,HX17YX013,Welcome|Seasonal|Vintage Christmas,4,http://cdn3.volusion.com/pmjsf.twquv/v/vspfiles/photos/HX17YX013-2.jpg?1484220663,HX17YX013-2.jpg
Red Pickup Christmas Pillow,HX17YX014,Welcome|Seasonal|Vintage Christmas,4,http://cdn3.volusion.com/pmjsf.twquv/v/vspfiles/photos/HX17YX014-2.jpg?1484220663,HX17YX014-2.jpg
Hat Box Gift Stack Pillow,HX17YX015,Welcome|Seasonal|Vintage Christmas,4,http://cdn3.volusion.com/pmjsf.twquv/v/vspfiles/photos/HX17YX015-2.jpg?1484220663,HX17YX015-2.jpg
Classic Merry Christmas Pillow,HX17YX016,Welcome|Seasonal|Vintage Christmas,4,http://cdn3.volusion.com/pmjsf.twquv/v/vspfiles/photos/HX17YX016-2.jpg?1484220663,HX17YX016-2.jpg
Snowman Head Pillow,HX17YX017,Welcome|Seasonal|Vintage Christmas,4,http://cdn3.volusion.com/pmjsf.twquv/v/vspfiles/photos/HX17YX017-2.jpg?1499064393,HX17YX017-2.jpg
S/2 Oval Tin Tray,HX35729,Welcome|Everyday & Organization|Tabletop decor,2,http://cdn3.volusion.com/pmjsf.twquv/v/vspfiles/photos/HX35729-2.jpg?1488793271,HX35729-2.jpg
Set/3 Industrial Balls,HX35852,Welcome|Vintage & Industrial|Tabletop decor,12,http://cdn3.volusion.com/pmjsf.twquv/v/vspfiles/photos/HX35852-2.jpg?1500294754,HX35852-2.jpg
"3.25"" Washed Wood Sphere",HXWP11,Welcome|Everyday & Organization|Tabletop decor,24,http://cdn3.volusion.com/pmjsf.twquv/v/vspfiles/photos/HXWP11-2.jpg?1500530614,HXWP11-2.jpg
"8"" Log Candle Pillar",HXWP5,Welcome|Lanterns & Lighting|Candle holders,6,http://cdn3.volusion.com/pmjsf.twquv/v/vspfiles/photos/HXWP5-2.jpg?1500530230,HXWP5-2.jpg
"12"" Primitive Snowman",MC1417001,Welcome|Seasonal,6,http://cdn3.volusion.com/pmjsf.twquv/v/vspfiles/photos/MC1417001-2.jpg?1484220663,MC1417001-2.jpg
"16"" Primitive Snowman",MC1417002,Welcome|Seasonal,6,http://cdn3.volusion.com/pmjsf.twquv/v/vspfiles/photos/MC1417002-2.jpg?1487162333,MC1417002-2.jpg
"9"" Woodlands Bird",MC1417005,Welcome|Seasonal,12,http://cdn3.volusion.com/pmjsf.twquv/v/vspfiles/photos/MC1417005-2.jpg?1488200984,MC1417005-2.jpg
"11"" Hand Vase",PD33128,Welcome|Everyday & Organization|Vases,4,http://cdn3.volusion.com/pmjsf.twquv/v/vspfiles/photos/PD33128-2.jpg?1484220663,PD33128-2.jpg
"30"" Cotton Stem (vase not included)",PDCB1702,Welcome|Collections,12,http://cdn3.volusion.com/pmjsf.twquv/v/vspfiles/photos/PDCB1702-2.jpg?1495112882,PDCB1702-2.jpg
Grey Hat Bird,PDGY032,Welcome|Seasonal|Vintage Christmas,6,http://cdn3.volusion.com/pmjsf.twquv/v/vspfiles/photos/PDGY032-2.jpg?1484220663,PDGY032-2.jpg
Lg. Bat Skull Light,Q78140819,Welcome|Seasonal,1,http://cdn3.volusion.com/pmjsf.twquv/v/vspfiles/photos/Q78140819-2.jpg?1484220663,Q78140819-2.jpg
"20"" Nautical Hanger 2 Asst.",SH-1538,Welcome|Coastal & Lake|Wall decor,24,http://cdn3.volusion.com/pmjsf.twquv/v/vspfiles/photos/SH-1538-2.jpg?1484220663,SH-1538-2.jpg
