6' SNOW MIX PINE & BERRIES GARLAND,G201430,Home|Collections|Holiday & Winter|6' SNOW MIX PINE & BERRIES GARLAND,,Estimated to be Available in Summer 2022,,,,"L: 72""",,1,99,,,,,1,Ragon400,Ragon160,https://cdn11.bigcommerce.com/s-xvps74vl0m/images/stencil/1280x1280/products/6877/15927/G201430_3__65488.1643831476.jpg?c=1,G201430_3__65488.1643831476.jpg?c=1,,,Ragon800,G201430_3__65488.1643831476.jpg?c=1
"4.5"" SNOW MIX PINE & BERRIES CANDLE RING",G201431,"Home|Collections|Holiday & Winter|4.5"" SNOW MIX PINE & BERRIES CANDLE RING",,Estimated to be Available in Summer 2022,,,,"L: 4.50""",,1,99,,,,,1,Ragon400,Ragon160,https://cdn11.bigcommerce.com/s-xvps74vl0m/images/stencil/1280x1280/products/6878/15930/G201431_2__33936.1643831567.jpg?c=1,G201431_2__33936.1643831567.jpg?c=1,,,Ragon800,G201431_2__33936.1643831567.jpg?c=1
"33"" SNOW MIX PINE & BERRIES HANGING BUSH",G201432,"Home|Collections|Holiday & Winter|33"" SNOW MIX PINE & BERRIES HANGING BUSH",,Estimated to be Available in Summer 2022,,,,"L: 33""",,1,99,,,,,1,Ragon400,Ragon160,https://cdn11.bigcommerce.com/s-xvps74vl0m/images/stencil/1280x1280/products/6879/15934/G201432_2__56040.1643831665.jpg?c=1,G201432_2__56040.1643831665.jpg?c=1,,,Ragon800,G201432_2__56040.1643831665.jpg?c=1
"20"" SNOW MIX PINE & BERRIES SPRAY",G201433,"Home|Collections|Holiday & Winter|20"" SNOW MIX PINE & BERRIES SPRAY",,Estimated to be Available in Summer 2022,,,,"L: 20""",,1,99,,,,,1,Ragon400,Ragon160,https://cdn11.bigcommerce.com/s-xvps74vl0m/images/stencil/1280x1280/products/6880/15935/G201433_2__91875.1643831731.jpg?c=1,G201433_2__91875.1643831731.jpg?c=1,,,Ragon800,G201433_2__91875.1643831731.jpg?c=1
"32"" WHEAT/ BURGANDY PRICKLY PINE HANGING BUSH W/CONES",G201434,"Home|Collections|Fall|32"" WHEAT/ BURGANDY PRICKLY PINE HANGING BUSH W/CONES",,Estimated to be Available in Summer 2022,,,,"L: 32""",,1,99,,,,,1,Ragon400,Ragon160,https://cdn11.bigcommerce.com/s-xvps74vl0m/images/stencil/1280x1280/products/6881/15939/G201434_2__15653.1643831851.jpg?c=1,G201434_2__15653.1643831851.jpg?c=1,,,Ragon800,G201434_2__15653.1643831851.jpg?c=1
"5.5"" GRAPEVINE NEST WITH EGGS",G161059,"Home|Collections|Everyday|5.5"" GRAPEVINE NEST WITH EGGS","5.50""W, PE & MMF",Estimated to ship Spring 2022,,,,"W: 5.50""",,1,99,,,,,1,Ragon400,Ragon160,https://cdn11.bigcommerce.com/s-xvps74vl0m/images/stencil/1280x1280/products/3404/15571/G161059_3__06545.1643228422.jpg?c=1,G161059_3__06545.1643228422.jpg?c=1,,,Ragon800,G161059_3__06545.1643228422.jpg?c=1
"5.5"" GRAPEVINE NEST WITH EGGS",G161059,"Home|Collections|Everyday|5.5"" GRAPEVINE NEST WITH EGGS","5.50""W, PE & MMF",Estimated to ship Spring 2022,,,,"W: 5.50""",,1,99,,,,,1,Ragon400,Ragon160,https://cdn11.bigcommerce.com/s-xvps74vl0m/images/stencil/1280x1280/products/3404/15571/G161059_3__06545.1643228422.jpg?c=1,G161059_3__06545.1643228422.jpg?c=1,,,Ragon800,G161059_3__06545.1643228422.jpg?c=1
"5.5"" GRAPEVINE NEST WITH EGGS",G161059,"Home|Collections|Everyday|5.5"" GRAPEVINE NEST WITH EGGS","5.50""W, PE & MMF",Estimated to ship Spring 2022,,,,"W: 5.50""",,1,99,,,,,1,Ragon400,Ragon160,https://cdn11.bigcommerce.com/s-xvps74vl0m/images/stencil/1280x1280/products/3404/15571/G161059_3__06545.1643228422.jpg?c=1,G161059_3__06545.1643228422.jpg?c=1,,,Ragon800,G161059_3__06545.1643228422.jpg?c=1
"5.5"" GRAPEVINE NEST WITH EGGS",G161059,"Home|Collections|Everyday|5.5"" GRAPEVINE NEST WITH EGGS","5.50""W, PE & MMF",Estimated to ship Spring 2022,,,,"W: 5.50""",,1,99,,,,,1,Ragon400,Ragon160,https://cdn11.bigcommerce.com/s-xvps74vl0m/images/stencil/1280x1280/products/3404/15571/G161059_3__06545.1643228422.jpg?c=1,G161059_3__06545.1643228422.jpg?c=1,,,Ragon800,G161059_3__06545.1643228422.jpg?c=1
6' HEMLOCK/CEDAR W/BERRIES GARLAND,G201439,Home|Collections|Holiday & Winter|6' HEMLOCK/CEDAR W/BERRIES GARLAND,,Estimated to be Available in Summer 2022,,,,"L: 72""",,1,99,,,,,1,Ragon400,Ragon160,https://cdn11.bigcommerce.com/s-xvps74vl0m/images/stencil/1280x1280/products/6886/15942/G201439_3__21959.1643831912.jpg?c=1,G201439_3__21959.1643831912.jpg?c=1,,,Ragon800,G201439_3__21959.1643831912.jpg?c=1
"35"" HEMLOCK/CEDAR W/BERRIES HANGING BUSH",G201440,"Home|Collections|Holiday & Winter|35"" HEMLOCK/CEDAR W/BERRIES HANGING BUSH",,Estimated to be Available in Summer 2022,,,,"L: 35""",,1,99,,,,,1,Ragon400,Ragon160,https://cdn11.bigcommerce.com/s-xvps74vl0m/images/stencil/1280x1280/products/6887/15944/G201440_1__59773.1643831968.jpg?c=1,G201440_1__59773.1643831968.jpg?c=1,,,Ragon800,G201440_1__59773.1643831968.jpg?c=1
"14"" HEMLOCK/CEDAR W/BERRIES",G201441,"Home|Collections|Holiday & Winter|14"" HEMLOCK/CEDAR W/BERRIES",,Estimated to be Available in Summer 2022,,,,"L: 14""",,1,99,,,,,1,Ragon400,Ragon160,https://cdn11.bigcommerce.com/s-xvps74vl0m/images/stencil/1280x1280/products/6888/15946/G201441_2__15807.1643832019.jpg?c=1,G201441_2__15807.1643832019.jpg?c=1,,,Ragon800,G201441_2__15807.1643832019.jpg?c=1
"13"" MIXED PINE MINI WREATH W/CONE & BERRIES",G201442,"Home|Collections|Holiday & Winter|13"" MIXED PINE MINI WREATH W/CONE & BERRIES",,Estimated to be Available in Summer 2022,,,,"L: 13""",,1,99,,,,,1,Ragon400,Ragon160,https://cdn11.bigcommerce.com/s-xvps74vl0m/images/stencil/1280x1280/products/6889/15948/G201442_4__60156.1643832072.jpg?c=1,G201442_4__60156.1643832072.jpg?c=1,,,Ragon800,G201442_4__60156.1643832072.jpg?c=1
"8"" MIXED PINE HALF BALL W/CONE & BERRIES",G201443,"Home|Collections|Holiday & Winter|8"" MIXED PINE HALF BALL W/CONE & BERRIES",,Estimated to be Available in Summer 2022,,,,"L: 8""",,1,99,,,,,1,Ragon400,Ragon160,https://cdn11.bigcommerce.com/s-xvps74vl0m/images/stencil/1280x1280/products/6890/15970/G201443_3__81184.1643833161.jpg?c=1,G201443_3__81184.1643833161.jpg?c=1,,,Ragon800,G201443_3__81184.1643833161.jpg?c=1
"9"" ANGEL PINE HALF BALL",G201444,"Home|Collections|Holiday & Winter|9"" ANGEL PINE HALF BALL",,Estimated to be Available in Summer 2022,,,,"L: 9"" H: 6.50""",,1,99,,,,,1,Ragon400,Ragon160,https://cdn11.bigcommerce.com/s-xvps74vl0m/images/stencil/1280x1280/products/6891/15973/G201444_1__29253.1643833204.jpg?c=1,G201444_1__29253.1643833204.jpg?c=1,,,Ragon800,G201444_1__29253.1643833204.jpg?c=1
"6"" MIXED PINE HALF BALL W/CONE & BERRIES",G201445,"Home|Collections|Holiday & Winter|6"" MIXED PINE HALF BALL W/CONE & BERRIES",,Estimated to be Available in Summer 2022,,,,"L: 6""",,1,99,,,,,1,Ragon400,Ragon160,https://cdn11.bigcommerce.com/s-xvps74vl0m/images/stencil/1280x1280/products/6892/15975/G201445_1__44171.1643833252.jpg?c=1,G201445_1__44171.1643833252.jpg?c=1,,,Ragon800,G201445_1__44171.1643833252.jpg?c=1
"5.5"" GRAPEVINE NEST WITH EGGS",G161059,"Home|Collections|Everyday|5.5"" GRAPEVINE NEST WITH EGGS","5.50""W, PE & MMF",Estimated to ship Spring 2022,,,,"W: 5.50""",,1,99,,,,,1,Ragon400,Ragon160,https://cdn11.bigcommerce.com/s-xvps74vl0m/images/stencil/1280x1280/products/3404/15571/G161059_3__06545.1643228422.jpg?c=1,G161059_3__06545.1643228422.jpg?c=1,,,Ragon800,G161059_3__06545.1643228422.jpg?c=1
"21"" MIXED PINE & HOLLY SPRAY",G201450,"Home|Collections|Holiday & Winter|21"" MIXED PINE & HOLLY SPRAY",,Estimated to be Available in Summer 2022,,,,"L: 21""",,1,99,,,,,1,Ragon400,Ragon160,https://cdn11.bigcommerce.com/s-xvps74vl0m/images/stencil/1280x1280/products/6894/15978/G201450_2__85649.1643833309.jpg?c=1,G201450_2__85649.1643833309.jpg?c=1,,,Ragon800,G201450_2__85649.1643833309.jpg?c=1
"20"" ORANGE PUMPKIN VINE",G201451,"Home|Collections|Fall|20"" ORANGE PUMPKIN VINE",,Estimated to be Available in Summer 2022,,,,"L: 20""",,1,99,,,,,1,Ragon400,Ragon160,https://cdn11.bigcommerce.com/s-xvps74vl0m/images/stencil/1280x1280/products/6895/15981/G201451_3__66933.1643833354.jpg?c=1,G201451_3__66933.1643833354.jpg?c=1,,,Ragon800,G201451_3__66933.1643833354.jpg?c=1
"14"" DUSTY GREEN PUMPKIN VINE",G201452,"Home|Collections|Fall|14"" DUSTY GREEN PUMPKIN VINE",,Estimated to be Available in Summer 2022,,,,"L: 14""",,1,99,,,,,1,Ragon400,Ragon160,https://cdn11.bigcommerce.com/s-xvps74vl0m/images/stencil/1280x1280/products/6896/15982/G201452_3__77339.1643833406.jpg?c=1,G201452_3__77339.1643833406.jpg?c=1,,,Ragon800,G201452_3__77339.1643833406.jpg?c=1
"36"" EUCALYPTUS SEED BUSH",G201456,"Home|Collections|Fall|36"" EUCALYPTUS SEED BUSH",,Estimated to be Available in Summer 2022,,,,"L: 36""",,1,99,,,,,1,Ragon400,Ragon160,https://cdn11.bigcommerce.com/s-xvps74vl0m/images/stencil/1280x1280/products/6897/15985/G201456_2__34705.1643833476.jpg?c=1,G201456_2__34705.1643833476.jpg?c=1,,,Ragon800,G201456_2__34705.1643833476.jpg?c=1
"23"" HYDRANGEA BUSH",G201457,"Home|Collections|Fall|23"" HYDRANGEA BUSH",,Estimated to be Available in Summer 2022,,,,"L: 23""",,1,99,,,,,1,Ragon400,Ragon160,https://cdn11.bigcommerce.com/s-xvps74vl0m/images/stencil/1280x1280/products/6898/15987/G201457_4__05822.1643833532.jpg?c=1,G201457_4__05822.1643833532.jpg?c=1,,,Ragon800,G201457_4__05822.1643833532.jpg?c=1
"5.5"" GRAPEVINE NEST WITH EGGS",G161059,"Home|Collections|Everyday|5.5"" GRAPEVINE NEST WITH EGGS","5.50""W, PE & MMF",Estimated to ship Spring 2022,,,,"W: 5.50""",,1,99,,,,,1,Ragon400,Ragon160,https://cdn11.bigcommerce.com/s-xvps74vl0m/images/stencil/1280x1280/products/3404/15571/G161059_3__06545.1643228422.jpg?c=1,G161059_3__06545.1643228422.jpg?c=1,,,Ragon800,G161059_3__06545.1643228422.jpg?c=1
"4.5"" LETTERS TO SANTA ORNAMENT",G201462,"Home|Collections|Holiday & Winter|4.5"" LETTERS TO SANTA ORNAMENT",,Estimated to be Available in Summer 2022,,,,"H: 4.50""",,1,99,,,,,1,Ragon400,Ragon160,https://cdn11.bigcommerce.com/s-xvps74vl0m/images/stencil/1280x1280/products/6900/15990/G201462_1__25981.1643833590.jpg?c=1,G201462_1__25981.1643833590.jpg?c=1,,,Ragon800,G201462_1__25981.1643833590.jpg?c=1
"5.5"" GRAPEVINE NEST WITH EGGS",G161059,"Home|Collections|Everyday|5.5"" GRAPEVINE NEST WITH EGGS","5.50""W, PE & MMF",Estimated to ship Spring 2022,,,,"W: 5.50""",,1,99,,,,,1,Ragon400,Ragon160,https://cdn11.bigcommerce.com/s-xvps74vl0m/images/stencil/1280x1280/products/3404/15571/G161059_3__06545.1643228422.jpg?c=1,G161059_3__06545.1643228422.jpg?c=1,,,Ragon800,G161059_3__06545.1643228422.jpg?c=1
"3.5"" HOUSE ORNAMENT",G201464,"Home|Collections|Holiday & Winter|3.5"" HOUSE ORNAMENT",,Estimated to be Available in Summer 2022,,,,"H: 3.50""",,1,99,,,,,1,Ragon400,Ragon160,https://cdn11.bigcommerce.com/s-xvps74vl0m/images/stencil/1280x1280/products/6902/16002/G201464_5__18447.1643833996.jpg?c=1,G201464_5__18447.1643833996.jpg?c=1,,,Ragon800,G201464_5__18447.1643833996.jpg?c=1
"5"" SUN W/FOREST ORNAMENT",G201465,"Home|Collections|Holiday & Winter|5"" SUN W/FOREST ORNAMENT",,Estimated to be Available in Summer 2022,,,,"H: 5""",,1,99,,,,,1,Ragon400,Ragon160,https://cdn11.bigcommerce.com/s-xvps74vl0m/images/stencil/1280x1280/products/6903/16005/G201465_2__49662.1643834063.jpg?c=1,G201465_2__49662.1643834063.jpg?c=1,,,Ragon800,G201465_2__49662.1643834063.jpg?c=1
"5.5"" GRAPEVINE NEST WITH EGGS",G161059,"Home|Collections|Everyday|5.5"" GRAPEVINE NEST WITH EGGS","5.50""W, PE & MMF",Estimated to ship Spring 2022,,,,"W: 5.50""",,1,99,,,,,1,Ragon400,Ragon160,https://cdn11.bigcommerce.com/s-xvps74vl0m/images/stencil/1280x1280/products/3404/15571/G161059_3__06545.1643228422.jpg?c=1,G161059_3__06545.1643228422.jpg?c=1,,,Ragon800,G161059_3__06545.1643228422.jpg?c=1
"5.5"" GRAPEVINE NEST WITH EGGS",G161059,"Home|Collections|Everyday|5.5"" GRAPEVINE NEST WITH EGGS","5.50""W, PE & MMF",Estimated to ship Spring 2022,,,,"W: 5.50""",,1,99,,,,,1,Ragon400,Ragon160,https://cdn11.bigcommerce.com/s-xvps74vl0m/images/stencil/1280x1280/products/3404/15571/G161059_3__06545.1643228422.jpg?c=1,G161059_3__06545.1643228422.jpg?c=1,,,Ragon800,G161059_3__06545.1643228422.jpg?c=1
"5.5"" GRAPEVINE NEST WITH EGGS",G161059,"Home|Collections|Everyday|5.5"" GRAPEVINE NEST WITH EGGS","5.50""W, PE & MMF",Estimated to ship Spring 2022,,,,"W: 5.50""",,1,99,,,,,1,Ragon400,Ragon160,https://cdn11.bigcommerce.com/s-xvps74vl0m/images/stencil/1280x1280/products/3404/15571/G161059_3__06545.1643228422.jpg?c=1,G161059_3__06545.1643228422.jpg?c=1,,,Ragon800,G161059_3__06545.1643228422.jpg?c=1
"5.5"" GRAPEVINE NEST WITH EGGS",G161059,"Home|Collections|Everyday|5.5"" GRAPEVINE NEST WITH EGGS","5.50""W, PE & MMF",Estimated to ship Spring 2022,,,,"W: 5.50""",,1,99,,,,,1,Ragon400,Ragon160,https://cdn11.bigcommerce.com/s-xvps74vl0m/images/stencil/1280x1280/products/3404/15571/G161059_3__06545.1643228422.jpg?c=1,G161059_3__06545.1643228422.jpg?c=1,,,Ragon800,G161059_3__06545.1643228422.jpg?c=1
"5.5"" GRAPEVINE NEST WITH EGGS",G161059,"Home|Collections|Everyday|5.5"" GRAPEVINE NEST WITH EGGS","5.50""W, PE & MMF",Estimated to ship Spring 2022,,,,"W: 5.50""",,1,99,,,,,1,Ragon400,Ragon160,https://cdn11.bigcommerce.com/s-xvps74vl0m/images/stencil/1280x1280/products/3404/15571/G161059_3__06545.1643228422.jpg?c=1,G161059_3__06545.1643228422.jpg?c=1,,,Ragon800,G161059_3__06545.1643228422.jpg?c=1
6' PAPER RING GARLAND,G201473,Home|Collections|Holiday & Winter|6' PAPER RING GARLAND,,Estimated to be Available in Summer 2022,,,,"H: 72""",,1,99,,,,,1,Ragon400,Ragon160,https://cdn11.bigcommerce.com/s-xvps74vl0m/images/stencil/1280x1280/products/6909/16011/G201473_1__82299.1643834130.jpg?c=1,G201473_1__82299.1643834130.jpg?c=1,,,Ragon800,G201473_1__82299.1643834130.jpg?c=1
"5.5"" GRAPEVINE NEST WITH EGGS",G161059,"Home|Collections|Everyday|5.5"" GRAPEVINE NEST WITH EGGS","5.50""W, PE & MMF",Estimated to ship Spring 2022,,,,"W: 5.50""",,1,99,,,,,1,Ragon400,Ragon160,https://cdn11.bigcommerce.com/s-xvps74vl0m/images/stencil/1280x1280/products/3404/15571/G161059_3__06545.1643228422.jpg?c=1,G161059_3__06545.1643228422.jpg?c=1,,,Ragon800,G161059_3__06545.1643228422.jpg?c=1
"5.5"" GRAPEVINE NEST WITH EGGS",G161059,"Home|Collections|Everyday|5.5"" GRAPEVINE NEST WITH EGGS","5.50""W, PE & MMF",Estimated to ship Spring 2022,,,,"W: 5.50""",,1,99,,,,,1,Ragon400,Ragon160,https://cdn11.bigcommerce.com/s-xvps74vl0m/images/stencil/1280x1280/products/3404/15571/G161059_3__06545.1643228422.jpg?c=1,G161059_3__06545.1643228422.jpg?c=1,,,Ragon800,G161059_3__06545.1643228422.jpg?c=1
"5.5"" GRAPEVINE NEST WITH EGGS",G161059,"Home|Collections|Everyday|5.5"" GRAPEVINE NEST WITH EGGS","5.50""W, PE & MMF",Estimated to ship Spring 2022,,,,"W: 5.50""",,1,99,,,,,1,Ragon400,Ragon160,https://cdn11.bigcommerce.com/s-xvps74vl0m/images/stencil/1280x1280/products/3404/15571/G161059_3__06545.1643228422.jpg?c=1,G161059_3__06545.1643228422.jpg?c=1,,,Ragon800,G161059_3__06545.1643228422.jpg?c=1
"20"" POMEGRANATE/HEMLOCK/CONE TABLE PIECE",G201489,"Home|Collections|Holiday & Winter|20"" POMEGRANATE/HEMLOCK/CONE TABLE PIECE",,Estimated to be Available in Summer 2022,,,,"L: 20""",,1,99,,,,,1,Ragon400,Ragon160,https://cdn11.bigcommerce.com/s-xvps74vl0m/images/stencil/1280x1280/products/6913/16013/G201489_1__82418.1643834180.jpg?c=1,G201489_1__82418.1643834180.jpg?c=1,,,Ragon800,G201489_1__82418.1643834180.jpg?c=1
"5.5"" GRAPEVINE NEST WITH EGGS",G161059,"Home|Collections|Everyday|5.5"" GRAPEVINE NEST WITH EGGS","5.50""W, PE & MMF",Estimated to ship Spring 2022,,,,"W: 5.50""",,1,99,,,,,1,Ragon400,Ragon160,https://cdn11.bigcommerce.com/s-xvps74vl0m/images/stencil/1280x1280/products/3404/15571/G161059_3__06545.1643228422.jpg?c=1,G161059_3__06545.1643228422.jpg?c=1,,,Ragon800,G161059_3__06545.1643228422.jpg?c=1
"24"" FOXTAIL PINE TREE W/BURLAP BASE",G201509,"Home|Collections|Holiday & Winter|24"" FOXTAIL PINE TREE W/BURLAP BASE",,Estimated to be Available in Summer 2022,,,,"L: 24""",,1,99,,,,,1,Ragon400,Ragon160,https://cdn11.bigcommerce.com/s-xvps74vl0m/images/stencil/1280x1280/products/6915/16016/G201509_2__82183.1643834248.jpg?c=1,G201509_2__82183.1643834248.jpg?c=1,,,Ragon800,G201509_2__82183.1643834248.jpg?c=1
"30"" FOXTAIL PINE TREE W/BURLAP BASE",G201510,"Home|Collections|Holiday & Winter|30"" FOXTAIL PINE TREE W/BURLAP BASE",,Estimated to be Available in Summer 2022,,,,"L: 30""",,1,99,,,,,1,Ragon400,Ragon160,https://cdn11.bigcommerce.com/s-xvps74vl0m/images/stencil/1280x1280/products/6916/16021/G201510_1__22661.1643834308.jpg?c=1,G201510_1__22661.1643834308.jpg?c=1,,,Ragon800,G201510_1__22661.1643834308.jpg?c=1
"5.5"" GRAPEVINE NEST WITH EGGS",G161059,"Home|Collections|Everyday|5.5"" GRAPEVINE NEST WITH EGGS","5.50""W, PE & MMF",Estimated to ship Spring 2022,,,,"W: 5.50""",,1,99,,,,,1,Ragon400,Ragon160,https://cdn11.bigcommerce.com/s-xvps74vl0m/images/stencil/1280x1280/products/3404/15571/G161059_3__06545.1643228422.jpg?c=1,G161059_3__06545.1643228422.jpg?c=1,,,Ragon800,G161059_3__06545.1643228422.jpg?c=1
"28"" SNOW PINE/BERRIES/CONE WREATH W/BELLS",G201523,"Home|Collections|Holiday & Winter|28"" SNOW PINE/BERRIES/CONE WREATH W/BELLS",,Estimated to be Available in Summer 2022,,,,"L: 28""",,1,99,,,,,1,Ragon400,Ragon160,https://cdn11.bigcommerce.com/s-xvps74vl0m/images/stencil/1280x1280/products/6918/16027/G201523_1__77324.1643834441.jpg?c=1,G201523_1__77324.1643834441.jpg?c=1,,,Ragon800,G201523_1__77324.1643834441.jpg?c=1
"20"" SNOW PINE/BERRIES/CONE PICK",G201524,"Home|Collections|Holiday & Winter|20"" SNOW PINE/BERRIES/CONE PICK",,Estimated to be Available in Summer 2022,,,,"L: 20""",,1,99,,,,,1,Ragon400,Ragon160,https://cdn11.bigcommerce.com/s-xvps74vl0m/images/stencil/1280x1280/products/6919/16029/G201524_1__83273.1643834498.jpg?c=1,G201524_1__83273.1643834498.jpg?c=1,,,Ragon800,G201524_1__83273.1643834498.jpg?c=1
"20"" EUCALYPTUS/PUMPKIN/CONE WREATH",G201525,"Home|Collections|Fall|20"" EUCALYPTUS/PUMPKIN/CONE WREATH",,Estimated to be Available in Summer 2022,,,,"L: 20""",,1,99,,,,,1,Ragon400,Ragon160,https://cdn11.bigcommerce.com/s-xvps74vl0m/images/stencil/1280x1280/products/6920/16034/G201525_1__96489.1643834551.jpg?c=1,G201525_1__96489.1643834551.jpg?c=1,,,Ragon800,G201525_1__96489.1643834551.jpg?c=1
"14"" EUCALYPTUS/PUMPKIN/CONE PICK",G201526,"Home|Collections|Fall|14"" EUCALYPTUS/PUMPKIN/CONE PICK",,Estimated to be Available in Summer 2022,,,,"L: 14""",,1,99,,,,,1,Ragon400,Ragon160,https://cdn11.bigcommerce.com/s-xvps74vl0m/images/stencil/1280x1280/products/6921/16035/G201526_3__35800.1643834606.jpg?c=1,G201526_3__35800.1643834606.jpg?c=1,,,Ragon800,G201526_3__35800.1643834606.jpg?c=1
"19"" DUSTY PURPLE SINGLE MUM SPRAY",G201548,"Home|Collections|Fall|19"" DUSTY PURPLE SINGLE MUM SPRAY",,Estimated to be Available in Summer 2022,,,,"L: 19""",,1,99,,,,,1,Ragon400,Ragon160,https://cdn11.bigcommerce.com/s-xvps74vl0m/images/stencil/1280x1280/products/6922/16042/G201548_2__02838.1643834658.jpg?c=1,G201548_2__02838.1643834658.jpg?c=1,,,Ragon800,G201548_2__02838.1643834658.jpg?c=1
"19"" BEIGE SINGLE MUM SPRAY",G201551,"Home|Collections|Fall|19"" BEIGE SINGLE MUM SPRAY",,Estimated to be Available in Summer 2022,,,,"L: 19""",,1,99,,,,,1,Ragon400,Ragon160,https://cdn11.bigcommerce.com/s-xvps74vl0m/images/stencil/1280x1280/products/6923/16043/G201551_3__27854.1643834699.jpg?c=1,G201551_3__27854.1643834699.jpg?c=1,,,Ragon800,G201551_3__27854.1643834699.jpg?c=1
"14"" MAUVE YELLOW ROSE BUNDLE",G201552,"Home|Collections|Fall|14"" MAUVE YELLOW ROSE BUNDLE",,Estimated to be Available in Summer 2022,,,,"L: 14""",,1,99,,,,,1,Ragon400,Ragon160,https://cdn11.bigcommerce.com/s-xvps74vl0m/images/stencil/1280x1280/products/6924/16048/G201552_1__11096.1643834729.jpg?c=1,G201552_1__11096.1643834729.jpg?c=1,,,Ragon800,G201552_1__11096.1643834729.jpg?c=1
"22"" BEIGE LARGE ARTICHOKE SPRAY",G201554,"Home|Collections|Fall|22"" BEIGE LARGE ARTICHOKE SPRAY",,Estimated to be Available in Summer 2022,,,,"L: 22""",,1,99,,,,,1,Ragon400,Ragon160,https://cdn11.bigcommerce.com/s-xvps74vl0m/images/stencil/1280x1280/products/6925/16050/G201554_3__73964.1643834780.jpg?c=1,G201554_3__73964.1643834780.jpg?c=1,,,Ragon800,G201554_3__73964.1643834780.jpg?c=1
"5.5"" GRAPEVINE NEST WITH EGGS",G161059,"Home|Collections|Everyday|5.5"" GRAPEVINE NEST WITH EGGS","5.50""W, PE & MMF",Estimated to ship Spring 2022,,,,"W: 5.50""",,1,99,,,,,1,Ragon400,Ragon160,https://cdn11.bigcommerce.com/s-xvps74vl0m/images/stencil/1280x1280/products/3404/15571/G161059_3__06545.1643228422.jpg?c=1,G161059_3__06545.1643228422.jpg?c=1,,,Ragon800,G161059_3__06545.1643228422.jpg?c=1
"22"" GREEN LARGE ARTICHOKE SPRAY",G201556,"Home|Collections|Fall|22"" GREEN LARGE ARTICHOKE SPRAY",,Estimated to be Available in Summer 2022,,,,"L: 22""",,1,99,,,,,1,Ragon400,Ragon160,https://cdn11.bigcommerce.com/s-xvps74vl0m/images/stencil/1280x1280/products/6927/16053/G201556_2__11241.1643834827.jpg?c=1,G201556_2__11241.1643834827.jpg?c=1,,,Ragon800,G201556_2__11241.1643834827.jpg?c=1
"22"" SAGE/PURPLE LARGE ARTICHOKE SPRAY",G201557,"Home|Collections|Fall|22"" SAGE/PURPLE LARGE ARTICHOKE SPRAY",,Estimated to be Available in Summer 2022,,,,"L: 22""",,1,99,,,,,1,Ragon400,Ragon160,https://cdn11.bigcommerce.com/s-xvps74vl0m/images/stencil/1280x1280/products/6928/16056/G201557_2__90439.1643834868.jpg?c=1,G201557_2__90439.1643834868.jpg?c=1,,,Ragon800,G201557_2__90439.1643834868.jpg?c=1
"24"" BEIGE RANUNCULUS SPRAY",G201559,"Home|Collections|Fall|24"" BEIGE RANUNCULUS SPRAY",,Estimated to be Available in Summer 2022,,,,"L: 24""",,1,99,,,,,1,Ragon400,Ragon160,https://cdn11.bigcommerce.com/s-xvps74vl0m/images/stencil/1280x1280/products/6929/16057/G201559_2__24227.1643834915.jpg?c=1,G201559_2__24227.1643834915.jpg?c=1,,,Ragon800,G201559_2__24227.1643834915.jpg?c=1
"24"" DUSTY BEIGE RANUNCULUS SPRAY",G201561,"Home|Collections|Fall|24"" DUSTY BEIGE RANUNCULUS SPRAY",,Estimated to be Available in Summer 2022,,,,"L: 24""",,1,99,,,,,1,Ragon400,Ragon160,https://cdn11.bigcommerce.com/s-xvps74vl0m/images/stencil/1280x1280/products/6930/16061/G201561_3__87934.1643834978.jpg?c=1,G201561_3__87934.1643834978.jpg?c=1,,,Ragon800,G201561_3__87934.1643834978.jpg?c=1
"5.5"" GRAPEVINE NEST WITH EGGS",G161059,"Home|Collections|Everyday|5.5"" GRAPEVINE NEST WITH EGGS","5.50""W, PE & MMF",Estimated to ship Spring 2022,,,,"W: 5.50""",,1,99,,,,,1,Ragon400,Ragon160,https://cdn11.bigcommerce.com/s-xvps74vl0m/images/stencil/1280x1280/products/3404/15571/G161059_3__06545.1643228422.jpg?c=1,G161059_3__06545.1643228422.jpg?c=1,,,Ragon800,G161059_3__06545.1643228422.jpg?c=1
"24"" SAGE RANUNCULUS SPRAY",G201564,"Home|Collections|Fall|24"" SAGE RANUNCULUS SPRAY",,Estimated to be Available in Summer 2022,,,,"L: 24""",,1,99,,,,,1,Ragon400,Ragon160,https://cdn11.bigcommerce.com/s-xvps74vl0m/images/stencil/1280x1280/products/6932/16064/G201564_2__04369.1643835034.jpg?c=1,G201564_2__04369.1643835034.jpg?c=1,,,Ragon800,G201564_2__04369.1643835034.jpg?c=1
"19"" BEIGE PEONY SPRAY",G201569,"Home|Collections|Fall|19"" BEIGE PEONY SPRAY",,Estimated to be Available in Summer 2022,,,,"L: 19""",,1,99,,,,,1,Ragon400,Ragon160,https://cdn11.bigcommerce.com/s-xvps74vl0m/images/stencil/1280x1280/products/6933/16067/G201569_2__77273.1643835088.jpg?c=1,G201569_2__77273.1643835088.jpg?c=1,,,Ragon800,G201569_2__77273.1643835088.jpg?c=1
"19"" BEIGE MAUVE PEONY SPRAY",G201571,"Home|Collections|Fall|19"" BEIGE MAUVE PEONY SPRAY",,Estimated to be Available in Summer 2022,,,,"L: 19""",,1,99,,,,,1,Ragon400,Ragon160,https://cdn11.bigcommerce.com/s-xvps74vl0m/images/stencil/1280x1280/products/6934/16070/G201571_2__34244.1643835162.jpg?c=1,G201571_2__34244.1643835162.jpg?c=1,,,Ragon800,G201571_2__34244.1643835162.jpg?c=1
"19"" SAGE PURPLE PEONY SPRAY",G201572,"Home|Collections|Fall|19"" SAGE PURPLE PEONY SPRAY",,Estimated to be Available in Summer 2022,,,,"L: 19""",,1,99,,,,,1,Ragon400,Ragon160,https://cdn11.bigcommerce.com/s-xvps74vl0m/images/stencil/1280x1280/products/6935/16072/G201572_1__87329.1643835194.jpg?c=1,G201572_1__87329.1643835194.jpg?c=1,,,Ragon800,G201572_1__87329.1643835194.jpg?c=1
"19"" SAGE PEONY SPRAY",G201573,"Home|Collections|Fall|19"" SAGE PEONY SPRAY",,Estimated to be Available in Summer 2022,,,,"L: 19""",,1,99,,,,,1,Ragon400,Ragon160,https://cdn11.bigcommerce.com/s-xvps74vl0m/images/stencil/1280x1280/products/6936/16075/G201573_2__99093.1643835291.jpg?c=1,G201573_2__99093.1643835291.jpg?c=1,,,Ragon800,G201573_2__99093.1643835291.jpg?c=1
"15"" MIXED PINE MINI WREATH W/BERRIES & CONES",G201586,"Home|Collections|Holiday & Winter|15"" MIXED PINE MINI WREATH W/BERRIES & CONES",,Estimated to be Available in Summer 2022,,,,"L: 15""",,1,99,,,,,1,Ragon400,Ragon160,https://cdn11.bigcommerce.com/s-xvps74vl0m/images/stencil/1280x1280/products/6937/16078/G201586_2__90073.1643835388.jpg?c=1,G201586_2__90073.1643835388.jpg?c=1,,,Ragon800,G201586_2__90073.1643835388.jpg?c=1
"10"" PINE/MINI LEAF MINI WREATH",G201587,"Home|Collections|Holiday & Winter|10"" PINE/MINI LEAF MINI WREATH",,Estimated to be Available in Summer 2022,,,,"L: 10""",,1,99,,,,,1,Ragon400,Ragon160,https://cdn11.bigcommerce.com/s-xvps74vl0m/images/stencil/1280x1280/products/6938/16083/G201587_1__73722.1643835637.jpg?c=1,G201587_1__73722.1643835637.jpg?c=1,,,Ragon800,G201587_1__73722.1643835637.jpg?c=1
"20"" BISQUE MIXED FOLIAGE MUM BUSH",G201588,"Home|Collections|Fall|20"" BISQUE MIXED FOLIAGE MUM BUSH",,Estimated to be Available in Summer 2022,,,,"L: 20""",,1,99,,,,,1,Ragon400,Ragon160,https://cdn11.bigcommerce.com/s-xvps74vl0m/images/stencil/1280x1280/products/6939/16085/G201588_3__76699.1643835691.jpg?c=1,G201588_3__76699.1643835691.jpg?c=1,,,Ragon800,G201588_3__76699.1643835691.jpg?c=1
"20"" BROWN MIXED FOLIAGE MUM BUSH",G201589,"Home|Collections|Fall|20"" BROWN MIXED FOLIAGE MUM BUSH",,Estimated to be Available in Summer 2022,,,,"L: 20""",,1,99,,,,,1,Ragon400,Ragon160,https://cdn11.bigcommerce.com/s-xvps74vl0m/images/stencil/1280x1280/products/6940/16088/G201589_3__41616.1643835747.jpg?c=1,G201589_3__41616.1643835747.jpg?c=1,,,Ragon800,G201589_3__41616.1643835747.jpg?c=1
"20"" DARK RED MIXED FOLIAGE/CAMELLIA BUSH",G201590,"Home|Collections|Fall|20"" DARK RED MIXED FOLIAGE/CAMELLIA BUSH",,Estimated to be Available in Summer 2022,,,,"L: 20""",,1,99,,,,,1,Ragon400,Ragon160,https://cdn11.bigcommerce.com/s-xvps74vl0m/images/stencil/1280x1280/products/6941/16089/G201590_2__38541.1643835799.jpg?c=1,G201590_2__38541.1643835799.jpg?c=1,,,Ragon800,G201590_2__38541.1643835799.jpg?c=1
"20"" TAN MIXED FOLIAGE/CAMELLIA BUSH",G201592,"Home|Collections|Fall|20"" TAN MIXED FOLIAGE/CAMELLIA BUSH",,Estimated to be Available in Summer 2022,,,,"L: 20""",,1,99,,,,,1,Ragon400,Ragon160,https://cdn11.bigcommerce.com/s-xvps74vl0m/images/stencil/1280x1280/products/6942/16091/G201592_2__10387.1643835876.jpg?c=1,G201592_2__10387.1643835876.jpg?c=1,,,Ragon800,G201592_2__10387.1643835876.jpg?c=1
"16"" MAPLE LEAVES WREATH",G201595,"Home|Collections|Fall|16"" MAPLE LEAVES WREATH",,Estimated to be Available in Summer 2022,,,,"L: 16""",,1,99,,,,,1,Ragon400,Ragon160,https://cdn11.bigcommerce.com/s-xvps74vl0m/images/stencil/1280x1280/products/6943/16094/G201595_2__52463.1643835935.jpg?c=1,G201595_2__52463.1643835935.jpg?c=1,,,Ragon800,G201595_2__52463.1643835935.jpg?c=1
5' LEAVES/BERRIES GARLAND,G201597,Home|Collections|Fall|5' LEAVES/BERRIES GARLAND,,Estimated to be Available in Summer 2022,,,,"L: 60""",,1,99,,,,,1,Ragon400,Ragon160,https://cdn11.bigcommerce.com/s-xvps74vl0m/images/stencil/1280x1280/products/6944/16095/G201597_2__15732.1643835984.jpg?c=1,G201597_2__15732.1643835984.jpg?c=1,,,Ragon800,G201597_2__15732.1643835984.jpg?c=1
"22"" LEAVES/BERRIES WREATH",G201598,"Home|Collections|Fall|22"" LEAVES/BERRIES WREATH",,Estimated to be Available in Summer 2022,,,,"L: 22""",,1,99,,,,,1,Ragon400,Ragon160,https://cdn11.bigcommerce.com/s-xvps74vl0m/images/stencil/1280x1280/products/6945/16097/G201598_2__76476.1643836038.jpg?c=1,G201598_2__76476.1643836038.jpg?c=1,,,Ragon800,G201598_2__76476.1643836038.jpg?c=1
"20"" LEAVES/BERRIES SPRAY",G201599,"Home|Collections|Fall|20"" LEAVES/BERRIES SPRAY",,Estimated to be Available in Summer 2022,,,,"L: 20""",,1,99,,,,,1,Ragon400,Ragon160,https://cdn11.bigcommerce.com/s-xvps74vl0m/images/stencil/1280x1280/products/6946/16099/G201599_3__15295.1643836082.jpg?c=1,G201599_3__15295.1643836082.jpg?c=1,,,Ragon800,G201599_3__15295.1643836082.jpg?c=1
"30"" SNOW MIXED PINE W/ JINGLE BELL & BERRIES SPRAY",G201613,"Home|Collections|Holiday & Winter|30"" SNOW MIXED PINE W/ JINGLE BELL & BERRIES SPRAY",,Estimated to be Available in Summer 2022,,,,"L: 30""",,1,99,,,,,1,Ragon400,Ragon160,https://cdn11.bigcommerce.com/s-xvps74vl0m/images/stencil/1280x1280/products/6947/16101/G201613_1__43025.1643836219.jpg?c=1,G201613_1__43025.1643836219.jpg?c=1,,,Ragon800,G201613_1__43025.1643836219.jpg?c=1
"5.5"" GRAPEVINE NEST WITH EGGS",G161059,"Home|Collections|Everyday|5.5"" GRAPEVINE NEST WITH EGGS","5.50""W, PE & MMF",Estimated to ship Spring 2022,,,,"W: 5.50""",,1,99,,,,,1,Ragon400,Ragon160,https://cdn11.bigcommerce.com/s-xvps74vl0m/images/stencil/1280x1280/products/3404/15571/G161059_3__06545.1643228422.jpg?c=1,G161059_3__06545.1643228422.jpg?c=1,,,Ragon800,G161059_3__06545.1643228422.jpg?c=1
5' SNOW MIXED PINE W/JINGLE BELL & BERRIES GARLAND,G201615,Home|Collections|Holiday & Winter|5' SNOW MIXED PINE W/JINGLE BELL & BERRIES GARLAND,,Estimated to be Available in Summer 2022,,,,"L: 60""",,1,99,,,,,1,Ragon400,Ragon160,https://cdn11.bigcommerce.com/s-xvps74vl0m/images/stencil/1280x1280/products/6949/16103/G201615_4__69192.1643836313.jpg?c=1,G201615_4__69192.1643836313.jpg?c=1,,,Ragon800,G201615_4__69192.1643836313.jpg?c=1
"15"" MIXED HOLLY/PINE/JINGLE BELL MINI PICK",G201619,"Home|Collections|Holiday & Winter|15"" MIXED HOLLY/PINE/JINGLE BELL MINI PICK",,Estimated to be Available in Summer 2022,,,,"L: 15""",,1,99,,,,,1,Ragon400,Ragon160,https://cdn11.bigcommerce.com/s-xvps74vl0m/images/stencil/1280x1280/products/6950/16106/G201619_2__34067.1643836380.jpg?c=1,G201619_2__34067.1643836380.jpg?c=1,,,Ragon800,G201619_2__34067.1643836380.jpg?c=1
"10"" MIXED HOLLY/PINE/JINGLE BELL MINI WREATH",G201622,"Home|Collections|Holiday & Winter|10"" MIXED HOLLY/PINE/JINGLE BELL MINI WREATH",,Estimated to be Available in Summer 2022,,,,"L: 10""",,1,99,,,,,1,Ragon400,Ragon160,https://cdn11.bigcommerce.com/s-xvps74vl0m/images/stencil/1280x1280/products/6951/16108/G201622_2__56908.1643836467.jpg?c=1,G201622_2__56908.1643836467.jpg?c=1,,,Ragon800,G201622_2__56908.1643836467.jpg?c=1
"30"" HOLLY LEAVES/BERRIES & CONES PICK SPRAY",G201626,"Home|Collections|Holiday & Winter|30"" HOLLY LEAVES/BERRIES & CONES PICK SPRAY",,Estimated to be Available in Summer 2022,,,,"L: 30""",,1,99,,,,,1,Ragon400,Ragon160,https://cdn11.bigcommerce.com/s-xvps74vl0m/images/stencil/1280x1280/products/6952/16111/G201626_4__08999.1643836536.jpg?c=1,G201626_4__08999.1643836536.jpg?c=1,,,Ragon800,G201626_4__08999.1643836536.jpg?c=1
"18"" HOLLY LEAVES/BERRIES & CONES PICK WREATH",G201627,"Home|Collections|Holiday & Winter|18"" HOLLY LEAVES/BERRIES & CONES PICK WREATH",,Estimated to be Available in Summer 2022,,,,"L: 18""",,1,99,,,,,1,Ragon400,Ragon160,https://cdn11.bigcommerce.com/s-xvps74vl0m/images/stencil/1280x1280/products/6953/16113/G201627_2__96692.1643836598.jpg?c=1,G201627_2__96692.1643836598.jpg?c=1,,,Ragon800,G201627_2__96692.1643836598.jpg?c=1
6' HOLLY LEAVES/BERRIES & CONES PICK GARLAND,G201628,Home|Collections|Holiday & Winter|6' HOLLY LEAVES/BERRIES & CONES PICK GARLAND,,Estimated to be Available in Summer 2022,,,,"L: 72""",,1,99,,,,,1,Ragon400,Ragon160,https://cdn11.bigcommerce.com/s-xvps74vl0m/images/stencil/1280x1280/products/6954/16114/G201628_3__60683.1643836640.jpg?c=1,G201628_3__60683.1643836640.jpg?c=1,,,Ragon800,G201628_3__60683.1643836640.jpg?c=1
"15"" CEDAR/CONES/EUCALYPTUS & JINGLE BELL MINI PICK",G201635,"Home|Collections|Holiday & Winter|15"" CEDAR/CONES/EUCALYPTUS & JINGLE BELL MINI PICK",,Estimated to be Available in Summer 2022,,,,"L: 15""",,1,99,,,,,1,Ragon400,Ragon160,https://cdn11.bigcommerce.com/s-xvps74vl0m/images/stencil/1280x1280/products/6955/16116/G201635_1__79863.1643836696.jpg?c=1,G201635_1__79863.1643836696.jpg?c=1,,,Ragon800,G201635_1__79863.1643836696.jpg?c=1
"10"" CEDAR/CONES/EUCALYPTUS & JINGLE BELL FOR 3"" CANDLE RING",G201636,"Home|Collections|Holiday & Winter|10"" CEDAR/CONES/EUCALYPTUS & JINGLE BELL FOR 3"" CANDLE RING",,Estimated to be Available in Summer 2022,,,,"L: 10""",,1,99,,,,,1,Ragon400,Ragon160,https://cdn11.bigcommerce.com/s-xvps74vl0m/images/stencil/1280x1280/products/6956/16119/G201636_1__00612.1643836756.jpg?c=1,G201636_1__00612.1643836756.jpg?c=1,,,Ragon800,G201636_1__00612.1643836756.jpg?c=1
"22"" CEDAR/CONES/EUCALYPTUS & JINGLE BELL MINI WREATH",G201638,"Home|Collections|Holiday & Winter|22"" CEDAR/CONES/EUCALYPTUS & JINGLE BELL MINI WREATH",,Estimated to be Available in Summer 2022,,,,"L: 22""",,1,99,,,,,1,Ragon400,Ragon160,https://cdn11.bigcommerce.com/s-xvps74vl0m/images/stencil/1280x1280/products/6958/16122/G201638_4__08451.1643836880.jpg?c=1,G201638_4__08451.1643836880.jpg?c=1,,,Ragon800,G201638_4__08451.1643836880.jpg?c=1
"5.5"" GRAPEVINE NEST WITH EGGS",G161059,"Home|Collections|Everyday|5.5"" GRAPEVINE NEST WITH EGGS","5.50""W, PE & MMF",Estimated to ship Spring 2022,,,,"W: 5.50""",,1,99,,,,,1,Ragon400,Ragon160,https://cdn11.bigcommerce.com/s-xvps74vl0m/images/stencil/1280x1280/products/3404/15571/G161059_3__06545.1643228422.jpg?c=1,G161059_3__06545.1643228422.jpg?c=1,,,Ragon800,G161059_3__06545.1643228422.jpg?c=1
"22"" EUCALYPTUS/PINE/JINGLE BELL/BERRIES/CONES WREATH",G201640,"Home|Collections|Holiday & Winter|22"" EUCALYPTUS/PINE/JINGLE BELL/BERRIES/CONES WREATH",,Estimated to be Available in Summer 2022,,,,"L: 22""",,1,99,,,,,1,Ragon400,Ragon160,https://cdn11.bigcommerce.com/s-xvps74vl0m/images/stencil/1280x1280/products/6959/16125/G201640_2__67330.1643836965.jpg?c=1,G201640_2__67330.1643836965.jpg?c=1,,,Ragon800,G201640_2__67330.1643836965.jpg?c=1
"20"" EUCALYPTUS/PINE/JINGLE BELL/BERRIES/CONES PICK",G201642,"Home|Collections|Holiday & Winter|20"" EUCALYPTUS/PINE/JINGLE BELL/BERRIES/CONES PICK",,Estimated to be Available in Summer 2022,,,,"L: 20""",,1,99,,,,,1,Ragon400,Ragon160,https://cdn11.bigcommerce.com/s-xvps74vl0m/images/stencil/1280x1280/products/6960/16128/G201642_2__60473.1643837765.jpg?c=1,G201642_2__60473.1643837765.jpg?c=1,,,Ragon800,G201642_2__60473.1643837765.jpg?c=1
5' PINE/BERRIES/CONES GARLAND,G201644,Home|Collections|Holiday & Winter|5' PINE/BERRIES/CONES GARLAND,,Estimated to be Available in Summer 2022,,,,"L: 60""",,1,99,,,,,1,Ragon400,Ragon160,https://cdn11.bigcommerce.com/s-xvps74vl0m/images/stencil/1280x1280/products/6961/16129/G201644_3__16992.1643837805.jpg?c=1,G201644_3__16992.1643837805.jpg?c=1,,,Ragon800,G201644_3__16992.1643837805.jpg?c=1
"5.5"" GRAPEVINE NEST WITH EGGS",G161059,"Home|Collections|Everyday|5.5"" GRAPEVINE NEST WITH EGGS","5.50""W, PE & MMF",Estimated to ship Spring 2022,,,,"W: 5.50""",,1,99,,,,,1,Ragon400,Ragon160,https://cdn11.bigcommerce.com/s-xvps74vl0m/images/stencil/1280x1280/products/3404/15571/G161059_3__06545.1643228422.jpg?c=1,G161059_3__06545.1643228422.jpg?c=1,,,Ragon800,G161059_3__06545.1643228422.jpg?c=1
"5.5"" GRAPEVINE NEST WITH EGGS",G161059,"Home|Collections|Everyday|5.5"" GRAPEVINE NEST WITH EGGS","5.50""W, PE & MMF",Estimated to ship Spring 2022,,,,"W: 5.50""",,1,99,,,,,1,Ragon400,Ragon160,https://cdn11.bigcommerce.com/s-xvps74vl0m/images/stencil/1280x1280/products/3404/15571/G161059_3__06545.1643228422.jpg?c=1,G161059_3__06545.1643228422.jpg?c=1,,,Ragon800,G161059_3__06545.1643228422.jpg?c=1
"9"" PINE/BERRIES/CONES WREATH",G201647,"Home|Collections|Holiday & Winter|9"" PINE/BERRIES/CONES WREATH",,Estimated to be Available in Summer 2022,,,,"L: 9""",,1,99,,,,,1,Ragon400,Ragon160,https://cdn11.bigcommerce.com/s-xvps74vl0m/images/stencil/1280x1280/products/6964/16131/G201647_2__61732.1643837886.jpg?c=1,G201647_2__61732.1643837886.jpg?c=1,,,Ragon800,G201647_2__61732.1643837886.jpg?c=1
"5.5"" GRAPEVINE NEST WITH EGGS",G161059,"Home|Collections|Everyday|5.5"" GRAPEVINE NEST WITH EGGS","5.50""W, PE & MMF",Estimated to ship Spring 2022,,,,"W: 5.50""",,1,99,,,,,1,Ragon400,Ragon160,https://cdn11.bigcommerce.com/s-xvps74vl0m/images/stencil/1280x1280/products/3404/15571/G161059_3__06545.1643228422.jpg?c=1,G161059_3__06545.1643228422.jpg?c=1,,,Ragon800,G161059_3__06545.1643228422.jpg?c=1
"5.5"" GRAPEVINE NEST WITH EGGS",G161059,"Home|Collections|Everyday|5.5"" GRAPEVINE NEST WITH EGGS","5.50""W, PE & MMF",Estimated to ship Spring 2022,,,,"W: 5.50""",,1,99,,,,,1,Ragon400,Ragon160,https://cdn11.bigcommerce.com/s-xvps74vl0m/images/stencil/1280x1280/products/3404/15571/G161059_3__06545.1643228422.jpg?c=1,G161059_3__06545.1643228422.jpg?c=1,,,Ragon800,G161059_3__06545.1643228422.jpg?c=1
"5.5"" GRAPEVINE NEST WITH EGGS",G161059,"Home|Collections|Everyday|5.5"" GRAPEVINE NEST WITH EGGS","5.50""W, PE & MMF",Estimated to ship Spring 2022,,,,"W: 5.50""",,1,99,,,,,1,Ragon400,Ragon160,https://cdn11.bigcommerce.com/s-xvps74vl0m/images/stencil/1280x1280/products/3404/15571/G161059_3__06545.1643228422.jpg?c=1,G161059_3__06545.1643228422.jpg?c=1,,,Ragon800,G161059_3__06545.1643228422.jpg?c=1
"5.5"" GRAPEVINE NEST WITH EGGS",G161059,"Home|Collections|Everyday|5.5"" GRAPEVINE NEST WITH EGGS","5.50""W, PE & MMF",Estimated to ship Spring 2022,,,,"W: 5.50""",,1,99,,,,,1,Ragon400,Ragon160,https://cdn11.bigcommerce.com/s-xvps74vl0m/images/stencil/1280x1280/products/3404/15571/G161059_3__06545.1643228422.jpg?c=1,G161059_3__06545.1643228422.jpg?c=1,,,Ragon800,G161059_3__06545.1643228422.jpg?c=1
"5.5"" GRAPEVINE NEST WITH EGGS",G161059,"Home|Collections|Everyday|5.5"" GRAPEVINE NEST WITH EGGS","5.50""W, PE & MMF",Estimated to ship Spring 2022,,,,"W: 5.50""",,1,99,,,,,1,Ragon400,Ragon160,https://cdn11.bigcommerce.com/s-xvps74vl0m/images/stencil/1280x1280/products/3404/15571/G161059_3__06545.1643228422.jpg?c=1,G161059_3__06545.1643228422.jpg?c=1,,,Ragon800,G161059_3__06545.1643228422.jpg?c=1
"5.5"" GRAPEVINE NEST WITH EGGS",G161059,"Home|Collections|Everyday|5.5"" GRAPEVINE NEST WITH EGGS","5.50""W, PE & MMF",Estimated to ship Spring 2022,,,,"W: 5.50""",,1,99,,,,,1,Ragon400,Ragon160,https://cdn11.bigcommerce.com/s-xvps74vl0m/images/stencil/1280x1280/products/3404/15571/G161059_3__06545.1643228422.jpg?c=1,G161059_3__06545.1643228422.jpg?c=1,,,Ragon800,G161059_3__06545.1643228422.jpg?c=1
"12"" LIGHT CHOCOLATE/GREEN EUCALYPTUS BUSH",G201663,"Home|Collections|Fall|12"" LIGHT CHOCOLATE/GREEN EUCALYPTUS BUSH",,Estimated to be Available in Summer 2022,,,,"L: 12""",,1,99,,,,,1,Ragon400,Ragon160,https://cdn11.bigcommerce.com/s-xvps74vl0m/images/stencil/1280x1280/products/6971/16133/G201663_3__80409.1643837942.jpg?c=1,G201663_3__80409.1643837942.jpg?c=1,,,Ragon800,G201663_3__80409.1643837942.jpg?c=1
"5.5"" GRAPEVINE NEST WITH EGGS",G161059,"Home|Collections|Everyday|5.5"" GRAPEVINE NEST WITH EGGS","5.50""W, PE & MMF",Estimated to ship Spring 2022,,,,"W: 5.50""",,1,99,,,,,1,Ragon400,Ragon160,https://cdn11.bigcommerce.com/s-xvps74vl0m/images/stencil/1280x1280/products/3404/15571/G161059_3__06545.1643228422.jpg?c=1,G161059_3__06545.1643228422.jpg?c=1,,,Ragon800,G161059_3__06545.1643228422.jpg?c=1
"38"" LEMON SPRAY",G201146,"Home|Collections|Everyday|38"" LEMON SPRAY",,Estimated to ship Spring 2022,,,,"L: 38""",,1,99,,,,,1,Ragon400,Ragon160,https://cdn11.bigcommerce.com/s-xvps74vl0m/images/stencil/1280x1280/products/6765/13480/G201146__08888.1641401858.jpg?c=1,G201146__08888.1641401858.jpg?c=1,,,Ragon800,G201146__08888.1641401858.jpg?c=1
"38"" LEMON SPRAY",G201146,"Home|Collections|Everyday|38"" LEMON SPRAY",,Estimated to ship Spring 2022,,,,"L: 38""",,1,99,,,,,1,Ragon400,Ragon160,https://cdn11.bigcommerce.com/s-xvps74vl0m/images/stencil/1280x1280/products/6765/13480/G201146__08888.1641401858.jpg?c=1,G201146__08888.1641401858.jpg?c=1,,,Ragon800,G201146__08888.1641401858.jpg?c=1
"35"" APRICOT MAPLE LEAVES BUSH",G201676,"Home|Collections|Fall|35"" APRICOT MAPLE LEAVES BUSH",,Estimated to be Available in Summer 2022,,,,"L: 35""",,1,99,,,,,1,Ragon400,Ragon160,https://cdn11.bigcommerce.com/s-xvps74vl0m/images/stencil/1280x1280/products/6975/16136/G201676_2__19321.1643838004.jpg?c=1,G201676_2__19321.1643838004.jpg?c=1,,,Ragon800,G201676_2__19321.1643838004.jpg?c=1
"20"" CARNATION/LANTERN WREATH",G201678,"Home|Collections|Fall|20"" CARNATION/LANTERN WREATH",,Estimated to be Available in Summer 2022,,,,"L: 20""",,1,99,,,,,1,Ragon400,Ragon160,https://cdn11.bigcommerce.com/s-xvps74vl0m/images/stencil/1280x1280/products/6976/16137/G201678_3__23192.1643838069.jpg?c=1,G201678_3__23192.1643838069.jpg?c=1,,,Ragon800,G201678_3__23192.1643838069.jpg?c=1
"20"" CARNATION/LANTERN BUSH",G201679,"Home|Collections|Fall|20"" CARNATION/LANTERN BUSH",,Estimated to be Available in Summer 2022,,,,"L: 20""",,1,99,,,,,1,Ragon400,Ragon160,https://cdn11.bigcommerce.com/s-xvps74vl0m/images/stencil/1280x1280/products/6977/16139/G201679_3__36639.1643838120.jpg?c=1,G201679_3__36639.1643838120.jpg?c=1,,,Ragon800,G201679_3__36639.1643838120.jpg?c=1
5' CARNATION/LANTERN GARLAND,G201680,Home|Collections|Fall|5' CARNATION/LANTERN GARLAND,,Estimated to be Available in Summer 20,,,,,,,,,,,,,,,,,,,,
