12 in. Baby's Grass Ring,66053,,This Baby's Grass Ring has a beautiful green leafy color.,,,,,"Measures: 12""",,1,$15.99 ,,,,,,TheCountryHouse400,TheCountryHouse160,https://www.thecountryhouse.com/prodimg/66053.jpg,66053.jpg,,,TheCountryHouse800,66053.jpg
"13"" Mini White Flower Bunch",83244,,dark green plastic stems - dark green leaves - mini white flowers,,,,,"Measures: 13""",,1,$5.99 ,,,,,,TheCountryHouse400,TheCountryHouse160,https://www.thecountryhouse.com/prodimg/83244L.jpg,83244L.jpg,,,TheCountryHouse800,83244L.jpg
"7.5"" Tea Leaf Ring",83246,,,,,,,"Measures: 7.5"" outer plastic - bright green - tiny leaves",,1,$9.99 ,,,,,,TheCountryHouse400,TheCountryHouse160,https://www.thecountryhouse.com/prodimg/83246L.jpg,83246L.jpg,,,TheCountryHouse800,83246L.jpg
"10"" Antique Cream Mini Flower Bunch",83369,,,,,,,"Measures: 10"" plastic - brown stems - tiny, tiny cream flower clusters",,1,$8.50 ,,,,,,TheCountryHouse400,TheCountryHouse160,https://www.thecountryhouse.com/prodimg/83369L.jpg,83369L.jpg,,,TheCountryHouse800,83369L.jpg
Love You More Flax Towel,83793,,,,,,,"Measures: 19 x 28"" natural color - black printing - loop hanger",,1,$9.99 ,,,,,,TheCountryHouse400,TheCountryHouse160,https://www.thecountryhouse.com/prodimg/83793L.jpg,83793L.jpg,,,TheCountryHouse800,83793L.jpg
Ol' Glory Burlap Wall Banner,83840,,,,,,,"Measures: 16 x 14"" natural color burlap - navy & red flag & border design - rod pocket - rod not included",,1,$9.99 ,,,,,,TheCountryHouse400,TheCountryHouse160,https://www.thecountryhouse.com/prodimg/83840L.jpg,83840L.jpg,,,TheCountryHouse800,83840L.jpg
Jefferson Placemat Set/4 ON SALE!!,85646,,"SALE!! These Jefferson placemats with fringed ends have a black, tan and burgundy plaid design and are made of heavy cotton. Sold as a set of four.",,$14.99 ,,,"Measures: 13"" x 19""",,1,$23.99   $14.99,,,,,,TheCountryHouse400,TheCountryHouse160,https://www.thecountryhouse.com/prodimg/85646.jpg,85646.jpg,,,TheCountryHouse800,85646.jpg
Vintage Trees w/Multi Stars S/3,88581,,"These bottle brush 'Vintage Christmas' trees have a frosted look and are covered in red, green, silver, and gold balls and stars varying sizes. Sold as a set of three.",,,,,"Measures: sm. 6"" med. 8"" lg. 10""",,1,$29.99 ,,,,,,TheCountryHouse400,TheCountryHouse160,https://www.thecountryhouse.com/prodimg/88581L.jpg,88581L.jpg,,,TheCountryHouse800,88581L.jpg
"36"" Vintage Star Runner",89602,,This Vintage Star Runner is made of 100% cotton. Navy background and cream stars.,,,,,"Measures: 13 x 36""",,1,$11.99 ,,,,,,TheCountryHouse400,TheCountryHouse160,https://www.thecountryhouse.com/prodimg/89602L.jpg,89602L.jpg,,,TheCountryHouse800,89602L.jpg
"12"" Candy Canes Set/2",93147,,This Candy Cane is made of both natural and cranberry color burlap.,,,,,"Measures: 12""",,1,$9.99 ,,,,,,TheCountryHouse400,TheCountryHouse160,https://www.thecountryhouse.com/prodimg/93147.jpg,93147.jpg,,,TheCountryHouse800,93147.jpg
Colonial Navy Star Placemat,97148,,Navy and tan check detailed with navy stars on a tan border.,,,,,"Measures: 13"" x 19""",,1,$6.50 ,,,,,,TheCountryHouse400,TheCountryHouse160,https://www.thecountryhouse.com/prodimg/97148L.jpg,97148L.jpg,,,TheCountryHouse800,97148L.jpg
Colonial Burgundy Check Napkin,97202,,Made of 100% cotton in a burgundy and tan check.,,,,,"Measures: 18"" x 18""",,1,$3.50 ,,,,,,TheCountryHouse400,TheCountryHouse160,https://www.thecountryhouse.com/prodimg/97202L.jpg,97202L.jpg,,,TheCountryHouse800,97202L.jpg
Granny's Berry Half Sphere,97425,,Dark brown base and stems with shades of brown and cranberry berries.,,,,,"Measures: 5.5""",,1,$11.99 ,,,,,,TheCountryHouse400,TheCountryHouse160,https://www.thecountryhouse.com/prodimg/97425L.jpg,97425L.jpg,,,TheCountryHouse800,97425L.jpg
10 in Baby's Grass w/Berries Ring,98710,,This Baby's Grass Ring has red and burgundy berries and a grapevine base that you can use to accent any one of your favorite candles.,,,,,"Measures: 10""",,1,$9.99 ,,,,,,TheCountryHouse400,TheCountryHouse160,https://www.thecountryhouse.com/prodimg/98710L.jpg,98710L.jpg,,,TheCountryHouse800,98710L.jpg
Meadow Grass Garland,99610,,,,,,,Measures: Approx. 4',,1,$15.99 ,,,,,,TheCountryHouse400,TheCountryHouse160,https://www.thecountryhouse.com/prodimg/99610L.jpg,99610L.jpg,,,TheCountryHouse800,99610L.jpg
Meadow Grass Half Sphere,99613,,,,,,,"Measures: 12""",,1,$11.50 ,,,,,,TheCountryHouse400,TheCountryHouse160,https://www.thecountryhouse.com/prodimg/99613L.jpg,99613L.jpg,,,TheCountryHouse800,99613L.jpg
"84"" Wakefield Panels/Pair",99714,,,,,,,"Measures: 72 x 84""",,1,$59.99 ,,,,,,TheCountryHouse400,TheCountryHouse160,https://www.thecountryhouse.com/prodimg/99714L.jpg,99714L.jpg,,,TheCountryHouse800,99714L.jpg
Wakefield Shower Curtain,99715,,,,,,,"Measures: 72 x 72""",,1,$45.00 ,,,,,,TheCountryHouse400,TheCountryHouse160,https://www.thecountryhouse.com/prodimg/99715L.jpg,99715L.jpg,,,TheCountryHouse800,99715L.jpg
"63"" Wakefield Panels/Pair",99718,,,,,,,"Measures: 72 x 63""",,1,$45.00 ,,,,,,TheCountryHouse400,TheCountryHouse160,https://www.thecountryhouse.com/prodimg/99718L.jpg,99718L.jpg,,,TheCountryHouse800,99718L.jpg
Wakefield Swag,99721,,,,,,,"Measures: 72 x 36""",,1,$26.99 ,,,,,,TheCountryHouse400,TheCountryHouse160,https://www.thecountryhouse.com/prodimg/99721L.jpg,99721L.jpg,,,TheCountryHouse800,99721L.jpg
Wakefield Valance,99724,,,,,,,"Measures: 72 x 14""",,1,$14.99 ,,,,,,TheCountryHouse400,TheCountryHouse160,https://www.thecountryhouse.com/prodimg/99724L.jpg,99724L.jpg,,,TheCountryHouse800,99724L.jpg
Wakefield Towel,99727,,,,,,,"Measures: 19 x 28""",,1,$4.99 ,,,,,,TheCountryHouse400,TheCountryHouse160,https://www.thecountryhouse.com/prodimg/99727L.jpg,99727L.jpg,,,TheCountryHouse800,99727L.jpg
"54"" Wakefield Runner",99730,,,,,,,"Measures: 13 x 54""",,1,$14.99 ,,,,,,TheCountryHouse400,TheCountryHouse160,https://www.thecountryhouse.com/prodimg/99730L.jpg,99730L.jpg,,,TheCountryHouse800,99730L.jpg
"36"" Wakefield Runner",99733,,,,,,,"Measures: 13 x 36""",,1,$11.99 ,,,,,,TheCountryHouse400,TheCountryHouse160,https://www.thecountryhouse.com/prodimg/99733L.jpg,99733L.jpg,,,TheCountryHouse800,99733L.jpg
Wakefield Napkin,99736,,,,,,,"Measures: 18 x 18""",,1,$3.50 ,,,,,,TheCountryHouse400,TheCountryHouse160,https://www.thecountryhouse.com/prodimg/99736L.jpg,99736L.jpg,,,TheCountryHouse800,99736L.jpg
Wakefield Placemat,99739,,,,,,,"Measures: 13 x 19""",,1,$5.99 ,,,,,,TheCountryHouse400,TheCountryHouse160,https://www.thecountryhouse.com/prodimg/99739L.jpg,99739L.jpg,,,TheCountryHouse800,99739L.jpg
"84"" Austin Panels/Pair",99741,,,,,,,"Measures: 72 x 84""",,1,$59.99 ,,,,,,TheCountryHouse400,TheCountryHouse160,https://www.thecountryhouse.com/prodimg/99741L.jpg,99741L.jpg,,,TheCountryHouse800,99741L.jpg
Austin Shower Curtain,99742,,,,,,,"Measures: 72 x 72""",,1,$45.00 ,,,,,,TheCountryHouse400,TheCountryHouse160,https://www.thecountryhouse.com/prodimg/99742L.jpg,99742L.jpg,,,TheCountryHouse800,99742L.jpg
"63"" Austin Panels/Pair",99745,,,,,,,"Measures: 72 x 63""",,1,$45.00 ,,,,,,TheCountryHouse400,TheCountryHouse160,https://www.thecountryhouse.com/prodimg/99745L.jpg,99745L.jpg,,,TheCountryHouse800,99745L.jpg
Austin Swag,99748,,,,,,,"Measures: 72 x 36""",,1,$26.99 ,,,,,,TheCountryHouse400,TheCountryHouse160,https://www.thecountryhouse.com/prodimg/99748L.jpg,99748L.jpg,,,TheCountryHouse800,99748L.jpg
Austin Valance,99751,,,,,,,"Measures: 72 x 14""",,1,$14.99 ,,,,,,TheCountryHouse400,TheCountryHouse160,https://www.thecountryhouse.com/prodimg/99751L.jpg,99751L.jpg,,,TheCountryHouse800,99751L.jpg
Austin Towel,99754,,,,,,,"Measures: 19 x 28""",,1,$4.99 ,,,,,,TheCountryHouse400,TheCountryHouse160,https://www.thecountryhouse.com/prodimg/99754L.jpg,99754L.jpg,,,TheCountryHouse800,99754L.jpg
"54"" Austin Runner",99757,,,,,,,"Measures: 13 x 54""",,1,$14.99 ,,,,,,TheCountryHouse400,TheCountryHouse160,https://www.thecountryhouse.com/prodimg/99757L.jpg,99757L.jpg,,,TheCountryHouse800,99757L.jpg
"36"" Austin Runner",99760,,,,,,,"Measures: 13 x 36""",,1,$11.99 ,,,,,,TheCountryHouse400,TheCountryHouse160,https://www.thecountryhouse.com/prodimg/99760L.jpg,99760L.jpg,,,TheCountryHouse800,99760L.jpg
Austin Napkin,99765,,,,,,,"Measures: 18 x 18""",,1,$3.50 ,,,,,,TheCountryHouse400,TheCountryHouse160,https://www.thecountryhouse.com/prodimg/99765L.jpg,99765L.jpg,,,TheCountryHouse800,99765L.jpg
Austin Placemat,99768,,,,,,,"Measures: 13 x 19""",,1,$5.99 ,,,,,,TheCountryHouse400,TheCountryHouse160,https://www.thecountryhouse.com/prodimg/99768L.jpg,99768L.jpg,,,TheCountryHouse800,99768L.jpg
"84"" Concord Panels/Pair",99769,,,,,,,"Measures: 72 x 84""",,1,$59.99 ,,,,,,TheCountryHouse400,TheCountryHouse160,https://www.thecountryhouse.com/prodimg/99769L.jpg,99769L.jpg,,,TheCountryHouse800,99769L.jpg
Concord Shower Curtain,99771,,,,,,,"Measures: 72 x 72""",,1,$45.00 ,,,,,,TheCountryHouse400,TheCountryHouse160,https://www.thecountryhouse.com/prodimg/99771L.jpg,99771L.jpg,,,TheCountryHouse800,99771L.jpg
"63"" Concord Panels/Pair",99774,,,,,,,"Measures: 72 x 63""",,1,$45.00 ,,,,,,TheCountryHouse400,TheCountryHouse160,https://www.thecountryhouse.com/prodimg/99774L.jpg,99774L.jpg,,,TheCountryHouse800,99774L.jpg
Concord Swag,99775,,,,,,,"Measures: 72 x 36""",,1,$26.99 ,,,,,,TheCountryHouse400,TheCountryHouse160,https://www.thecountryhouse.com/prodimg/99775L.jpg,99775L.jpg,,,TheCountryHouse800,99775L.jpg
Concord Valance,99780,,,,,,,"Measures: 72 x 14""",,1,$14.99 ,,,,,,TheCountryHouse400,TheCountryHouse160,https://www.thecountryhouse.com/prodimg/99780L.jpg,99780L.jpg,,,TheCountryHouse800,99780L.jpg
Concord Towel,99784,,,,,,,"Measures: 19 x 28""",,1,$4.99 ,,,,,,TheCountryHouse400,TheCountryHouse160,https://www.thecountryhouse.com/prodimg/99784L.jpg,99784L.jpg,,,TheCountryHouse800,99784L.jpg
"54"" Concord Runner",99787,,,,,,,"Measures: 13 x 54""",,1,$14.99 ,,,,,,TheCountryHouse400,TheCountryHouse160,https://www.thecountryhouse.com/prodimg/99787L.jpg,99787L.jpg,,,TheCountryHouse800,99787L.jpg
"36"" Concord Runner",99790,,,,,,,"Measures: 13 x 36""",,1,$11.99 ,,,,,,TheCountryHouse400,TheCountryHouse160,https://www.thecountryhouse.com/prodimg/99790L.jpg,99790L.jpg,,,TheCountryHouse800,99790L.jpg
Concord Napkin,99793,,,,,,,"Measures: 18 x 18""",,1,$3.50 ,,,,,,TheCountryHouse400,TheCountryHouse160,https://www.thecountryhouse.com/prodimg/99793L.jpg,99793L.jpg,,,TheCountryHouse800,99793L.jpg
Concord Placemat,99796,,,,,,,"Measures: 13 x 19""",,1,$5.99 ,,,,,,TheCountryHouse400,TheCountryHouse160,https://www.thecountryhouse.com/prodimg/99796L.jpg,99796L.jpg,,,TheCountryHouse800,99796L.jpg
Minds/Walks Off Towel,99799,,,,,,,"Measures: 19 x 28""",,1,$7.99 ,,,,,,TheCountryHouse400,TheCountryHouse160,https://www.thecountryhouse.com/prodimg/99799L.jpg,99799L.jpg,,,TheCountryHouse800,99799L.jpg
Life's Little Moments Towel,99802,,,,,,,"Measures: 19 x 28""",,1,$7.99 ,,,,,,TheCountryHouse400,TheCountryHouse160,https://www.thecountryhouse.com/prodimg/99802L.jpg,99802L.jpg,,,TheCountryHouse800,99802L.jpg
Family/Circus Towel,99805,,,,,,,"Measures: 19 x 28""",,1,$7.99 ,,,,,,TheCountryHouse400,TheCountryHouse160,https://www.thecountryhouse.com/prodimg/99805L.jpg,99805L.jpg,,,TheCountryHouse800,99805L.jpg
Dinner Towel,99808,,,,,,,"Measures: 19 x 28""",,1,$7.99 ,,,,,,TheCountryHouse400,TheCountryHouse160,https://www.thecountryhouse.com/prodimg/99808L.jpg,99808L.jpg,,,TheCountryHouse800,99808L.jpg
Bless/Food Towel,99811,,,,,,,"Measures: 19 x 28""",,1,$7.99 ,,,,,,TheCountryHouse400,TheCountryHouse160,https://www.thecountryhouse.com/prodimg/99811L.jpg,99811L.jpg,,,TheCountryHouse800,99811L.jpg
Sunday Calories Towel,99814,,,,,,,"Measures: 19 x 28""",,1,$7.99 ,,,,,,TheCountryHouse400,TheCountryHouse160,https://www.thecountryhouse.com/prodimg/99814L.jpg,99814L.jpg,,,TheCountryHouse800,99814L.jpg
Heart/Mouth Towel,99817,,,,,,,"Measures: 19 x 28""",,1,$7.99 ,,,,,,TheCountryHouse400,TheCountryHouse160,https://www.thecountryhouse.com/prodimg/99817L.jpg,99817L.jpg,,,TheCountryHouse800,99817L.jpg
Best Wines Towel,99820,,,,,,,"Measures: 19 x 28""",,1,$7.99 ,,,,,,TheCountryHouse400,TheCountryHouse160,https://www.thecountryhouse.com/prodimg/99820L.jpg,99820L.jpg,,,TheCountryHouse800,99820L.jpg
Life/Wine Towel,99823,,,,,,,"Measures: 19 x 28""",,1,$7.99 ,,,,,,TheCountryHouse400,TheCountryHouse160,https://www.thecountryhouse.com/prodimg/99823L.jpg,99823L.jpg,,,TheCountryHouse800,99823L.jpg
Welcome/Farmhouse Towel,99826,,,,,,,"Measures: 19 x 28""",,1,$7.99 ,,,,,,TheCountryHouse400,TheCountryHouse160,https://www.thecountryhouse.com/prodimg/99826L.jpg,99826L.jpg,,,TheCountryHouse800,99826L.jpg
Blessed/Dishes Towel,99829,,,,,,,"Measures: 19 x 28""",,1,$7.99 ,,,,,,TheCountryHouse400,TheCountryHouse160,https://www.thecountryhouse.com/prodimg/99829L.jpg,99829L.jpg,,,TheCountryHouse800,99829L.jpg
Kiss/Cook Towel,99832,,,,,,,"Measures: 19 x 28""",,1,$7.99 ,,,,,,TheCountryHouse400,TheCountryHouse160,https://www.thecountryhouse.com/prodimg/99832L.jpg,99832L.jpg,,,TheCountryHouse800,99832L.jpg
Grateful Towel,99835,,,,,,,"Measures: 19 x 28""",,1,$7.99 ,,,,,,TheCountryHouse400,TheCountryHouse160,https://www.thecountryhouse.com/prodimg/99835L.jpg,99835L.jpg,,,TheCountryHouse800,99835L.jpg
Best Moms/MiMi Towel,99838,,,,,,,"Measures: 19 x 28""",,1,$7.99 ,,,,,,TheCountryHouse400,TheCountryHouse160,https://www.thecountryhouse.com/prodimg/99838L.jpg,99838L.jpg,,,TheCountryHouse800,99838L.jpg
Best Moms/GiGi Towel,99841,,,,,,,"Measures: 19 x 28""",,1,$7.99 ,,,,,,TheCountryHouse400,TheCountryHouse160,https://www.thecountryhouse.com/prodimg/99841L.jpg,99841L.jpg,,,TheCountryHouse800,99841L.jpg
Best Moms/Grandma Towel,99844,,,,,,,"Measures: 19 x 28""",,1,$7.99 ,,,,,,TheCountryHouse400,TheCountryHouse160,https://www.thecountryhouse.com/prodimg/99844L.jpg,99844L.jpg,,,TheCountryHouse800,99844L.jpg
Cardinal/Berries Towel,99847,,,,,,,"Measures: 19 x 28""",,1,$8.99 ,,,,,,TheCountryHouse400,TheCountryHouse160,https://www.thecountryhouse.com/prodimg/99847L.jpg,99847L.jpg,,,TheCountryHouse800,99847L.jpg
GiGi's Kitchen Towel,99850,,,,,,,"Measures: 19 x 28""",,1,$7.99 ,,,,,,TheCountryHouse400,TheCountryHouse160,https://www.thecountryhouse.com/prodimg/99850L.jpg,99850L.jpg,,,TheCountryHouse800,99850L.jpg
MiMi's Kitchen Towel,99853,,,,,,,"Measures: 19 x 28""",,1,$7.99 ,,,,,,TheCountryHouse400,TheCountryHouse160,https://www.thecountryhouse.com/prodimg/99853L.jpg,99853L.jpg,,,TheCountryHouse800,99853L.jpg
Grandma's Kitchen Towel,99856,,,,,,,"Measures: 19 x 28""",,1,$7.99 ,,,,,,TheCountryHouse400,TheCountryHouse160,https://www.thecountryhouse.com/prodimg/99856L.jpg,99856L.jpg,,,TheCountryHouse800,99856L.jpg
Merry Christmas Jar Towel,99859,,,,,,,"Measures: 19 x 28""",,1,$8.99 ,,,,,,TheCountryHouse400,TheCountryHouse160,https://www.thecountryhouse.com/prodimg/99859L.jpg,99859L.jpg,,,TheCountryHouse800,99859L.jpg
"36"" Merry Christmas Jar Runner",99862,,,,,,,"Measures: 13 x 36""",,1,$14.99 ,,,,,,TheCountryHouse400,TheCountryHouse160,https://www.thecountryhouse.com/prodimg/99862L.jpg,99862L.jpg,,,TheCountryHouse800,99862L.jpg
Small Canvas Merry Christmas Jar Pillow,99865,,,,,,,"Measures: 8 x 8""",,1,$8.99 ,,,,,,TheCountryHouse400,TheCountryHouse160,https://www.thecountryhouse.com/prodimg/99865L.jpg,99865L.jpg,,,TheCountryHouse800,99865L.jpg
Fall Plaid Dishcloth,99868,,,,,,,"Measures: 13 x 13""",,1,$1.99 ,,,,,,TheCountryHouse400,TheCountryHouse160,https://www.thecountryhouse.com/prodimg/99868L.jpg,99868L.jpg,,,TheCountryHouse800,99868L.jpg
Fall Truck Towel w/Tab,99871,,,,,,,Measures:,,1,$5.99 ,,,,,,TheCountryHouse400,TheCountryHouse160,https://www.thecountryhouse.com/prodimg/99871L.jpg,99871L.jpg,,,TheCountryHouse800,99871L.jpg
Fall Truck Valance,99874,,,,,,,"Measures: 72 x 14""",,1,$17.99 ,,,,,,TheCountryHouse400,TheCountryHouse160,https://www.thecountryhouse.com/prodimg/99874L.jpg,99874L.jpg,,,TheCountryHouse800,99874L.jpg
Fall Truck Towel,99877,,,,,,,"Measures: 19 x 28""",,1,$6.50 ,,,,,,TheCountryHouse400,TheCountryHouse160,https://www.thecountryhouse.com/prodimg/99877L.jpg,99877L.jpg,,,TheCountryHouse800,99877L.jpg
Fall Plaid Napkin,99880,,,,,,,"Measures: 18 x 18""",,1,$3.50 ,,,,,,TheCountryHouse400,TheCountryHouse160,https://www.thecountryhouse.com/prodimg/99880L.jpg,99880L.jpg,,,TheCountryHouse800,99880L.jpg
"36"" Fall Truck Runner",99883,,,,,,,"Measures: 13 x 36""",,1,$15.99 ,,,,,,TheCountryHouse400,TheCountryHouse160,https://www.thecountryhouse.com/prodimg/99883L.jpg,99883L.jpg,,,TheCountryHouse800,99883L.jpg
Fall Truck Placemat,99886,,,,,,,"Measures: 13 x 19""",,1,$7.50 ,,,,,,TheCountryHouse400,TheCountryHouse160,https://www.thecountryhouse.com/prodimg/99886L.jpg,99886L.jpg,,,TheCountryHouse800,99886L.jpg
Red/Green Plaid Dishcloth,99889,,,,,,,"Measures: 13 x 13""",,1,$1.99 ,,,,,,TheCountryHouse400,TheCountryHouse160,https://www.thecountryhouse.com/prodimg/99889L.jpg,99889L.jpg,,,TheCountryHouse800,99889L.jpg
Red Truck Towel w/Tab,99892,,,,,,,Measures:,,1,$5.99 ,,,,,,TheCountryHouse400,TheCountryHouse160,https://www.thecountryhouse.com/prodimg/99892L.jpg,99892L.jpg,,,TheCountryHouse800,99892L.jpg
Red Truck Valance,99895,,,,,,,"Measures: 72 x 14""",,1,$17.99 ,,,,,,TheCountryHouse400,TheCountryHouse160,https://www.thecountryhouse.com/prodimg/99895L.jpg,99895L.jpg,,,TheCountryHouse800,99895L.jpg
Red Truck Towel,99898,,,,,,,"Measures: 19 x 28""",,1,$6.50 ,,,,,,TheCountryHouse400,TheCountryHouse160,https://www.thecountryhouse.com/prodimg/99898L.jpg,99898L.jpg,,,TheCountryHouse800,99898L.jpg
Red Truck Napkin,99901,,,,,,,"Measures: 18 x 18""",,1,$3.99 ,,,,,,TheCountryHouse400,TheCountryHouse160,https://www.thecountryhouse.com/prodimg/99901L.jpg,99901L.jpg,,,TheCountryHouse800,99901L.jpg
"54"" Red Truck Runner",99904,,,,,,,"Measures: 13 x 54""",,1,$21.99 ,,,,,,TheCountryHouse400,TheCountryHouse160,https://www.thecountryhouse.com/prodimg/99904L.jpg,99904L.jpg,,,TheCountryHouse800,99904L.jpg
Red Truck Placemat,99910,,,,,,,"Measures: 13 x 19""",,1,$7.50 ,,,,,,TheCountryHouse400,TheCountryHouse160,https://www.thecountryhouse.com/prodimg/99910L.jpg,99910L.jpg,,,TheCountryHouse800,99910L.jpg
Red Truck w/Tree,99913,,,,,,,"Measures: 5.75""",,1,$16.99 ,,,,,,TheCountryHouse400,TheCountryHouse160,https://www.thecountryhouse.com/prodimg/99913L.jpg,99913L.jpg,,,TheCountryHouse800,99913L.jpg
Little Red Truck w/Tree,99916,,,,,,,"Measures: 3""",,1,$6.99 ,,,,,,TheCountryHouse400,TheCountryHouse160,https://www.thecountryhouse.com/prodimg/99916L.jpg,99916L.jpg,,,TheCountryHouse800,99916L.jpg
Little Red Truck w/Tree Ornament,99919,,,,,,,"Measures: 3""",,1,$6.99 ,,,,,,TheCountryHouse400,TheCountryHouse160,https://www.thecountryhouse.com/prodimg/99919L.jpg,99919L.jpg,,,TheCountryHouse800,99919L.jpg
Stretchy Pants Towel,99922,,,,,,,"Measures: 19 x 28""",,1,$7.99 ,,,,,,TheCountryHouse400,TheCountryHouse160,https://www.thecountryhouse.com/prodimg/99922L.jpg,99922L.jpg,,,TheCountryHouse800,99922L.jpg
Joyful Towel,99925,,,,,,,"Measures: 19 x 28""",,1,$8.99 ,,,,,,TheCountryHouse400,TheCountryHouse160,https://www.thecountryhouse.com/prodimg/99925L.jpg,99925L.jpg,,,TheCountryHouse800,99925L.jpg
"36"" Joyful Runner",99928,,,,,,,"Measures: 13 x 36""",,1,$14.99 ,,,,,,TheCountryHouse400,TheCountryHouse160,https://www.thecountryhouse.com/prodimg/99928L.jpg,99928L.jpg,,,TheCountryHouse800,99928L.jpg
Small Canvas Joyful Pillow,99931,,,,,,,"Measures: 8 x 8""",,1,$8.99 ,,,,,,TheCountryHouse400,TheCountryHouse160,https://www.thecountryhouse.com/prodimg/99931L.jpg,99931L.jpg,,,TheCountryHouse800,99931L.jpg
Burlap Red Truck Christmas Tote Bag,99934,,,,,,,"Measures: 14.5 x 15""",,1,$11.99 ,,,,,,TheCountryHouse400,TheCountryHouse160,https://www.thecountryhouse.com/prodimg/99934L.jpg,99934L.jpg,,,TheCountryHouse800,99934L.jpg
Vintage Angels Set/2,99940,,,,,,,"Measure: 12.5""",,1,$89.99 ,,,,,,TheCountryHouse400,TheCountryHouse160,https://www.thecountryhouse.com/prodimg/99940L.jpg,99940L.jpg,,,TheCountryHouse800,99940L.jpg
Vintage Children Set/2,99943,,,,,,,"Measure: 8""",,1,$39.99 ,,,,,,TheCountryHouse400,TheCountryHouse160,https://www.thecountryhouse.com/prodimg/99943L.jpg,99943L.jpg,,,TheCountryHouse800,99943L.jpg
Lil' Vintage Deer Set/2,99946,,,,,,,"Measure: 4""",,1,$13.99 ,,,,,,TheCountryHouse400,TheCountryHouse160,https://www.thecountryhouse.com/prodimg/99946L.jpg,99946L.jpg,,,TheCountryHouse800,99946L.jpg
Navy Farmhouse Star Placemat,99956,,,,,,,"Measures: 13 x 19""",,1,$8.99 ,,,,,,TheCountryHouse400,TheCountryHouse160,https://www.thecountryhouse.com/prodimg/99956L.jpg,99956L.jpg,,,TheCountryHouse800,99956L.jpg
Mixed Eucalyptus/Berry Bunch,99958,,,,,,,"Measures: 14""",,1,$7.50 ,,,,,,TheCountryHouse400,TheCountryHouse160,https://www.thecountryhouse.com/prodimg/99958L.jpg,99958L.jpg,,,TheCountryHouse800,99958L.jpg
Navy Farmhouse Star Napkin,99959,,,,,,,"Measures: 18 x 18""",,1,$4.50 ,,,,,,TheCountryHouse400,TheCountryHouse160,https://www.thecountryhouse.com/prodimg/99959L.jpg,99959L.jpg,,,TheCountryHouse800,99959L.jpg
Red Heather Bush,99961,,,,,,,"Measures: 17""",,1,$4.99 ,,,,,,TheCountryHouse400,TheCountryHouse160,https://www.thecountryhouse.com/prodimg/99961L.jpg,99961L.jpg,,,TheCountryHouse800,99961L.jpg
"36"" Navy Farmhouse Star Runner",99962,,,,,,,"Measures: 13 x 36""",,1,$13.99 ,,,,,,TheCountryHouse400,TheCountryHouse160,https://www.thecountryhouse.com/prodimg/99962L.jpg,99962L.jpg,,,TheCountryHouse800,99962L.jpg
Cream Heather Bush,99964,,,,,,,"Measures: 17""",,1,$4.99 ,,,,,,TheCountryHouse400,TheCountryHouse160,https://www.thecountryhouse.com/prodimg/99964L.jpg,99964L.jpg,,,TheCountryHouse800,99964L.jpg
"54"" Navy Farmhouse Star Runner",99965,,,,,,,"Measures: 13 x 54""",,1,$18.99 ,,,,,,TheCountryHouse400,TheCountryHouse160,https://www.thecountryhouse.com/prodimg/99965L.jpg,99965L.jpg,,,TheCountryHouse800,99965L.jpg
"20"" Sunflower/Grass Bush",99967,,,,,,,Measures:,,1,$8.99 ,,,,,,TheCountryHouse400,TheCountryHouse160,https://www.thecountryhouse.com/prodimg/99967L.jpg,99967L.jpg,,,TheCountryHouse800,99967L.jpg
Navy Farmhouse Star Towel,99968,,,,,,,"Measures: 20 x 28""",,1,$7.99 ,,,,,,TheCountryHouse400,TheCountryHouse160,https://www.thecountryhouse.com/prodimg/99968L.jpg,99968L.jpg,,,TheCountryHouse800,99968L.jpg
Navy Farmhouse Star Valance,99971,,,,,,,"Measures: 72 x 14""",,1,$21.99 ,,,,,,TheCountryHouse400,TheCountryHouse160,https://www.thecountryhouse.com/prodimg/99971L.jpg,99971L.jpg,,,TheCountryHouse800,99971L.jpg
"14"" Fresh Cut Tree",99973,,,,,,,Measures:,,1,$19.99 ,,,,,,TheCountryHouse400,TheCountryHouse160,https://www.thecountryhouse.com/prodimg/99973L.jpg,99973L.jpg,,,TheCountryHouse800,99973L.jpg
Navy Farmhouse Star Swag,99974,,,,,,,"Measures: 72 x 36""",,1,$45.00 ,,,,,,TheCountryHouse400,TheCountryHouse160,https://www.thecountryhouse.com/prodimg/99974L.jpg,99974L.jpg,,,TheCountryHouse800,99974L.jpg
"9.5"" Fresh Cut Tree",99976,,,,,,,Measures:,,1,$13.99 ,,,,,,TheCountryHouse400,TheCountryHouse160,https://www.thecountryhouse.com/prodimg/99976L.jpg,99976L.jpg,,,TheCountryHouse800,99976L.jpg
"63"" Navy Farmhouse Star Lined Panels/Pair",99977,,,,,,,"Measures: 72 x 63""",,1,$65.00 ,,,,,,TheCountryHouse400,TheCountryHouse160,https://www.thecountryhouse.com/prodimg/99977L.jpg,99977L.jpg,,,TheCountryHouse800,99977L.jpg
"24"" Snowy Pine Spray",99979,,,,,,,Measures:,,1,$12.99 ,,,,,,TheCountryHouse400,TheCountryHouse160,https://www.thecountryhouse.com/prodimg/99979L.jpg,99979L.jpg,,,TheCountryHouse800,99979L.jpg
"84"" Navy Farmhouse Star Lined Panels/Pair",99980,,,,,,,"Measures: 72 x 84""",,1,$85.00 ,,,,,,TheCountryHouse400,TheCountryHouse160,https://www.thecountryhouse.com/prodimg/99980L.jpg,99980L.jpg,,,TheCountryHouse800,99980L.jpg
"15"" Frosted Pine Tree",99982,,,,,,,Measures:,,1,$16.99 ,,,,,,TheCountryHouse400,TheCountryHouse160,https://www.thecountryhouse.com/prodimg/99982L.jpg,99982L.jpg,,,TheCountryHouse800,99982L.jpg
Navy Farmhouse Star Shower Curtain,99983,,,,,,,"Measures: 72 x 72""",,1,$55.00 ,,,,,,TheCountryHouse400,TheCountryHouse160,https://www.thecountryhouse.com/prodimg/99983L.jpg,99983L.jpg,,,TheCountryHouse800,99983L.jpg
"10"" Snowy Grass Ring",99985,,,,,,,Measures:,,1,$16.99 ,,,,,,TheCountryHouse400,TheCountryHouse160,https://www.thecountryhouse.com/prodimg/99985L.jpg,99985L.jpg,,,TheCountryHouse800,99985L.jpg
Navy Farmhouse Star Rug,99986,,,,,,,Measures: 2 x 3.5',,1,$31.99 ,,,,,,TheCountryHouse400,TheCountryHouse160,https://www.thecountryhouse.com/prodimg/99986L.jpg,99986L.jpg,,,TheCountryHouse800,99986L.jpg
"13"" Snowy Grass Bunch",99988,,,,,,,Measures:,,1,$10.99 ,,,,,,TheCountryHouse400,TheCountryHouse160,https://www.thecountryhouse.com/prodimg/99988L.jpg,99988L.jpg,,,TheCountryHouse800,99988L.jpg
Aged Rectangular Tobacco Baskets Set/2,99989,,,,,,,"Measures: 20 x 12"", 24 x 15""",,1,$59.99 ,,,,,,TheCountryHouse400,TheCountryHouse160,https://www.thecountryhouse.com/prodimg/99989L.jpg,99989L.jpg,,,TheCountryHouse800,99989L.jpg
"14"" Magnolia Wreath",99992,,,,,,,Measures:,,1,$31.99 ,,,,,,TheCountryHouse400,TheCountryHouse160,https://www.thecountryhouse.com/prodimg/99992L.jpg,99992L.jpg,,,TheCountryHouse800,99992L.jpg
"20"" Magnolia Spray",99995,,,,,,,Measures:,,1,$7.50 ,,,,,,TheCountryHouse400,TheCountryHouse160,https://www.thecountryhouse.com/prodimg/99995L.jpg,99995L.jpg,,,TheCountryHouse800,99995L.jpg
