Mason Jar Candles - Sunflowers - 16oz,C060-16,Mason Jar Candle - 16oz|||||||||,Surf's Up Candles are created with our highest quality 100% natural soy wax. They are carefully hand wicked and hand poured in small batches using one-of-a-kind fragrance oils inspired by life at the Jersey Shore.,,,,1,80 hour burn time,1,10.25,,0.00,,0.00,1,C060.jpg,
Mason Jar Candles - Sunflowers - 4oz,C060-4,Mason Jar Candle - 4oz|||||||||,Surf's Up Candles are created with our highest quality 100% natural soy wax. They are carefully hand wicked and hand poured in small batches using one-of-a-kind fragrance oils inspired by life at the Jersey Shore.,,,,1,20-25 hour burn time,1,4.50,,0.00,,0.00,1,C060.jpg,
Mason Jar Candles - Sunflowers - 8oz,C060-8,Mason Jar Candle - 8oz|||||||||,Surf's Up Candles are created with our highest quality 100% natural soy wax. They are carefully hand wicked and hand poured in small batches using one-of-a-kind fragrance oils inspired by life at the Jersey Shore.,,,,1,50-40 hour burn time,1,7.50,,0.00,,0.00,1,C060.jpg,
Mason Jar Candles - Tropical Punch - 16oz,C072-16,Mason Jar Candle - 16oz|||||||||,Surf's Up Candles are created with our highest quality 100% natural soy wax. They are carefully hand wicked and hand poured in small batches using one-of-a-kind fragrance oils inspired by life at the Jersey Shore.,,,,1,80 hour burn time,1,10.25,,0.00,,0.00,1,C072.jpg,
Mason Jar Candles - Tropical Punch - 4oz,C072-4,Mason Jar Candle - 4oz|||||||||,Surf's Up Candles are created with our highest quality 100% natural soy wax. They are carefully hand wicked and hand poured in small batches using one-of-a-kind fragrance oils inspired by life at the Jersey Shore.,,,,1,20-25 hour burn time,1,4.50,,0.00,,0.00,1,C072.jpg,
Mason Jar Candles - Tropical Punch - 8oz,C072-8,Mason Jar Candle - 8oz|||||||||,Surf's Up Candles are created with our highest quality 100% natural soy wax. They are carefully hand wicked and hand poured in small batches using one-of-a-kind fragrance oils inspired by life at the Jersey Shore.,,,,1,50-40 hour burn time,1,7.50,,0.00,,0.00,1,C072.jpg,
Paint Can Candles - Mistletoe Sled - 1/2 Pint,PC005-2,Paint Can Candles - Half Pint|||||||||,"A fresh spin on your favorite candle, our paint can candles are available in 3 sizes: 1/4 pint (4 oz), 1/2 pint (8 oz) and pint size (16 oz). ",,,,1,,1,7.50,,0.00,,0.00,1,PC005.jpg,
Paint Can Candles - Mistletoe Sled - 1/4 Pint,PC005-4,Paint Can Candles - Quarter Pint|||||||||,"A fresh spin on your favorite candle, our paint can candles are available in 3 sizes: 1/4 pint (4 oz), 1/2 pint (8 oz) and pint size (16 oz). ",,,,1,,1,4.50,,0.00,,0.00,1,PC005.jpg,
Paint Can Candles - Mistletoe Sled - Pint,PC005,Paint Can Candles - Pint|||||||||,"A fresh spin on your favorite candle, our paint can candles are available in 3 sizes: 1/4 pint (4 oz), 1/2 pint (8 oz) and pint size (16 oz). ",,,,1,,1,10.25,,0.00,,0.00,1,PC005.jpg,
Paint Can Candles - Tropical Punch - 1/2 Pint,PC027-2,Paint Can Candles - Half Pint|||||||||,"A fresh spin on your favorite candle, our paint can candles are available in 3 sizes: 1/4 pint (4 oz), 1/2 pint (8 oz) and pint size (16 oz). ",,,,1,,1,7.50,,0.00,,0.00,1,PC027.jpg,
Paint Can Candles - Tropical Punch - 1/4 Pint,PC027-4,Paint Can Candles - Quarter Pint|||||||||,"A fresh spin on your favorite candle, our paint can candles are available in 3 sizes: 1/4 pint (4 oz), 1/2 pint (8 oz) and pint size (16 oz). ",,,,1,,1,4.50,,0.00,,0.00,1,PC027.jpg,
Paint Can Candles - Tropical Punch - Pint,PC027,Paint Can Candles - Pint|||||||||,"A fresh spin on your favorite candle, our paint can candles are available in 3 sizes: 1/4 pint (4 oz), 1/2 pint (8 oz) and pint size (16 oz). ",,,,1,,1,10.25,,0.00,,0.00,1,PC027.jpg,
Coconut Lime Air Fresheners,AF001,Air Fresheners|||||||||,Take our signature scent with you on the go!,,,12,1,,1,19.80,,0.00,,0.00,1,AF001.jpg,
Mason Jar Candles -  Northern Woods - 16oz,C058-16,Mason Jar Candle - 16oz|||||||||,Surf's Up Candles are created with our highest quality 100% natural soy wax. They are carefully hand wicked and hand poured in small batches using one-of-a-kind fragrance oils inspired by life at the Jersey Shore.,,,,1,80 hour burn time,1,10.25,,0.00,,0.00,1,C058.jpg,
Mason Jar Candles - Apple Strudel - 16oz,C031-16,Mason Jar Candle - 16oz|||||||||,Surf's Up Candles are created with our highest quality 100% natural soy wax. They are carefully hand wicked and hand poured in small batches using one-of-a-kind fragrance oils inspired by life at the Jersey Shore.,,,,1,80 hour burn time,1,10.25,,0.00,,0.00,1,C031.jpg,
Mason Jar Candles - Apple Strudel - 6oz,C031-4,Mason Jar Candle - 4oz|||||||||,Surf's Up Candles are created with our highest quality 100% natural soy wax. They are carefully hand wicked and hand poured in small batches using one-of-a-kind fragrance oils inspired by life at the Jersey Shore.,Image is Large,,,1,20-25 hour burn time,1,4.50,,0.00,,0.00,1,C031.jpg,
Mason Jar Candles - Apple Strudel - 8oz,C031-8,Mason Jar Candle - 8oz|||||||||,Surf's Up Candles are created with our highest quality 100% natural soy wax. They are carefully hand wicked and hand poured in small batches using one-of-a-kind fragrance oils inspired by life at the Jersey Shore.,Image is Large,,,1,50-40 hour burn time,1,7.50,,0.00,,0.00,1,C031.jpg,
Mason Jar Candles - Avocado & Lime - 16oz,C061-16,Mason Jar Candle - 16oz|||||||||,Surf's Up Candles are created with our highest quality 100% natural soy wax. They are carefully hand wicked and hand poured in small batches using one-of-a-kind fragrance oils inspired by life at the Jersey Shore.,,,,1,80 hour burn time,1,10.25,,0.00,,0.00,1,C061.jpg,
Mason Jar Candles - Avocado & Lime - 4oz,C061-4,Mason Jar Candle - 4oz|||||||||,Surf's Up Candles are created with our highest quality 100% natural soy wax. They are carefully hand wicked and hand poured in small batches using one-of-a-kind fragrance oils inspired by life at the Jersey Shore.,Image is 16oz,,,1,20-25 hour burn time,1,4.50,,0.00,,0.00,1,C061.jpg,
Mason Jar Candles - Avocado & Lime - 8oz,C061-8,Mason Jar Candle - 8oz|||||||||,Surf's Up Candles are created with our highest quality 100% natural soy wax. They are carefully hand wicked and hand poured in small batches using one-of-a-kind fragrance oils inspired by life at the Jersey Shore.,Image is 16oz,,,1,50-40 hour burn time,1,7.50,,0.00,,0.00,1,C061.jpg,
Mason Jar Candles - Beach Bum - 16oz,C003-16,Mason Jar Candle - 16oz|||||||||,Surf's Up Candles are created with our highest quality 100% natural soy wax. They are carefully hand wicked and hand poured in small batches using one-of-a-kind fragrance oils inspired by life at the Jersey Shore.,Image is 8oz,,,1,80 hour burn time,1,10.25,,0.00,,0.00,1,C003.jpg,
Mason Jar Candles - Beach Bum - 4oz,C003-4,Mason Jar Candle - 4oz|||||||||,Surf's Up Candles are created with our highest quality 100% natural soy wax. They are carefully hand wicked and hand poured in small batches using one-of-a-kind fragrance oils inspired by life at the Jersey Shore.,Image is 8oz,,,1,20-25 hour burn time,1,4.50,,0.00,,0.00,1,C003.jpg,
Mason Jar Candles - Beach Bum - 8oz,C003-8,Mason Jar Candle - 8oz|||||||||,Surf's Up Candles are created with our highest quality 100% natural soy wax. They are carefully hand wicked and hand poured in small batches using one-of-a-kind fragrance oils inspired by life at the Jersey Shore.,,,,1,50-40 hour burn time,1,7.50,,0.00,,0.00,1,C003.jpg,
Mason Jar Candles - Beach Daisies - 16oz,C004-16,Mason Jar Candle - 16oz|||||||||,Surf's Up Candles are created with our highest quality 100% natural soy wax. They are carefully hand wicked and hand poured in small batches using one-of-a-kind fragrance oils inspired by life at the Jersey Shore.,,,,1,80 hour burn time,1,10.25,,0.00,,0.00,1,C004.jpg,
Mason Jar Candles - Beach Daisies - 4oz,C004-4,Mason Jar Candle - 4oz|||||||||,Surf's Up Candles are created with our highest quality 100% natural soy wax. They are carefully hand wicked and hand poured in small batches using one-of-a-kind fragrance oils inspired by life at the Jersey Shore.,Image is 16oz,,,1,20-25 hour burn time,1,4.50,,0.00,,0.00,1,C004.jpg,
Mason Jar Candles - Beach Daisies - 8oz,C004-8,Mason Jar Candle - 8oz|||||||||,Surf's Up Candles are created with our highest quality 100% natural soy wax. They are carefully hand wicked and hand poured in small batches using one-of-a-kind fragrance oils inspired by life at the Jersey Shore.,Image is 16oz,,,1,50-40 hour burn time,1,7.50,,0.00,,0.00,1,C004.jpg,
Mason Jar Candles - Bergamont Tea - 16oz,C068-16,Mason Jar Candle - 16oz|||||||||,Surf's Up Candles are created with our highest quality 100% natural soy wax. They are carefully hand wicked and hand poured in small batches using one-of-a-kind fragrance oils inspired by life at the Jersey Shore.,,,,1,80 hour burn time,1,10.25,,0.00,,0.00,1,C068.jpg,
Mason Jar Candles - Bergamont Tea - 4oz,C068-4,Mason Jar Candle - 4oz|||||||||,Surf's Up Candles are created with our highest quality 100% natural soy wax. They are carefully hand wicked and hand poured in small batches using one-of-a-kind fragrance oils inspired by life at the Jersey Shore.,,,,1,20-25 hour burn time,1,4.50,,0.00,,0.00,1,C068.jpg,
Mason Jar Candles - Bergamont Tea - 8oz,C068-8,Mason Jar Candle - 8oz|||||||||,Surf's Up Candles are created with our highest quality 100% natural soy wax. They are carefully hand wicked and hand poured in small batches using one-of-a-kind fragrance oils inspired by life at the Jersey Shore.,,,,1,50-40 hour burn time,1,7.50,,0.00,,0.00,1,C068.jpg,
Mason Jar Candles - Birthday Cake - 16oz,C005-16,Mason Jar Candle - 16oz|||||||||,Surf's Up Candles are created with our highest quality 100% natural soy wax. They are carefully hand wicked and hand poured in small batches using one-of-a-kind fragrance oils inspired by life at the Jersey Shore.,Image is 8oz,,,1,80 hour burn time,1,10.25,,0.00,,0.00,1,C005.jpg,
Mason Jar Candles - Birthday Cake - 4oz,C005-4,Mason Jar Candle - 4oz|||||||||,Surf's Up Candles are created with our highest quality 100% natural soy wax. They are carefully hand wicked and hand poured in small batches using one-of-a-kind fragrance oils inspired by life at the Jersey Shore.,Image is 8oz,,,1,20-25 hour burn time,1,4.50,,0.00,,0.00,1,C005.jpg,
Mason Jar Candles - Birthday Cake - 8oz,C005-8,Mason Jar Candle - 8oz|||||||||,Surf's Up Candles are created with our highest quality 100% natural soy wax. They are carefully hand wicked and hand poured in small batches using one-of-a-kind fragrance oils inspired by life at the Jersey Shore.,,,,1,50-40 hour burn time,1,7.50,,0.00,,0.00,1,C005.jpg,
Mason Jar Candles - Blue Spruce - 16oz,C029-16,Mason Jar Candle - 16oz|||||||||,Surf's Up Candles are created with our highest quality 100% natural soy wax. They are carefully hand wicked and hand poured in small batches using one-of-a-kind fragrance oils inspired by life at the Jersey Shore.,Image is 8oz,,,1,80 hour burn time,1,10.25,,0.00,,0.00,1,C029.jpg,
Mason Jar Candles - Blue Spruce - 4oz,C029-4,Mason Jar Candle - 4oz|||||||||,Surf's Up Candles are created with our highest quality 100% natural soy wax. They are carefully hand wicked and hand poured in small batches using one-of-a-kind fragrance oils inspired by life at the Jersey Shore.,Image is 8oz,,,1,20-25 hour burn time,1,4.50,,0.00,,0.00,1,C029.jpg,
Mason Jar Candles - Blue Spruce - 8oz,C029-8,Mason Jar Candle - 8oz|||||||||,Surf's Up Candles are created with our highest quality 100% natural soy wax. They are carefully hand wicked and hand poured in small batches using one-of-a-kind fragrance oils inspired by life at the Jersey Shore.,,,,1,50-40 hour burn time,1,7.50,,0.00,,0.00,1,C029.jpg,
Mason Jar Candles - Brown Sugar & Fig - 16oz,C056-16,Mason Jar Candle - 16oz|||||||||,Surf's Up Candles are created with our highest quality 100% natural soy wax. They are carefully hand wicked and hand poured in small batches using one-of-a-kind fragrance oils inspired by life at the Jersey Shore.,Image is 8oz,,,1,80 hour burn time,1,10.25,,0.00,,0.00,1,C056.jpg,
Mason Jar Candles - Brown Sugar & Fig - 4oz,C056-4,Mason Jar Candle - 4oz|||||||||,Surf's Up Candles are created with our highest quality 100% natural soy wax. They are carefully hand wicked and hand poured in small batches using one-of-a-kind fragrance oils inspired by life at the Jersey Shore.,Image is 8oz,,,1,20-25 hour burn time,1,4.50,,0.00,,0.00,1,C056.jpg,
Mason Jar Candles - Brown Sugar & Fig - 8oz,C056-8,Mason Jar Candle - 8oz|||||||||,Surf's Up Candles are created with our highest quality 100% natural soy wax. They are carefully hand wicked and hand poured in small batches using one-of-a-kind fragrance oils inspired by life at the Jersey Shore.,,,,1,50-40 hour burn time,1,7.50,,0.00,,0.00,1,C056.jpg,
Mason Jar Candles - Cinnamon Twist - 16oz,C037-16,Mason Jar Candle - 16oz|||||||||,Surf's Up Candles are created with our highest quality 100% natural soy wax. They are carefully hand wicked and hand poured in small batches using one-of-a-kind fragrance oils inspired by life at the Jersey Shore.,,,,1,80 hour burn time,1,10.25,,0.00,,0.00,1,C037.jpg,
Mason Jar Candles - Cinnamon Twist - 4oz,C037-4,Mason Jar Candle - 4oz|||||||||,Surf's Up Candles are created with our highest quality 100% natural soy wax. They are carefully hand wicked and hand poured in small batches using one-of-a-kind fragrance oils inspired by life at the Jersey Shore.,Image is 16oz,,,1,20-25 hour burn time,1,4.50,,0.00,,0.00,1,C037.jpg,
Mason Jar Candles - Cinnamon Twist - 8oz,C037-8,Mason Jar Candle - 8oz|||||||||,Surf's Up Candles are created with our highest quality 100% natural soy wax. They are carefully hand wicked and hand poured in small batches using one-of-a-kind fragrance oils inspired by life at the Jersey Shore.,Image is 16oz,,,1,50-40 hour burn time,1,7.50,,0.00,,0.00,1,C037.jpg,
Mason Jar Candles - Citrus Splash - 16oz,C049-16,Mason Jar Candle - 16oz|||||||||,Surf's Up Candles are created with our highest quality 100% natural soy wax. They are carefully hand wicked and hand poured in small batches using one-of-a-kind fragrance oils inspired by life at the Jersey Shore.,,,,1,80 hour burn time,1,10.25,,0.00,,0.00,1,C049.jpg,
Mason Jar Candles - Citrus Splash - 4oz,C049-4,Mason Jar Candle - 4oz|||||||||,Surf's Up Candles are created with our highest quality 100% natural soy wax. They are carefully hand wicked and hand poured in small batches using one-of-a-kind fragrance oils inspired by life at the Jersey Shore.,Image is 16oz,,,1,20-25 hour burn time,1,4.50,,0.00,,0.00,1,C049.jpg,
Mason Jar Candles - Citrus Splash - 8oz,C049-8,Mason Jar Candle - 8oz|||||||||,Surf's Up Candles are created with our highest quality 100% natural soy wax. They are carefully hand wicked and hand poured in small batches using one-of-a-kind fragrance oils inspired by life at the Jersey Shore.,Image is 16oz,,,1,50-40 hour burn time,1,7.50,,0.00,,0.00,1,C049.jpg,
Mason Jar Candles - Cloves - 16oz,C066-16,Mason Jar Candle - 16oz|||||||||,Surf's Up Candles are created with our highest quality 100% natural soy wax. They are carefully hand wicked and hand poured in small batches using one-of-a-kind fragrance oils inspired by life at the Jersey Shore.,Image is 8oz,,,1,80 hour burn time,1,10.25,,0.00,,0.00,1,C066.jpg,
Mason Jar Candles - Cloves - 4oz,C066-4,Mason Jar Candle - 4oz|||||||||,Surf's Up Candles are created with our highest quality 100% natural soy wax. They are carefully hand wicked and hand poured in small batches using one-of-a-kind fragrance oils inspired by life at the Jersey Shore.,Image is 8oz,,,1,20-25 hour burn time,1,4.50,,0.00,,0.00,1,C066.jpg,
Mason Jar Candles - Cloves - 8oz,C066-8,Mason Jar Candle - 8oz|||||||||,Surf's Up Candles are created with our highest quality 100% natural soy wax. They are carefully hand wicked and hand poured in small batches using one-of-a-kind fragrance oils inspired by life at the Jersey Shore.,,,,1,50-40 hour burn time,1,7.50,,0.00,,0.00,1,C066.jpg,
Mason Jar Candles - Coconut Lime - 16oz,C008-16,Mason Jar Candle - 16oz|||||||||,Surf's Up Candles are created with our highest quality 100% natural soy wax. They are carefully hand wicked and hand poured in small batches using one-of-a-kind fragrance oils inspired by life at the Jersey Shore.,,,,1,80 hour burn time,1,10.25,,0.00,,0.00,1,C008.jpg,
Mason Jar Candles - Coconut Lime - 4oz,C008-4,Mason Jar Candle - 4oz|||||||||,Surf's Up Candles are created with our highest quality 100% natural soy wax. They are carefully hand wicked and hand poured in small batches using one-of-a-kind fragrance oils inspired by life at the Jersey Shore.,Image is 16oz,,,1,20-25 hour burn time,1,4.50,,0.00,,0.00,1,C008.jpg,
Mason Jar Candles - Coconut Lime - 8oz,C008-8,Mason Jar Candle - 8oz|||||||||,Surf's Up Candles are created with our highest quality 100% natural soy wax. They are carefully hand wicked and hand poured in small batches using one-of-a-kind fragrance oils inspired by life at the Jersey Shore.,Image is 16oz,,,1,50-40 hour burn time,1,7.50,,0.00,,0.00,1,C008.jpg,
Mason Jar Candles - Crackling Firewood - 16oz,C041-16,Mason Jar Candle - 16oz|||||||||,Surf's Up Candles are created with our highest quality 100% natural soy wax. They are carefully hand wicked and hand poured in small batches using one-of-a-kind fragrance oils inspired by life at the Jersey Shore.,Image is 8oz,,,1,80 hour burn time,1,10.25,,0.00,,0.00,1,C041.jpg,
Mason Jar Candles - Crackling Firewood - 4oz,C041-4,Mason Jar Candle - 4oz|||||||||,Surf's Up Candles are created with our highest quality 100% natural soy wax. They are carefully hand wicked and hand poured in small batches using one-of-a-kind fragrance oils inspired by life at the Jersey Shore.,Image is 8oz,,,1,20-25 hour burn time,1,4.50,,0.00,,0.00,1,C041.jpg,
Mason Jar Candles - Crackling Firewood - 8oz,C041-8,Mason Jar Candle - 8oz|||||||||,Surf's Up Candles are created with our highest quality 100% natural soy wax. They are carefully hand wicked and hand poured in small batches using one-of-a-kind fragrance oils inspired by life at the Jersey Shore.,,,,1,50-40 hour burn time,1,7.50,,0.00,,0.00,1,C041.jpg,
Mason Jar Candles - Cranberry Apple - 16oz,C065-16,Mason Jar Candle - 16oz|||||||||,Surf's Up Candles are created with our highest quality 100% natural soy wax. They are carefully hand wicked and hand poured in small batches using one-of-a-kind fragrance oils inspired by life at the Jersey Shore.,,,,1,80 hour burn time,1,10.25,,0.00,,0.00,1,C065.jpg,
Mason Jar Candles - Cranberry Apple - 4oz,C065-4,Mason Jar Candle - 4oz|||||||||,Surf's Up Candles are created with our highest quality 100% natural soy wax. They are carefully hand wicked and hand poured in small batches using one-of-a-kind fragrance oils inspired by life at the Jersey Shore.,Image is 16oz,,,1,20-25 hour burn time,1,4.50,,0.00,,0.00,1,C065.jpg,
Mason Jar Candles - Cranberry Apple - 8oz,C065-8,Mason Jar Candle - 8oz|||||||||,Surf's Up Candles are created with our highest quality 100% natural soy wax. They are carefully hand wicked and hand poured in small batches using one-of-a-kind fragrance oils inspired by life at the Jersey Shore.,Image is 16oz,,,1,50-40 hour burn time,1,7.50,,0.00,,0.00,1,C065.jpg,
Mason Jar Candles - Cucumber Citrus - 16oz,C064-16,Mason Jar Candle - 16oz|||||||||,Surf's Up Candles are created with our highest quality 100% natural soy wax. They are carefully hand wicked and hand poured in small batches using one-of-a-kind fragrance oils inspired by life at the Jersey Shore.,,,,1,80 hour burn time,1,10.25,,0.00,,0.00,1,C064.jpg,
Mason Jar Candles - Cucumber Citrus - 4oz,C064-4,Mason Jar Candle - 4oz|||||||||,Surf's Up Candles are created with our highest quality 100% natural soy wax. They are carefully hand wicked and hand poured in small batches using one-of-a-kind fragrance oils inspired by life at the Jersey Shore.,Image is 16oz & 8oz,,,1,20-25 hour burn time,1,4.50,,0.00,,0.00,1,C064.jpg,
Mason Jar Candles - Cucumber Citrus - 8oz,C064-8,Mason Jar Candle - 8oz|||||||||,Surf's Up Candles are created with our highest quality 100% natural soy wax. They are carefully hand wicked and hand poured in small batches using one-of-a-kind fragrance oils inspired by life at the Jersey Shore.,,,,1,50-40 hour burn time,1,7.50,,0.00,,0.00,1,C064.jpg,
Mason Jar Candles - Deep Sea - 16oz,C069-16,Mason Jar Candle - 16oz|||||||||,Surf's Up Candles are created with our highest quality 100% natural soy wax. They are carefully hand wicked and hand poured in small batches using one-of-a-kind fragrance oils inspired by life at the Jersey Shore.,,,,1,80 hour burn time,1,10.25,,0.00,,0.00,1,C069.jpg,
Mason Jar Candles - Deep Sea - 4oz,C069-4,Mason Jar Candle - 4oz|||||||||,Surf's Up Candles are created with our highest quality 100% natural soy wax. They are carefully hand wicked and hand poured in small batches using one-of-a-kind fragrance oils inspired by life at the Jersey Shore.,,,,1,20-25 hour burn time,1,4.50,,0.00,,0.00,1,C069.jpg,
Mason Jar Candles - Deep Sea - 8oz,C069-8,Mason Jar Candle - 8oz|||||||||,Surf's Up Candles are created with our highest quality 100% natural soy wax. They are carefully hand wicked and hand poured in small batches using one-of-a-kind fragrance oils inspired by life at the Jersey Shore.,,,,1,50-40 hour burn time,1,7.50,,0.00,,0.00,1,C069.jpg,
Mason Jar Candles - English Garden - 16oz,C009-16,Mason Jar Candle - 16oz|||||||||,Surf's Up Candles are created with our highest quality 100% natural soy wax. They are carefully hand wicked and hand poured in small batches using one-of-a-kind fragrance oils inspired by life at the Jersey Shore.,Image is 8oz,,,1,80 hour burn time,1,10.25,,0.00,,0.00,1,C009.jpg,
Mason Jar Candles - English Garden - 4oz,C009-4,Mason Jar Candle - 4oz|||||||||,Surf's Up Candles are created with our highest quality 100% natural soy wax. They are carefully hand wicked and hand poured in small batches using one-of-a-kind fragrance oils inspired by life at the Jersey Shore.,Image is 8oz,,,1,20-25 hour burn time,1,4.50,,0.00,,0.00,1,C009.jpg,
Mason Jar Candles - English Garden - 8oz,C009-8,Mason Jar Candle - 8oz|||||||||,Surf's Up Candles are created with our highest quality 100% natural soy wax. They are carefully hand wicked and hand poured in small batches using one-of-a-kind fragrance oils inspired by life at the Jersey Shore.,,,,1,50-40 hour burn time,1,7.50,,0.00,,0.00,1,C009.jpg,
Mason Jar Candles - Evergreen Forest - 16oz,C055-16,Mason Jar Candle - 16oz|||||||||,Surf's Up Candles are created with our highest quality 100% natural soy wax. They are carefully hand wicked and hand poured in small batches using one-of-a-kind fragrance oils inspired by life at the Jersey Shore.,,,,1,80 hour burn time,1,10.25,,0.00,,0.00,1,C055.jpg,
Mason Jar Candles - Evergreen Forest - 4oz,C055-4,Mason Jar Candle - 4oz|||||||||,Surf's Up Candles are created with our highest quality 100% natural soy wax. They are carefully hand wicked and hand poured in small batches using one-of-a-kind fragrance oils inspired by life at the Jersey Shore.,Image is 16oz,,,1,20-25 hour burn time,1,4.50,,0.00,,0.00,1,C055.jpg,
Mason Jar Candles - Evergreen Forest - 8oz,C055-8,Mason Jar Candle - 8oz|||||||||,Surf's Up Candles are created with our highest quality 100% natural soy wax. They are carefully hand wicked and hand poured in small batches using one-of-a-kind fragrance oils inspired by life at the Jersey Shore.,Image is 16oz,,,1,50-40 hour burn time,1,7.50,,0.00,,0.00,1,C055.jpg,
Mason Jar Candles - Gingerbread - 16oz,C039-16,Mason Jar Candle - 16oz|||||||||,Surf's Up Candles are created with our highest quality 100% natural soy wax. They are carefully hand wicked and hand poured in small batches using one-of-a-kind fragrance oils inspired by life at the Jersey Shore.,,,,1,80 hour burn time,1,10.25,,0.00,,0.00,1,C039.jpg,
Mason Jar Candles - Gingerbread - 4oz,C039-4,Mason Jar Candle - 4oz|||||||||,Surf's Up Candles are created with our highest quality 100% natural soy wax. They are carefully hand wicked and hand poured in small batches using one-of-a-kind fragrance oils inspired by life at the Jersey Shore.,Image is 16oz,,,1,20-25 hour burn time,1,4.50,,0.00,,0.00,1,C039.jpg,
Mason Jar Candles - Gingerbread - 8oz,C039-8,Mason Jar Candle - 8oz|||||||||,Surf's Up Candles are created with our highest quality 100% natural soy wax. They are carefully hand wicked and hand poured in small batches using one-of-a-kind fragrance oils inspired by life at the Jersey Shore.,Image is 16oz,,,1,50-40 hour burn time,1,7.50,,0.00,,0.00,1,C039.jpg,
Mason Jar Candles - Harvest Moon - 16oz,C057-16,Mason Jar Candle - 16oz|||||||||,Surf's Up Candles are created with our highest quality 100% natural soy wax. They are carefully hand wicked and hand poured in small batches using one-of-a-kind fragrance oils inspired by life at the Jersey Shore.,,,,1,80 hour burn time,1,10.25,,0.00,,0.00,1,C057.jpg,
Mason Jar Candles - Harvest Moon - 4oz,C057-4,Mason Jar Candle - 4oz|||||||||,Surf's Up Candles are created with our highest quality 100% natural soy wax. They are carefully hand wicked and hand poured in small batches using one-of-a-kind fragrance oils inspired by life at the Jersey Shore.,Image is 16oz,,,1,20-25 hour burn time,1,4.50,,0.00,,0.00,1,C057.jpg,
Mason Jar Candles - Harvest Moon - 8oz,C057-8,Mason Jar Candle - 8oz|||||||||,Surf's Up Candles are created with our highest quality 100% natural soy wax. They are carefully hand wicked and hand poured in small batches using one-of-a-kind fragrance oils inspired by life at the Jersey Shore.,Image is 16oz,,,1,50-40 hour burn time,1,7.50,,0.00,,0.00,1,C057.jpg,
Mason Jar Candles - Hawaiian Sun - 16oz,C050-16,Mason Jar Candle - 16oz|||||||||,Surf's Up Candles are created with our highest quality 100% natural soy wax. They are carefully hand wicked and hand poured in small batches using one-of-a-kind fragrance oils inspired by life at the Jersey Shore.,Image is 8oz,,,1,80 hour burn time,1,10.25,,0.00,,0.00,1,C050.jpg,
Mason Jar Candles - Hawaiian Sun - 4oz,C050-4,Mason Jar Candle - 4oz|||||||||,Surf's Up Candles are created with our highest quality 100% natural soy wax. They are carefully hand wicked and hand poured in small batches using one-of-a-kind fragrance oils inspired by life at the Jersey Shore.,Image is 8oz,,,1,20-25 hour burn time,1,4.50,,0.00,,0.00,1,C050.jpg,
Mason Jar Candles - Hawaiian Sun - 8oz,C050-8,Mason Jar Candle - 8oz|||||||||,Surf's Up Candles are created with our highest quality 100% natural soy wax. They are carefully hand wicked and hand poured in small batches using one-of-a-kind fragrance oils inspired by life at the Jersey Shore.,,,,1,50-40 hour burn time,1,7.50,,0.00,,0.00,1,C050.jpg,
Mason Jar Candles - Hyacinth - 16oz,C011-16,Mason Jar Candle - 16oz|||||||||,Surf's Up Candles are created with our highest quality 100% natural soy wax. They are carefully hand wicked and hand poured in small batches using one-of-a-kind fragrance oils inspired by life at the Jersey Shore.,,,,1,80 hour burn time,1,10.25,,0.00,,0.00,1,C011.jpg,
Mason Jar Candles - Hyacinth - 4oz,C011-4,Mason Jar Candle - 4oz|||||||||,Surf's Up Candles are created with our highest quality 100% natural soy wax. They are carefully hand wicked and hand poured in small batches using one-of-a-kind fragrance oils inspired by life at the Jersey Shore.,,,,1,20-25 hour burn time,1,4.50,,0.00,,0.00,1,C011.jpg,
Mason Jar Candles - Hyacinth - 8oz,C011-8,Mason Jar Candle - 8oz|||||||||,Surf's Up Candles are created with our highest quality 100% natural soy wax. They are carefully hand wicked and hand poured in small batches using one-of-a-kind fragrance oils inspired by life at the Jersey Shore.,,,,1,50-40 hour burn time,1,7.50,,0.00,,0.00,1,C011.jpg,
Mason Jar Candles - Iced Lemon Biscotti - 16oz,C013-16,Mason Jar Candle - 16oz|||||||||,Surf's Up Candles are created with our highest quality 100% natural soy wax. They are carefully hand wicked and hand poured in small batches using one-of-a-kind fragrance oils inspired by life at the Jersey Shore.,,,,1,80 hour burn time,1,10.25,,0.00,,0.00,1,C013.jpg,
Mason Jar Candles - Iced Lemon Biscotti - 4oz,C013-4,Mason Jar Candle - 4oz|||||||||,Surf's Up Candles are created with our highest quality 100% natural soy wax. They are carefully hand wicked and hand poured in small batches using one-of-a-kind fragrance oils inspired by life at the Jersey Shore.,Image is 16oz,,,1,20-25 hour burn time,1,4.50,,0.00,,0.00,1,C013.jpg,
Mason Jar Candles - Iced Lemon Biscotti - 8oz,C013-8,Mason Jar Candle - 8oz|||||||||,Surf's Up Candles are created with our highest quality 100% natural soy wax. They are carefully hand wicked and hand poured in small batches using one-of-a-kind fragrance oils inspired by life at the Jersey Shore.,Image is 16oz,,,1,50-40 hour burn time,1,7.50,,0.00,,0.00,1,C013.jpg,
Mason Jar Candles - Indian Summer - 16oz,C070-16,Mason Jar Candle - 16oz|||||||||,Surf's Up Candles are created with our highest quality 100% natural soy wax. They are carefully hand wicked and hand poured in small batches using one-of-a-kind fragrance oils inspired by life at the Jersey Shore.,,,,1,80 hour burn time,1,10.25,,0.00,,0.00,1,C070.jpg,
Mason Jar Candles - Indian Summer - 4oz,C070-4,Mason Jar Candle - 4oz|||||||||,Surf's Up Candles are created with our highest quality 100% natural soy wax. They are carefully hand wicked and hand poured in small batches using one-of-a-kind fragrance oils inspired by life at the Jersey Shore.,,,,1,20-25 hour burn time,1,4.50,,0.00,,0.00,1,C070.jpg,
Mason Jar Candles - Indian Summer - 8oz,C070-8,Mason Jar Candle - 8oz|||||||||,Surf's Up Candles are created with our highest quality 100% natural soy wax. They are carefully hand wicked and hand poured in small batches using one-of-a-kind fragrance oils inspired by life at the Jersey Shore.,,,,1,50-40 hour burn time,1,7.50,,0.00,,0.00,1,C070.jpg,
Mason Jar Candles - Island Moon - 16oz,C071-16,Mason Jar Candle - 16oz|||||||||,Surf's Up Candles are created with our highest quality 100% natural soy wax. They are carefully hand wicked and hand poured in small batches using one-of-a-kind fragrance oils inspired by life at the Jersey Shore.,,,,1,80 hour burn time,1,10.25,,0.00,,0.00,1,C071.jpg,
Mason Jar Candles - Island Moon - 4oz,C071-4,Mason Jar Candle - 4oz|||||||||,Surf's Up Candles are created with our highest quality 100% natural soy wax. They are carefully hand wicked and hand poured in small batches using one-of-a-kind fragrance oils inspired by life at the Jersey Shore.,,,,1,20-25 hour burn time,1,4.50,,0.00,,0.00,1,C071.jpg,
Mason Jar Candles - Island Moon - 8oz,C071-8,Mason Jar Candle - 8oz|||||||||,Surf's Up Candles are created with our highest quality 100% natural soy wax. They are carefully hand wicked and hand poured in small batches using one-of-a-kind fragrance oils inspired by life at the Jersey Shore.,,,,1,50-40 hour burn time,1,7.50,,0.00,,0.00,1,C071.jpg,
Mason Jar Candles - Lavender - 16oz,C012-16,Mason Jar Candle - 16oz|||||||||,Surf's Up Candles are created with our highest quality 100% natural soy wax. They are carefully hand wicked and hand poured in small batches using one-of-a-kind fragrance oils inspired by life at the Jersey Shore.,,,,1,80 hour burn time,1,10.25,,0.00,,0.00,1,C012.jpg,
Mason Jar Candles - Lavender - 4oz,C012-4,Mason Jar Candle - 4oz|||||||||,Surf's Up Candles are created with our highest quality 100% natural soy wax. They are carefully hand wicked and hand poured in small batches using one-of-a-kind fragrance oils inspired by life at the Jersey Shore.,,,,1,20-25 hour burn time,1,4.50,,0.00,,0.00,1,C012.jpg,
Mason Jar Candles - Lavender - 8oz,C012-8,Mason Jar Candle - 8oz|||||||||,Surf's Up Candles are created with our highest quality 100% natural soy wax. They are carefully hand wicked and hand poured in small batches using one-of-a-kind fragrance oils inspired by life at the Jersey Shore.,,,,1,50-40 hour burn time,1,7.50,,0.00,,0.00,1,C012.jpg,
Mason Jar Candles - Mandarin Mango - 16oz,C046-16,Mason Jar Candle - 16oz|||||||||,Surf's Up Candles are created with our highest quality 100% natural soy wax. They are carefully hand wicked and hand poured in small batches using one-of-a-kind fragrance oils inspired by life at the Jersey Shore.,Image is 4oz,,,1,80 hour burn time,1,10.25,,0.00,,0.00,1,C046.jpg,
Mason Jar Candles - Mandarin Mango - 4oz,C046-4,Mason Jar Candle - 4oz|||||||||,Surf's Up Candles are created with our highest quality 100% natural soy wax. They are carefully hand wicked and hand poured in small batches using one-of-a-kind fragrance oils inspired by life at the Jersey Shore.,,,,1,20-25 hour burn time,1,4.50,,0.00,,0.00,1,C046.jpg,
Mason Jar Candles - Mandarin Mango - 8oz,C046-8,Mason Jar Candle - 8oz|||||||||,Surf's Up Candles are created with our highest quality 100% natural soy wax. They are carefully hand wicked and hand poured in small batches using one-of-a-kind fragrance oils inspired by life at the Jersey Shore.,Image is 4oz,,,1,50-40 hour burn time,1,7.50,,0.00,,0.00,1,C046.jpg,
Mason Jar Candles - Maple Syrup - 16oz,C034-16,Mason Jar Candle - 16oz|||||||||,Surf's Up Candles are created with our highest quality 100% natural soy wax. They are carefully hand wicked and hand poured in small batches using one-of-a-kind fragrance oils inspired by life at the Jersey Shore.,,,,1,80 hour burn time,1,10.25,,0.00,,0.00,1,C034.jpg,
Mason Jar Candles - Maple Syrup - 4oz,C034-4,Mason Jar Candle - 4oz|||||||||,Surf's Up Candles are created with our highest quality 100% natural soy wax. They are carefully hand wicked and hand poured in small batches using one-of-a-kind fragrance oils inspired by life at the Jersey Shore.,,,,1,20-25 hour burn time,1,4.50,,0.00,,0.00,1,C034.jpg,
Mason Jar Candles - Maple Syrup - 8oz,C034-8,Mason Jar Candle - 8oz|||||||||,Surf's Up Candles are created with our highest quality 100% natural soy wax. They are carefully hand wicked and hand poured in small batches using one-of-a-kind fragrance oils inspired by life at the Jersey Shore.,,,,1,50-40 hour burn time,1,7.50,,0.00,,0.00,1,C034.jpg,
Mason Jar Candles - Mediterranean Fig - 16oz,C016-16,Mason Jar Candle - 16oz|||||||||,Surf's Up Candles are created with our highest quality 100% natural soy wax. They are carefully hand wicked and hand poured in small batches using one-of-a-kind fragrance oils inspired by life at the Jersey Shore.,,,,1,80 hour burn time,1,10.25,,0.00,,0.00,1,C016.jpg,
Mason Jar Candles - Mediterranean Fig - 4oz,C016-4,Mason Jar Candle - 4oz|||||||||,Surf's Up Candles are created with our highest quality 100% natural soy wax. They are carefully hand wicked and hand poured in small batches using one-of-a-kind fragrance oils inspired by life at the Jersey Shore.,Image is 16oz,,,1,20-25 hour burn time,1,4.50,,0.00,,0.00,1,C016.jpg,
Mason Jar Candles - Mediterranean Fig - 8oz,C016-8,Mason Jar Candle - 8oz|||||||||,Surf's Up Candles are created with our highest quality 100% natural soy wax. They are carefully hand wicked and hand poured in small batches using one-of-a-kind fragrance oils inspired by life at the Jersey Shore.,Image is 16oz,,,1,50-40 hour burn time,1,7.50,,0.00,,0.00,1,C016.jpg,
Mason Jar Candles - Mistletoe - 16oz,C032-16,Mason Jar Candle - 16oz|||||||||,Surf's Up Candles are created with our highest quality 100% natural soy wax. They are carefully hand wicked and hand poured in small batches using one-of-a-kind fragrance oils inspired by life at the Jersey Shore.,Image is 8oz,,,1,80 hour burn time,1,10.25,,0.00,,0.00,1,C032.jpg,
Mason Jar Candles - Mistletoe - 4oz,C032-4,Mason Jar Candle - 4oz|||||||||,Surf's Up Candles are created with our highest quality 100% natural soy wax. They are carefully hand wicked and hand poured in small batches using one-of-a-kind fragrance oils inspired by life at the Jersey Shore.,Image is 8oz,,,1,20-25 hour burn time,1,4.50,,0.00,,0.00,1,C032.jpg,
Mason Jar Candles - Mistletoe - 8oz,C032-8,Mason Jar Candle - 8oz|||||||||,Surf's Up Candles are created with our highest quality 100% natural soy wax. They are carefully hand wicked and hand poured in small batches using one-of-a-kind fragrance oils inspired by life at the Jersey Shore.,,,,1,50-40 hour burn time,1,7.50,,0.00,,0.00,1,C032.jpg,
Mason Jar Candles - Moonlight Musk - 16oz,C017-16,Mason Jar Candle - 16oz|||||||||,Surf's Up Candles are created with our highest quality 100% natural soy wax. They are carefully hand wicked and hand poured in small batches using one-of-a-kind fragrance oils inspired by life at the Jersey Shore.,,,,1,80 hour burn time,1,10.25,,0.00,,0.00,1,C017.jpg,
Mason Jar Candles - Moonlight Musk - 4oz,C017-4,Mason Jar Candle - 4oz|||||||||,Surf's Up Candles are created with our highest quality 100% natural soy wax. They are carefully hand wicked and hand poured in small batches using one-of-a-kind fragrance oils inspired by life at the Jersey Shore.,,,,1,20-25 hour burn time,1,4.50,,0.00,,0.00,1,C017.jpg,
Mason Jar Candles - Moonlight Musk - 8oz,C017-8,Mason Jar Candle - 8oz|||||||||,Surf's Up Candles are created with our highest quality 100% natural soy wax. They are carefully hand wicked and hand poured in small batches using one-of-a-kind fragrance oils inspired by life at the Jersey Shore.,,,,1,50-40 hour burn time,1,7.50,,0.00,,0.00,1,C017.jpg,
Mason Jar Candles - Northern Woods - 4oz,C058-4,Mason Jar Candle - 4oz|||||||||,Surf's Up Candles are created with our highest quality 100% natural soy wax. They are carefully hand wicked and hand poured in small batches using one-of-a-kind fragrance oils inspired by life at the Jersey Shore.,,,,1,20-25 hour burn time,1,4.50,,0.00,,0.00,1,C058.jpg,
Mason Jar Candles - Northern Woods - 8oz,C058-8,Mason Jar Candle - 8oz|||||||||,Surf's Up Candles are created with our highest quality 100% natural soy wax. They are carefully hand wicked and hand poured in small batches using one-of-a-kind fragrance oils inspired by life at the Jersey Shore.,,,,1,50-40 hour burn time,1,7.50,,0.00,,0.00,1,C058.jpg,
Mason Jar Candles - Ocean Breee - 4oz,C018-4,Mason Jar Candle - 4oz|||||||||,Surf's Up Candles are created with our highest quality 100% natural soy wax. They are carefully hand wicked and hand poured in small batches using one-of-a-kind fragrance oils inspired by life at the Jersey Shore.,,,,1,20-25 hour burn time,1,4.50,,0.00,,0.00,1,C018.jpg,
Mason Jar Candles - Ocean Breee - 8oz,C018-8,Mason Jar Candle - 8oz|||||||||,Surf's Up Candles are created with our highest quality 100% natural soy wax. They are carefully hand wicked and hand poured in small batches using one-of-a-kind fragrance oils inspired by life at the Jersey Shore.,,,,1,50-40 hour burn time,1,7.50,,0.00,,0.00,1,C018.jpg,
Mason Jar Candles - Ocean Breeze - 16oz,C018-16,Mason Jar Candle - 16oz|||||||||,Surf's Up Candles are created with our highest quality 100% natural soy wax. They are carefully hand wicked and hand poured in small batches using one-of-a-kind fragrance oils inspired by life at the Jersey Shore.,Image is 8oz & 4oz,,,1,80 hour burn time,1,10.25,,0.00,,0.00,1,C018.jpg,
Mason Jar Candles - Palm Island - 16oz,C019-16,Mason Jar Candle - 16oz|||||||||,Surf's Up Candles are created with our highest quality 100% natural soy wax. They are carefully hand wicked and hand poured in small batches using one-of-a-kind fragrance oils inspired by life at the Jersey Shore.,,,,1,80 hour burn time,1,10.25,,0.00,,0.00,1,C019.jpg,
Mason Jar Candles - Palm Island - 4oz,C019-4,Mason Jar Candle - 4oz|||||||||,Surf's Up Candles are created with our highest quality 100% natural soy wax. They are carefully hand wicked and hand poured in small batches using one-of-a-kind fragrance oils inspired by life at the Jersey Shore.,,,,1,20-25 hour burn time,1,4.50,,0.00,,0.00,1,C019.jpg,
Mason Jar Candles - Palm Island - 8oz,C019-8,Mason Jar Candle - 8oz|||||||||,Surf's Up Candles are created with our highest quality 100% natural soy wax. They are carefully hand wicked and hand poured in small batches using one-of-a-kind fragrance oils inspired by life at the Jersey Shore.,,,,1,50-40 hour burn time,1,7.50,,0.00,,0.00,1,C019.jpg,
Mason Jar Candles - Pina Colada - 16oz,C042-16,Mason Jar Candle - 16oz|||||||||,Surf's Up Candles are created with our highest quality 100% natural soy wax. They are carefully hand wicked and hand poured in small batches using one-of-a-kind fragrance oils inspired by life at the Jersey Shore.,,,,1,80 hour burn time,1,10.25,,0.00,,0.00,1,C042.jpg,
Mason Jar Candles - Pina Colada - 4oz,C042-4,Mason Jar Candle - 4oz|||||||||,Surf's Up Candles are created with our highest quality 100% natural soy wax. They are carefully hand wicked and hand poured in small batches using one-of-a-kind fragrance oils inspired by life at the Jersey Shore.,Image is 16oz,,,1,20-25 hour burn time,1,4.50,,0.00,,0.00,1,C042.jpg,
Mason Jar Candles - Pina Colada - 8oz,C042-8,Mason Jar Candle - 8oz|||||||||,Surf's Up Candles are created with our highest quality 100% natural soy wax. They are carefully hand wicked and hand poured in small batches using one-of-a-kind fragrance oils inspired by life at the Jersey Shore.,Image is 16oz,,,1,50-40 hour burn time,1,7.50,,0.00,,0.00,1,C042.jpg,
Mason Jar Candles - Pine Cones - 16oz,C030-16,Mason Jar Candle - 16oz|||||||||,Surf's Up Candles are created with our highest quality 100% natural soy wax. They are carefully hand wicked and hand poured in small batches using one-of-a-kind fragrance oils inspired by life at the Jersey Shore.,Image is 8oz,,,1,80 hour burn time,1,10.25,,0.00,,0.00,1,C030.jpg,
Mason Jar Candles - Pine Cones - 4oz,C030-4,Mason Jar Candle - 4oz|||||||||,Surf's Up Candles are created with our highest quality 100% natural soy wax. They are carefully hand wicked and hand poured in small batches using one-of-a-kind fragrance oils inspired by life at the Jersey Shore.,Image is 8oz,,,1,20-25 hour burn time,1,4.50,,0.00,,0.00,1,C030.jpg,
Mason Jar Candles - Pine Cones - 8oz,C030-8,Mason Jar Candle - 8oz|||||||||,Surf's Up Candles are created with our highest quality 100% natural soy wax. They are carefully hand wicked and hand poured in small batches using one-of-a-kind fragrance oils inspired by life at the Jersey Shore.,,,,1,50-40 hour burn time,1,7.50,,0.00,,0.00,1,C030.jpg,
Mason Jar Candles - Pineapple Jasmine - 16oz,C020-16,Mason Jar Candle - 16oz|||||||||,Surf's Up Candles are created with our highest quality 100% natural soy wax. They are carefully hand wicked and hand poured in small batches using one-of-a-kind fragrance oils inspired by life at the Jersey Shore.,,,,1,80 hour burn time,1,10.25,,0.00,,0.00,1,C020.jpg,
Mason Jar Candles - Pineapple Jasmine - 4oz,C020-4,Mason Jar Candle - 4oz|||||||||,Surf's Up Candles are created with our highest quality 100% natural soy wax. They are carefully hand wicked and hand poured in small batches using one-of-a-kind fragrance oils inspired by life at the Jersey Shore.,,,,1,20-25 hour burn time,1,4.50,,0.00,,0.00,1,C020.jpg,
Mason Jar Candles - Pineapple Jasmine - 8oz,C020-8,Mason Jar Candle - 8oz|||||||||,Surf's Up Candles are created with our highest quality 100% natural soy wax. They are carefully hand wicked and hand poured in small batches using one-of-a-kind fragrance oils inspired by life at the Jersey Shore.,,,,1,50-40 hour burn time,1,7.50,,0.00,,0.00,1,C020.jpg,
Mason Jar Candles - Pink Grapefruit - 16oz,C059-16,Mason Jar Candle - 16oz|||||||||,Surf's Up Candles are created with our highest quality 100% natural soy wax. They are carefully hand wicked and hand poured in small batches using one-of-a-kind fragrance oils inspired by life at the Jersey Shore.,Image is 8oz,,,1,80 hour burn time,1,10.25,,0.00,,0.00,1,C059.jpg,
Mason Jar Candles - Pink Grapefruit - 4oz,C059-4,Mason Jar Candle - 4oz|||||||||,Surf's Up Candles are created with our highest quality 100% natural soy wax. They are carefully hand wicked and hand poured in small batches using one-of-a-kind fragrance oils inspired by life at the Jersey Shore.,Image is 8oz,,,1,20-25 hour burn time,1,4.50,,0.00,,0.00,1,C059.jpg,
Mason Jar Candles - Pumpkin Souffle - 16oz,C035-16,Mason Jar Candle - 16oz|||||||||,Surf's Up Candles are created with our highest quality 100% natural soy wax. They are carefully hand wicked and hand poured in small batches using one-of-a-kind fragrance oils inspired by life at the Jersey Shore.,,,,1,80 hour burn time,1,10.25,,0.00,,0.00,1,C035.jpg,
Mason Jar Candles - Pumpkin Souffle - 4oz,C035-4,Mason Jar Candle - 4oz|||||||||,Surf's Up Candles are created with our highest quality 100% natural soy wax. They are carefully hand wicked and hand poured in small batches using one-of-a-kind fragrance oils inspired by life at the Jersey Shore.,Image is 16oz,,,1,20-25 hour burn time,1,4.50,,0.00,,0.00,1,C035.jpg,
Mason Jar Candles - Pumpkin Souffle - 8oz,C035-8,Mason Jar Candle - 8oz|||||||||,Surf's Up Candles are created with our highest quality 100% natural soy wax. They are carefully hand wicked and hand poured in small batches using one-of-a-kind fragrance oils inspired by life at the Jersey Shore.,Image is 16oz,,,1,50-40 hour burn time,1,7.50,,0.00,,0.00,1,C035.jpg,
Mason Jar Candles - Pumpkin Spice - 16oz,C036-16,Mason Jar Candle - 16oz|||||||||,Surf's Up Candles are created with our highest quality 100% natural soy wax. They are carefully hand wicked and hand poured in small batches using one-of-a-kind fragrance oils inspired by life at the Jersey Shore.,,,,1,80 hour burn time,1,10.25,,0.00,,0.00,1,C036.jpg,
Mason Jar Candles - Pumpkin Spice - 4oz,C036-4,Mason Jar Candle - 4oz|||||||||,Surf's Up Candles are created with our highest quality 100% natural soy wax. They are carefully hand wicked and hand poured in small batches using one-of-a-kind fragrance oils inspired by life at the Jersey Shore.,Image is 16oz,,,1,20-25 hour burn time,1,4.50,,0.00,,0.00,1,C036.jpg,
Mason Jar Candles - Pumpkin Spice - 8oz,C036-8,Mason Jar Candle - 8oz|||||||||,Surf's Up Candles are created with our highest quality 100% natural soy wax. They are carefully hand wicked and hand poured in small batches using one-of-a-kind fragrance oils inspired by life at the Jersey Shore.,Image is 16oz,,,1,50-40 hour burn time,1,7.50,,0.00,,0.00,1,C036.jpg,
Mason Jar Candles - Raspberry Sangria - 16oz,C022-16,Mason Jar Candle - 16oz|||||||||,Surf's Up Candles are created with our highest quality 100% natural soy wax. They are carefully hand wicked and hand poured in small batches using one-of-a-kind fragrance oils inspired by life at the Jersey Shore.,,,,1,80 hour burn time,1,10.25,,0.00,,0.00,1,C022.jpg,
Mason Jar Candles - Raspberry Sangria - 4oz,C022-4,Mason Jar Candle - 4oz|||||||||,Surf's Up Candles are created with our highest quality 100% natural soy wax. They are carefully hand wicked and hand poured in small batches using one-of-a-kind fragrance oils inspired by life at the Jersey Shore.,,,,1,20-25 hour burn time,1,4.50,,0.00,,0.00,1,C022.jpg,
Mason Jar Candles - Raspberry Sangria - 8oz,C022-8,Mason Jar Candle - 8oz|||||||||,Surf's Up Candles are created with our highest quality 100% natural soy wax. They are carefully hand wicked and hand poured in small batches using one-of-a-kind fragrance oils inspired by life at the Jersey Shore.,,,,1,50-40 hour burn time,1,7.50,,0.00,,0.00,1,C022.jpg,
Mason Jar Candles - Sea Salt - 16oz,C052-16,Mason Jar Candle - 16oz|||||||||,Surf's Up Candles are created with our highest quality 100% natural soy wax. They are carefully hand wicked and hand poured in small batches using one-of-a-kind fragrance oils inspired by life at the Jersey Shore.,,,,1,80 hour burn time,1,10.25,,0.00,,0.00,1,C052.jpg,
Mason Jar Candles - Sea Salt - 4oz,C052-4,Mason Jar Candle - 4oz|||||||||,Surf's Up Candles are created with our highest quality 100% natural soy wax. They are carefully hand wicked and hand poured in small batches using one-of-a-kind fragrance oils inspired by life at the Jersey Shore.,,,,1,20-25 hour burn time,1,4.50,,0.00,,0.00,1,C052.jpg,
Mason Jar Candles - Sea Salt - 8oz,C052-8,Mason Jar Candle - 8oz|||||||||,Surf's Up Candles are created with our highest quality 100% natural soy wax. They are carefully hand wicked and hand poured in small batches using one-of-a-kind fragrance oils inspired by life at the Jersey Shore.,,,,1,50-40 hour burn time,1,7.50,,0.00,,0.00,1,C052.jpg,
Mason Jar Candles - Seaweed - 16oz,C063-16,Mason Jar Candle - 16oz|||||||||,Surf's Up Candles are created with our highest quality 100% natural soy wax. They are carefully hand wicked and hand poured in small batches using one-of-a-kind fragrance oils inspired by life at the Jersey Shore.,,,,1,80 hour burn time,1,10.25,,0.00,,0.00,1,C063.jpg,
Mason Jar Candles - Seaweed - 4oz,C063-4,Mason Jar Candle - 4oz|||||||||,Surf's Up Candles are created with our highest quality 100% natural soy wax. They are carefully hand wicked and hand poured in small batches using one-of-a-kind fragrance oils inspired by life at the Jersey Shore.,Image is 16oz,,,1,20-25 hour burn time,1,4.50,,0.00,,0.00,1,C063.jpg,
Mason Jar Candles - Seaweed - 8oz,C063-8,Mason Jar Candle - 8oz|||||||||,Surf's Up Candles are created with our highest quality 100% natural soy wax. They are carefully hand wicked and hand poured in small batches using one-of-a-kind fragrance oils inspired by life at the Jersey Shore.,Image is 16oz,,,1,50-40 hour burn time,1,7.50,,0.00,,0.00,1,C063.jpg,
Mason Jar Candles - Sex On The Beach - 16oz,C024-16,Mason Jar Candle - 16oz|||||||||,Surf's Up Candles are created with our highest quality 100% natural soy wax. They are carefully hand wicked and hand poured in small batches using one-of-a-kind fragrance oils inspired by life at the Jersey Shore.,Image is 8oz,,,1,80 hour burn time,1,10.25,,0.00,,0.00,1,C024.jpg,
Mason Jar Candles - Sex On The Beach - 4oz,C024-4,Mason Jar Candle - 4oz|||||||||,Surf's Up Candles are created with our highest quality 100% natural soy wax. They are carefully hand wicked and hand poured in small batches using one-of-a-kind fragrance oils inspired by life at the Jersey Shore.,Image is 8oz,,,1,20-25 hour burn time,1,4.50,,0.00,,0.00,1,C024.jpg,
Mason Jar Candles - Sex On The Beach - 8oz,C024-8,Mason Jar Candle - 8oz|||||||||,Surf's Up Candles are created with our highest quality 100% natural soy wax. They are carefully hand wicked and hand poured in small batches using one-of-a-kind fragrance oils inspired by life at the Jersey Shore.,,,,1,50-40 hour burn time,1,7.50,,0.00,,0.00,1,C024.jpg,
Mason Jar Candles - Spiced Balsam - 16oz,C067-16,Mason Jar Candle - 16oz|||||||||,Surf's Up Candles are created with our highest quality 100% natural soy wax. They are carefully hand wicked and hand poured in small batches using one-of-a-kind fragrance oils inspired by life at the Jersey Shore.,,,,1,80 hour burn time,1,10.25,,0.00,,0.00,1,C067.jpg,
Mason Jar Candles - Spiced Balsam - 4oz,C067-4,Mason Jar Candle - 4oz|||||||||,Surf's Up Candles are created with our highest quality 100% natural soy wax. They are carefully hand wicked and hand poured in small batches using one-of-a-kind fragrance oils inspired by life at the Jersey Shore.,Image is 16oz,,,1,20-25 hour burn time,1,4.50,,0.00,,0.00,1,C067.jpg,
Mason Jar Candles - Spiced Balsam - 8oz,C067-8,Mason Jar Candle - 8oz|||||||||,Surf's Up Candles are created with our highest quality 100% natural soy wax. They are carefully hand wicked and hand poured in small batches using one-of-a-kind fragrance oils inspired by life at the Jersey Shore.,Image is 16oz,,,1,50-40 hour burn time,1,7.50,,0.00,,0.00,1,C067.jpg,
Mason Jar Candles - Sugar Cookie - 16oz,C054-16,Mason Jar Candle - 16oz|||||||||,Surf's Up Candles are created with our highest quality 100% natural soy wax. They are carefully hand wicked and hand poured in small batches using one-of-a-kind fragrance oils inspired by life at the Jersey Shore.,,,,1,80 hour burn time,1,10.25,,0.00,,0.00,1,C054.jpg,
Mason Jar Candles - Sugar Cookie - 8oz,C054-8,Mason Jar Candle - 8oz|||||||||,Surf's Up Candles are created with our highest quality 100% natural soy wax. They are carefully hand wicked and hand poured in small batches using one-of-a-kind fragrance oils inspired by life at the Jersey Shore.,Image is 16oz,,,1,50-40 hour burn time,1,7.50,,0.00,,0.00,1,C054.jpg,
Mason Jar Candles - Sunkissed - 16oz,C048-16,Mason Jar Candle - 16oz|||||||||,Surf's Up Candles are created with our highest quality 100% natural soy wax. They are carefully hand wicked and hand poured in small batches using one-of-a-kind fragrance oils inspired by life at the Jersey Shore.,,,,1,80 hour burn time,1,10.25,,0.00,,0.00,1,C048.jpg,
Mason Jar Candles - Sunkissed - 4oz,C048-4,Mason Jar Candle - 4oz|||||||||,Surf's Up Candles are created with our highest quality 100% natural soy wax. They are carefully hand wicked and hand poured in small batches using one-of-a-kind fragrance oils inspired by life at the Jersey Shore.,,,,1,20-25 hour burn time,1,4.50,,0.00,,0.00,1,C048.jpg,
Mason Jar Candles - Sunkissed - 8oz,C048-8,Mason Jar Candle - 8oz|||||||||,Surf's Up Candles are created with our highest quality 100% natural soy wax. They are carefully hand wicked and hand poured in small batches using one-of-a-kind fragrance oils inspired by life at the Jersey Shore.,,,,1,50-40 hour burn time,1,7.50,,0.00,,0.00,1,C048.jpg,
Mason Jar Candles - Surf Wax - 16oz,C045-16,Mason Jar Candle - 16oz|||||||||,Surf's Up Candles are created with our highest quality 100% natural soy wax. They are carefully hand wicked and hand poured in small batches using one-of-a-kind fragrance oils inspired by life at the Jersey Shore.,,,,1,80 hour burn time,1,10.25,,0.00,,0.00,1,C045.jpg,
Mason Jar Candles - Surf Wax - 4oz,C045-4,Mason Jar Candle - 4oz|||||||||,Surf's Up Candles are created with our highest quality 100% natural soy wax. They are carefully hand wicked and hand poured in small batches using one-of-a-kind fragrance oils inspired by life at the Jersey Shore.,,,,1,20-25 hour burn time,1,4.50,,0.00,,0.00,1,C045.jpg,
Mason Jar Candles - Surf Wax - 8oz,C045-8,Mason Jar Candle - 8oz|||||||||,Surf's Up Candles are created with our highest quality 100% natural soy wax. They are carefully hand wicked and hand poured in small batches using one-of-a-kind fragrance oils inspired by life at the Jersey Shore.,,,,1,50-40 hour burn time,1,7.50,,0.00,,0.00,1,C045.jpg,
Mason Jar Candles - Tahitian Vanilla - 16oz,C025-16,Mason Jar Candle - 16oz|||||||||,Surf's Up Candles are created with our highest quality 100% natural soy wax. They are carefully hand wicked and hand poured in small batches using one-of-a-kind fragrance oils inspired by life at the Jersey Shore.,,,,1,80 hour burn time,1,10.25,,0.00,,0.00,1,C025.jpg,
Mason Jar Candles - Tahitian Vanilla - 4oz,C025-4,Mason Jar Candle - 4oz|||||||||,Surf's Up Candles are created with our highest quality 100% natural soy wax. They are carefully hand wicked and hand poured in small batches using one-of-a-kind fragrance oils inspired by life at the Jersey Shore.,,,,1,20-25 hour burn time,1,4.50,,0.00,,0.00,1,C025.jpg,
Mason Jar Candles - Tahitian Vanilla - 8oz,C025-8,Mason Jar Candle - 8oz|||||||||,Surf's Up Candles are created with our highest quality 100% natural soy wax. They are carefully hand wicked and hand poured in small batches using one-of-a-kind fragrance oils inspired by life at the Jersey Shore.,,,,1,50-40 hour burn time,1,7.50,,0.00,,0.00,1,C025.jpg,
Mason Jar Candles - Vanilla Sandalwood - 16oz,C026-16,Mason Jar Candle - 16oz|||||||||,Surf's Up Candles are created with our highest quality 100% natural soy wax. They are carefully hand wicked and hand poured in small batches using one-of-a-kind fragrance oils inspired by life at the Jersey Shore.,,,,1,80 hour burn time,1,10.25,,0.00,,0.00,1,C026.jpg,
Mason Jar Candles - Vanilla Sandalwood - 4oz,C026-4,Mason Jar Candle - 4oz|||||||||,Surf's Up Candles are created with our highest quality 100% natural soy wax. They are carefully hand wicked and hand poured in small batches using one-of-a-kind fragrance oils inspired by life at the Jersey Shore.,Image is 16oz,,,1,20-25 hour burn time,1,4.50,,0.00,,0.00,1,C026.jpg,
Mason Jar Candles - Vanilla Sandalwood - 8oz,C026-8,Mason Jar Candle - 8oz|||||||||,Surf's Up Candles are created with our highest quality 100% natural soy wax. They are carefully hand wicked and hand poured in small batches using one-of-a-kind fragrance oils inspired by life at the Jersey Shore.,Image is 16oz,,,1,50-40 hour burn time,1,7.50,,0.00,,0.00,1,C026.jpg,
Ocean Breeze Air Fresheners,AF002,Air Fresheners|||||||||,Take our signature scent with you on the go!,,,12,1,,1,19.80,,0.00,,0.00,1,AF002.jpg,
Paint Can Candles - Apple Pie - 1/2 Pint,PC010-2,Paint Can Candles - Half Pint|||||||||,"A fresh spin on your favorite candle, our paint can candles are available in 3 sizes: 1/4 pint (4 oz), 1/2 pint (8 oz) and pint size (16 oz). ",,,,1,,1,7.50,,0.00,,0.00,1,PC010.jpg,
Paint Can Candles - Apple Pie - 1/4 Pint,PC010-4,Paint Can Candles - Quarter Pint|||||||||,"A fresh spin on your favorite candle, our paint can candles are available in 3 sizes: 1/4 pint (4 oz), 1/2 pint (8 oz) and pint size (16 oz). ",,,,1,,1,4.50,,0.00,,0.00,1,PC010.jpg,
Paint Can Candles - Apple Pie - Pint,PC010,Paint Can Candles - Pint|||||||||,"A fresh spin on your favorite candle, our paint can candles are available in 3 sizes: 1/4 pint (4 oz), 1/2 pint (8 oz) and pint size (16 oz). ",,,,1,,1,10.25,,0.00,,0.00,1,PC010.jpg,
Paint Can Candles - Beach Bum - 1/2 Pint,PC011-2,Paint Can Candles - Half Pint|||||||||,"A fresh spin on your favorite candle, our paint can candles are available in 3 sizes: 1/4 pint (4 oz), 1/2 pint (8 oz) and pint size (16 oz). ",,,,1,,1,7.50,,0.00,,0.00,1,PC011.jpg,
Paint Can Candles - Beach Bum - 1/4 Pint,PC011-4,Paint Can Candles - Quarter Pint|||||||||,"A fresh spin on your favorite candle, our paint can candles are available in 3 sizes: 1/4 pint (4 oz), 1/2 pint (8 oz) and pint size (16 oz). ",,,,1,,1,4.50,,0.00,,0.00,1,PC011.jpg,
Paint Can Candles - Beach Bum - Pint,PC011,Paint Can Candles - Pint|||||||||,"A fresh spin on your favorite candle, our paint can candles are available in 3 sizes: 1/4 pint (4 oz), 1/2 pint (8 oz) and pint size (16 oz). ",,,,1,,1,10.25,,0.00,,0.00,1,PC011.jpg,
Paint Can Candles - Bergamont Tea - 1/2 Pint,PC023-2,Paint Can Candles - Half Pint|||||||||,"A fresh spin on your favorite candle, our paint can candles are available in 3 sizes: 1/4 pint (4 oz), 1/2 pint (8 oz) and pint size (16 oz). ",,,,1,,1,7.50,,0.00,,0.00,1,PC023.jpg,
Paint Can Candles - Bergamont Tea - 1/4 Pint,PC023-4,Paint Can Candles - Quarter Pint|||||||||,"A fresh spin on your favorite candle, our paint can candles are available in 3 sizes: 1/4 pint (4 oz), 1/2 pint (8 oz) and pint size (16 oz). ",,,,1,,1,4.50,,0.00,,0.00,1,PC023.jpg,
Paint Can Candles - Bergamont Tea - Pint,PC023,Paint Can Candles - Pint|||||||||,"A fresh spin on your favorite candle, our paint can candles are available in 3 sizes: 1/4 pint (4 oz), 1/2 pint (8 oz) and pint size (16 oz). ",,,,1,,1,10.25,,0.00,,0.00,1,PC023.jpg,
Paint Can Candles - Blue Spruce - 1/2 Pint,PC001-2,Paint Can Candles - Half Pint|||||||||,"A fresh spin on your favorite candle, our paint can candles are available in 3 sizes: 1/4 pint (4 oz), 1/2 pint (8 oz) and pint size (16 oz). ",,,,1,,1,7.50,,0.00,,0.00,1,PC001.jpg,
Paint Can Candles - Blue Spruce - Pint,PC001,Paint Can Candles - Pint|||||||||,"A fresh spin on your favorite candle, our paint can candles are available in 3 sizes: 1/4 pint (4 oz), 1/2 pint (8 oz) and pint size (16 oz). ",,,,1,,1,10.25,,0.00,,0.00,1,PC001.jpg,
Paint Can Candles - Citrus Splash - 1/2 Pint,PC012-2,Paint Can Candles - Half Pint|||||||||,"A fresh spin on your favorite candle, our paint can candles are available in 3 sizes: 1/4 pint (4 oz), 1/2 pint (8 oz) and pint size (16 oz). ",,,,1,,1,7.50,,0.00,,0.00,1,PC012.jpg,
Paint Can Candles - Citrus Splash - Pint,PC012,Paint Can Candles - Pint|||||||||,"A fresh spin on your favorite candle, our paint can candles are available in 3 sizes: 1/4 pint (4 oz), 1/2 pint (8 oz) and pint size (16 oz). ",,,,1,,1,10.25,,0.00,,0.00,1,PC012.jpg,
Paint Can Candles - Cloves - 1/2 Pint,PC013-2,Paint Can Candles - Half Pint|||||||||,"A fresh spin on your favorite candle, our paint can candles are available in 3 sizes: 1/4 pint (4 oz), 1/2 pint (8 oz) and pint size (16 oz). ",,,,1,,1,7.50,,0.00,,0.00,1,PC013.jpg,
Paint Can Candles - Cloves - 1/4 Pint,PC013-4,Paint Can Candles - Quarter Pint|||||||||,"A fresh spin on your favorite candle, our paint can candles are available in 3 sizes: 1/4 pint (4 oz), 1/2 pint (8 oz) and pint size (16 oz). ",,,,1,,1,4.50,,0.00,,0.00,1,PC013.jpg,
Paint Can Candles - Cloves - Pint,PC013,Paint Can Candles - Pint|||||||||,"A fresh spin on your favorite candle, our paint can candles are available in 3 sizes: 1/4 pint (4 oz), 1/2 pint (8 oz) and pint size (16 oz). ",,,,1,,1,10.25,,0.00,,0.00,1,PC013.jpg,
Paint Can Candles - Coconut Lime - 1/2 Pint,PC002-2,Paint Can Candles - Half Pint|||||||||,"A fresh spin on your favorite candle, our paint can candles are available in 3 sizes: 1/4 pint (4 oz), 1/2 pint (8 oz) and pint size (16 oz). ",,,,1,,1,7.50,,0.00,,0.00,1,PC002.jpg,
Paint Can Candles - Coconut Lime - 1/4 Pint,PC002-4,Paint Can Candles - Quarter Pint|||||||||,"A fresh spin on your favorite candle, our paint can candles are available in 3 sizes: 1/4 pint (4 oz), 1/2 pint (8 oz) and pint size (16 oz). ",,,,1,,1,4.50,,0.00,,0.00,1,PC002.jpg,
Paint Can Candles - Coconut Lime - Pint,PC002,Paint Can Candles - Pint|||||||||,"A fresh spin on your favorite candle, our paint can candles are available in 3 sizes: 1/4 pint (4 oz), 1/2 pint (8 oz) and pint size (16 oz). ",,,,1,,1,10.25,,0.00,,0.00,1,PC002.jpg,
Paint Can Candles - Crackling Firewood - 1/2 Pint,PC015-2,Paint Can Candles - Half Pint|||||||||,"A fresh spin on your favorite candle, our paint can candles are available in 3 sizes: 1/4 pint (4 oz), 1/2 pint (8 oz) and pint size (16 oz). ",,,,1,,1,7.50,,0.00,,0.00,1,PC015.jpg,
Paint Can Candles - Crackling Firewood - 1/4 Pint,PC015-4,Paint Can Candles - Quarter Pint|||||||||,"A fresh spin on your favorite candle, our paint can candles are available in 3 sizes: 1/4 pint (4 oz), 1/2 pint (8 oz) and pint size (16 oz). ",,,,1,,1,4.50,,0.00,,0.00,1,PC015.jpg,
Paint Can Candles - Crackling Firewood - Pint,PC015,Paint Can Candles - Pint|||||||||,"A fresh spin on your favorite candle, our paint can candles are available in 3 sizes: 1/4 pint (4 oz), 1/2 pint (8 oz) and pint size (16 oz). ",,,,1,,1,10.25,,0.00,,0.00,1,PC015.jpg,
Paint Can Candles - Cranberry Apple - 1/2 Pint,PC014-2,Paint Can Candles - Half Pint|||||||||,"A fresh spin on your favorite candle, our paint can candles are available in 3 sizes: 1/4 pint (4 oz), 1/2 pint (8 oz) and pint size (16 oz). ",,,,1,,1,7.50,,0.00,,0.00,1,PC014.jpg,
Paint Can Candles - Cranberry Apple - 1/4 Pint,PC014-4,Paint Can Candles - Quarter Pint|||||||||,"A fresh spin on your favorite candle, our paint can candles are available in 3 sizes: 1/4 pint (4 oz), 1/2 pint (8 oz) and pint size (16 oz). ",,,,1,,1,4.50,,0.00,,0.00,1,PC014.jpg,
Paint Can Candles - Cranberry Apple - Pint,PC014,Paint Can Candles - Pint|||||||||,"A fresh spin on your favorite candle, our paint can candles are available in 3 sizes: 1/4 pint (4 oz), 1/2 pint (8 oz) and pint size (16 oz). ",,,,1,,1,10.25,,0.00,,0.00,1,PC014.jpg,
Paint Can Candles - Cucumber Smoothie - 1/2 Pint,PC016-2,Paint Can Candles - Half Pint|||||||||,"A fresh spin on your favorite candle, our paint can candles are available in 3 sizes: 1/4 pint (4 oz), 1/2 pint (8 oz) and pint size (16 oz). ",,,,1,,1,7.50,,0.00,,0.00,1,PC016.jpg,
Paint Can Candles - Cucumber Smoothie - 1/4 Pint,PC016-4,Paint Can Candles - Quarter Pint|||||||||,"A fresh spin on your favorite candle, our paint can candles are available in 3 sizes: 1/4 pint (4 oz), 1/2 pint (8 oz) and pint size (16 oz). ",,,,1,,1,4.50,,0.00,,0.00,1,PC016.jpg,
Paint Can Candles - Cucumber Smoothie - Pint,PC016,Paint Can Candles - Pint|||||||||,"A fresh spin on your favorite candle, our paint can candles are available in 3 sizes: 1/4 pint (4 oz), 1/2 pint (8 oz) and pint size (16 oz). ",,,,1,,1,10.25,,0.00,,0.00,1,PC016.jpg,
Paint Can Candles - Cupcake - 1/2 Pint,PC017-2,Paint Can Candles - Half Pint|||||||||,"A fresh spin on your favorite candle, our paint can candles are available in 3 sizes: 1/4 pint (4 oz), 1/2 pint (8 oz) and pint size (16 oz). ",,,,1,,1,7.50,,0.00,,0.00,1,PC017.jpg,
Paint Can Candles - Cupcake - 1/4 Pint,PC017-4,Paint Can Candles - Quarter Pint|||||||||,"A fresh spin on your favorite candle, our paint can candles are available in 3 sizes: 1/4 pint (4 oz), 1/2 pint (8 oz) and pint size (16 oz). ",,,,1,,1,4.50,,0.00,,0.00,1,PC017.jpg,
Paint Can Candles - Cupcake - Pint,PC017,Paint Can Candles - Pint|||||||||,"A fresh spin on your favorite candle, our paint can candles are available in 3 sizes: 1/4 pint (4 oz), 1/2 pint (8 oz) and pint size (16 oz). ",,,,1,,1,10.25,,0.00,,0.00,1,PC017.jpg,
Paint Can Candles - Deep Sea - 1/2 Pint,PC024-2,Paint Can Candles - Half Pint|||||||||,"A fresh spin on your favorite candle, our paint can candles are available in 3 sizes: 1/4 pint (4 oz), 1/2 pint (8 oz) and pint size (16 oz). ",,,,1,,1,7.50,,0.00,,0.00,1,PC024.jpg,
Paint Can Candles - Deep Sea - 1/4 Pint,PC024-4,Paint Can Candles - Quarter Pint|||||||||,"A fresh spin on your favorite candle, our paint can candles are available in 3 sizes: 1/4 pint (4 oz), 1/2 pint (8 oz) and pint size (16 oz). ",,,,1,,1,4.50,,0.00,,0.00,1,PC024.jpg,
Paint Can Candles - Deep Sea - Pint,PC024,Paint Can Candles - Pint|||||||||,"A fresh spin on your favorite candle, our paint can candles are available in 3 sizes: 1/4 pint (4 oz), 1/2 pint (8 oz) and pint size (16 oz). ",,,,1,,1,10.25,,0.00,,0.00,1,PC024.jpg,
Paint Can Candles - Harvest Moon - 1/2 Pint,PC003-2,Paint Can Candles - Half Pint|||||||||,"A fresh spin on your favorite candle, our paint can candles are available in 3 sizes: 1/4 pint (4 oz), 1/2 pint (8 oz) and pint size (16 oz). ",,,,1,,1,7.50,,0.00,,0.00,1,PC003.jpg,
Paint Can Candles - Harvest Moon - 1/4 Pint,PC003-4,Paint Can Candles - Quarter Pint|||||||||,"A fresh spin on your favorite candle, our paint can candles are available in 3 sizes: 1/4 pint (4 oz), 1/2 pint (8 oz) and pint size (16 oz). ",,,,1,,1,4.50,,0.00,,0.00,1,PC003.jpg,
Paint Can Candles - Harvest Moon - Pint,PC003,Paint Can Candles - Pint|||||||||,"A fresh spin on your favorite candle, our paint can candles are available in 3 sizes: 1/4 pint (4 oz), 1/2 pint (8 oz) and pint size (16 oz). ",,,,1,,1,10.25,,0.00,,0.00,1,PC003.jpg,
Paint Can Candles - Iced Lemon Cupcake - 1/2 Pint,PC004-2,Paint Can Candles - Half Pint|||||||||,"A fresh spin on your favorite candle, our paint can candles are available in 3 sizes: 1/4 pint (4 oz), 1/2 pint (8 oz) and pint size (16 oz). ",,,,1,,1,7.50,,0.00,,0.00,1,PC004.jpg,
Paint Can Candles - Iced Lemon Cupcake - 1/4 Pint,PC004-4,Paint Can Candles - Quarter Pint|||||||||,"A fresh spin on your favorite candle, our paint can candles are available in 3 sizes: 1/4 pint (4 oz), 1/2 pint (8 oz) and pint size (16 oz). ",,,,1,,1,4.50,,0.00,,0.00,1,PC004.jpg,
Paint Can Candles - Iced Lemon Cupcake - Pint,PC004,Paint Can Candles - Pint|||||||||,"A fresh spin on your favorite candle, our paint can candles are available in 3 sizes: 1/4 pint (4 oz), 1/2 pint (8 oz) and pint size (16 oz). ",,,,1,,1,10.25,,0.00,,0.00,1,PC004.jpg,
Paint Can Candles - Indian Summer - 1/2 Pint,PC025-2,Paint Can Candles - Half Pint|||||||||,"A fresh spin on your favorite candle, our paint can candles are available in 3 sizes: 1/4 pint (4 oz), 1/2 pint (8 oz) and pint size (16 oz). ",,,,1,,1,7.50,,0.00,,0.00,1,PC025.jpg,
Paint Can Candles - Indian Summer - 1/4 Pint,PC025-4,Paint Can Candles - Quarter Pint|||||||||,"A fresh spin on your favorite candle, our paint can candles are available in 3 sizes: 1/4 pint (4 oz), 1/2 pint (8 oz) and pint size (16 oz). ",,,,1,,1,4.50,,0.00,,0.00,1,PC025.jpg,
Paint Can Candles - Indian Summer - Pint,PC025,Paint Can Candles - Pint|||||||||,"A fresh spin on your favorite candle, our paint can candles are available in 3 sizes: 1/4 pint (4 oz), 1/2 pint (8 oz) and pint size (16 oz). ",,,,1,,1,10.25,,0.00,,0.00,1,PC025.jpg,
Paint Can Candles - Island Moon - 1/2 Pint,PC026-2,Paint Can Candles - Half Pint|||||||||,"A fresh spin on your favorite candle, our paint can candles are available in 3 sizes: 1/4 pint (4 oz), 1/2 pint (8 oz) and pint size (16 oz). ",,,,1,,1,7.50,,0.00,,0.00,1,PC026.jpg,
Paint Can Candles - Island Moon - 1/4 Pint,PC026-4,Paint Can Candles - Quarter Pint|||||||||,"A fresh spin on your favorite candle, our paint can candles are available in 3 sizes: 1/4 pint (4 oz), 1/2 pint (8 oz) and pint size (16 oz). ",,,,1,,1,4.50,,0.00,,0.00,1,PC026.jpg,
Paint Can Candles - Island Moon - Pint,PC026,Paint Can Candles - Pint|||||||||,"A fresh spin on your favorite candle, our paint can candles are available in 3 sizes: 1/4 pint (4 oz), 1/2 pint (8 oz) and pint size (16 oz). ",,,,1,,1,10.25,,0.00,,0.00,1,PC026.jpg,
Paint Can Candles - Mistletoe Surfing - 1/2 Pint,PC022-2,Paint Can Candles - Half Pint|||||||||,"A fresh spin on your favorite candle, our paint can candles are available in 3 sizes: 1/4 pint (4 oz), 1/2 pint (8 oz) and pint size (16 oz). ",,,,1,,1,7.50,,0.00,,0.00,1,PC022.jpg,
Paint Can Candles - Mistletoe Surfing - 1/4 Pint,PC022-4,Paint Can Candles - Quarter Pint|||||||||,"A fresh spin on your favorite candle, our paint can candles are available in 3 sizes: 1/4 pint (4 oz), 1/2 pint (8 oz) and pint size (16 oz). ",,,,1,,1,4.50,,0.00,,0.00,1,PC022.jpg,
Paint Can Candles - Mistletoe Surfing - Pint,PC022,Paint Can Candles - Pint|||||||||,"A fresh spin on your favorite candle, our paint can candles are available in 3 sizes: 1/4 pint (4 oz), 1/2 pint (8 oz) and pint size (16 oz). ",,,,1,,1,10.25,,0.00,,0.00,1,PC022.jpg,
Paint Can Candles - Ocean Breeze - 1/2 Pint,PC006-2,Paint Can Candles - Half Pint|||||||||,"A fresh spin on your favorite candle, our paint can candles are available in 3 sizes: 1/4 pint (4 oz), 1/2 pint (8 oz) and pint size (16 oz). ",,,,1,,1,7.50,,0.00,,0.00,1,PC006.jpg,
Paint Can Candles - Ocean Breeze - 1/4 Pint,PC006-4,Paint Can Candles - Quarter Pint|||||||||,"A fresh spin on your favorite candle, our paint can candles are available in 3 sizes: 1/4 pint (4 oz), 1/2 pint (8 oz) and pint size (16 oz). ",,,,1,,1,4.50,,0.00,,0.00,1,PC006.jpg,
Paint Can Candles - Ocean Breeze - Pint,PC006,Paint Can Candles - Pint|||||||||,"A fresh spin on your favorite candle, our paint can candles are available in 3 sizes: 1/4 pint (4 oz), 1/2 pint (8 oz) and pint size (16 oz). ",,,,1,,1,10.25,,0.00,,0.00,1,PC006.jpg,
Paint Can Candles - Pink Grapefruit - 1/2 Pint,PC018-2,Paint Can Candles - Half Pint|||||||||,"A fresh spin on your favorite candle, our paint can candles are available in 3 sizes: 1/4 pint (4 oz), 1/2 pint (8 oz) and pint size (16 oz). ",,,,1,,1,7.50,,0.00,,0.00,1,PC018.jpg,
Paint Can Candles - Pink Grapefruit - 1/4 Pint,PC018-4,Paint Can Candles - Quarter Pint|||||||||,"A fresh spin on your favorite candle, our paint can candles are available in 3 sizes: 1/4 pint (4 oz), 1/2 pint (8 oz) and pint size (16 oz). ",,,,1,,1,4.50,,0.00,,0.00,1,PC018.jpg,
Paint Can Candles - Pink Grapefruit - Pint,PC018,Paint Can Candles - Pint|||||||||,"A fresh spin on your favorite candle, our paint can candles are available in 3 sizes: 1/4 pint (4 oz), 1/2 pint (8 oz) and pint size (16 oz). ",,,,1,,1,10.25,,0.00,,0.00,1,PC018.jpg,
Paint Can Candles - Pumpkin Pie Spice - 1/2 Pint,PC007-2,Paint Can Candles - Half Pint|||||||||,"A fresh spin on your favorite candle, our paint can candles are available in 3 sizes: 1/4 pint (4 oz), 1/2 pint (8 oz) and pint size (16 oz). ",,,,1,,1,7.50,,0.00,,0.00,1,PC007.jpg,
Paint Can Candles - Pumpkin Pie Spice - Pint,PC007,Paint Can Candles - Pint|||||||||,"A fresh spin on your favorite candle, our paint can candles are available in 3 sizes: 1/4 pint (4 oz), 1/2 pint (8 oz) and pint size (16 oz). ",,,,1,,1,10.25,,0.00,,0.00,1,PC007.jpg,
Paint Can Candles - Pumpkin Pie Sprice - 1/4 Pint,PC007-4,Paint Can Candles - Quarter Pint|||||||||,"A fresh spin on your favorite candle, our paint can candles are available in 3 sizes: 1/4 pint (4 oz), 1/2 pint (8 oz) and pint size (16 oz). ",,,,1,,1,4.50,,0.00,,0.00,1,PC007.jpg,
Paint Can Candles - Sea Salt - 1/2 Pint,PC019-2,Paint Can Candles - Half Pint|||||||||,"A fresh spin on your favorite candle, our paint can candles are available in 3 sizes: 1/4 pint (4 oz), 1/2 pint (8 oz) and pint size (16 oz). ",,,,1,,1,7.50,,0.00,,0.00,1,PC019.jpg,
Paint Can Candles - Sea Salt - 1/4 Pint,PC019-4,Paint Can Candles - Quarter Pint|||||||||,"A fresh spin on your favorite candle, our paint can candles are available in 3 sizes: 1/4 pint (4 oz), 1/2 pint (8 oz) and pint size (16 oz). ",,,,1,,1,4.50,,0.00,,0.00,1,PC019.jpg,
Paint Can Candles - Sea Salt - Pint,PC019,Paint Can Candles - Pint|||||||||,"A fresh spin on your favorite candle, our paint can candles are available in 3 sizes: 1/4 pint (4 oz), 1/2 pint (8 oz) and pint size (16 oz). ",,,,1,,1,10.25,,0.00,,0.00,1,PC019.jpg,
Paint Can Candles - Spiced Balsam - 1/2 Pint,PC020-2,Paint Can Candles - Half Pint|||||||||,"A fresh spin on your favorite candle, our paint can candles are available in 3 sizes: 1/4 pint (4 oz), 1/2 pint (8 oz) and pint size (16 oz). ",,,,1,,1,7.50,,0.00,,0.00,1,PC020.jpg,
Paint Can Candles - Spiced Balsam - 1/4 Pint,PC020-4,Paint Can Candles - Quarter Pint|||||||||,"A fresh spin on your favorite candle, our paint can candles are available in 3 sizes: 1/4 pint (4 oz), 1/2 pint (8 oz) and pint size (16 oz). ",,,,1,,1,4.50,,0.00,,0.00,1,PC020.jpg,
Paint Can Candles - Spiced Balsam - Pint,PC020,Paint Can Candles - Pint|||||||||,"A fresh spin on your favorite candle, our paint can candles are available in 3 sizes: 1/4 pint (4 oz), 1/2 pint (8 oz) and pint size (16 oz). ",,,,1,,1,10.25,,0.00,,0.00,1,PC020.jpg,
Paint Can Candles - Sugar Glazed Donut - 1/2 Pint,PC008-2,Paint Can Candles - Half Pint|||||||||,"A fresh spin on your favorite candle, our paint can candles are available in 3 sizes: 1/4 pint (4 oz), 1/2 pint (8 oz) and pint size (16 oz). ",,,,1,,1,7.50,,0.00,,0.00,1,PC008.jpg,
Paint Can Candles - Sugar Glazed Donut - 1/4 Pint,PC008-4,Paint Can Candles - Quarter Pint|||||||||,"A fresh spin on your favorite candle, our paint can candles are available in 3 sizes: 1/4 pint (4 oz), 1/2 pint (8 oz) and pint size (16 oz). ",,,,1,,1,4.50,,0.00,,0.00,1,PC008.jpg,
Paint Can Candles - Sugar Glazed Donut - Pint,PC008,Paint Can Candles - Pint|||||||||,"A fresh spin on your favorite candle, our paint can candles are available in 3 sizes: 1/4 pint (4 oz), 1/2 pint (8 oz) and pint size (16 oz). ",,,,1,,1,10.25,,0.00,,0.00,1,PC008.jpg,
Paint Can Candles - Sunflowers - 1/2 Pint,PC021-2,Paint Can Candles - Half Pint|||||||||,"A fresh spin on your favorite candle, our paint can candles are available in 3 sizes: 1/4 pint (4 oz), 1/2 pint (8 oz) and pint size (16 oz). ",,,,1,,1,7.50,,0.00,,0.00,1,PC021.jpg,
Paint Can Candles - Sunflowers - 1/4 Pint,PC021-4,Paint Can Candles - Quarter Pint|||||||||,"A fresh spin on your favorite candle, our paint can candles are available in 3 sizes: 1/4 pint (4 oz), 1/2 pint (8 oz) and pint size (16 oz). ",,,,1,,1,4.50,,0.00,,0.00,1,PC021.jpg,
Paint Can Candles - Sunflowers - Pint,PC021,Paint Can Candles - Pint|||||||||,"A fresh spin on your favorite candle, our paint can candles are available in 3 sizes: 1/4 pint (4 oz), 1/2 pint (8 oz) and pint size (16 oz). ",,,,1,,1,10.25,,0.00,,0.00,1,PC021.jpg,
Paint Can Candles - Surf Wax - 1/2 Pint,PC009-2,Paint Can Candles - Half Pint|||||||||,"A fresh spin on your favorite candle, our paint can candles are available in 3 sizes: 1/4 pint (4 oz), 1/2 pint (8 oz) and pint size (16 oz). ",,,,1,,1,7.50,,0.00,,0.00,1,PC009.jpg,
Paint Can Candles - Surf Wax - 1/4 Pint,PC009-4,Paint Can Candles - Quarter Pint|||||||||,"A fresh spin on your favorite candle, our paint can candles are available in 3 sizes: 1/4 pint (4 oz), 1/2 pint (8 oz) and pint size (16 oz). ",,,,1,,1,4.50,,0.00,,0.00,1,PC009.jpg,
Paint Can Candles - Surf Wax - Pint,PC009,Paint Can Candles - Pint|||||||||,"A fresh spin on your favorite candle, our paint can candles are available in 3 sizes: 1/4 pint (4 oz), 1/2 pint (8 oz) and pint size (16 oz). ",,,,1,,1,10.25,,0.00,,0.00,1,PC009.jpg,
Panit Can Candles - Blue Spruce - 1/4 Pint,PC001-4,Paint Can Candles - Quarter Pint|||||||||,"A fresh spin on your favorite candle, our paint can candles are available in 3 sizes: 1/4 pint (4 oz), 1/2 pint (8 oz) and pint size (16 oz). ",,,,1,,1,4.50,,0.00,,0.00,1,PC001.jpg,
Surf Bomb - Citrus Splash,SB001,Surf Bombs|||||||||,"Settle in for a good soak with Surf's Up original Surf Bomb! A Bath Bomb exploding with essential oils, our zesty Coconut Lime, and tons of fizzy fun.",,,,1,,1,3.00,,0.00,,0.00,1,SB001.jpg,
Surf Bomb - Coconut Lime,SB002,Surf Bombs|||||||||,"Settle in for a good soak with Surf's Up original Surf Bomb! A Bath Bomb exploding with essential oils, our zesty Coconut Lime, and tons of fizzy fun.",,,,1,,1,3.00,,0.00,,0.00,1,SB002.jpg,
Surf Bomb - Cucumber Citrus,SB003,Surf Bombs|||||||||,"Settle in for a good soak with Surf's Up original Surf Bomb! A Bath Bomb exploding with essential oils, our zesty Coconut Lime, and tons of fizzy fun.",,,,1,,1,3.00,,0.00,,0.00,1,SB003.jpg,
Surf Bomb - Lavender,SB004,Surf Bombs|||||||||,"Settle in for a good soak with Surf's Up original Surf Bomb! A Bath Bomb exploding with essential oils, our zesty Coconut Lime, and tons of fizzy fun.",,,,1,,1,3.00,,0.00,,0.00,1,SB004.jpg,
Surf Bomb - Mediterranean Fig,SB005,Surf Bombs|||||||||,"Settle in for a good soak with Surf's Up original Surf Bomb! A Bath Bomb exploding with essential oils, our zesty Coconut Lime, and tons of fizzy fun.",,,,1,,1,3.00,,0.00,,0.00,1,SB005.jpg,
Surf Bomb - Sea Salt,SB006,Surf Bombs|||||||||,"Settle in for a good soak with Surf's Up original Surf Bomb! A Bath Bomb exploding with essential oils, our zesty Coconut Lime, and tons of fizzy fun.",,,,1,,1,3.00,,0.00,,0.00,1,SB006.jpg,
Surf Bomb - Surf Wax,SB008,Surf Bombs|||||||||,"Settle in for a good soak with Surf's Up original Surf Bomb! A Bath Bomb exploding with essential oils, our zesty Coconut Lime, and tons of fizzy fun.",,,,1,,1,3.00,,0.00,,0.00,1,SB008.jpg,
Surf Sticker - Mermaid,STR001,Surf Stickers|||||||||,,,,,1,,1,2.10,,0.00,,0.00,1,STR001.jpg,
Surf Sticker - Salt Waves,STR002,Surf Stickers|||||||||,,,,,1,,1,2.10,,0.00,,0.00,1,STR002.jpg,
Surf Sticker - Surf Board,STR003,Surf Stickers|||||||||,,,,,1,,1,2.10,,0.00,,0.00,1,STR003.jpg,
Surf Sticker - Surf Van,STR004,Surf Stickers|||||||||,,,,,1,,1,2.10,,0.00,,0.00,1,STR004.jpg,
Surf Sticker - Surf Wax,STR005,Surf Stickers|||||||||,,,,,1,,1,2.10,,0.00,,0.00,1,STR005.jpg,
Surf Suds - Citrus Splash,SS001,Surf Suds|||||||||,Lather up with our unique blend of Goat's Milk Soap and Oats for Exfoliation. Featuring our zesty Coconut Lime aroma.,,,,1,,1,2.50,,0.00,,0.00,1,SS001.jpg,
Surf Suds - Coconut Lime,SS002,Surf Suds|||||||||,Lather up with our unique blend of Goat's Milk Soap and Oats for Exfoliation. Featuring our zesty Coconut Lime aroma.,,,,1,,1,2.50,,0.00,,0.00,1,SS002.jpg,
Surf Suds - Cucumber Citrus,SS003,Surf Suds|||||||||,Lather up with our unique blend of Goat's Milk Soap and Oats for Exfoliation. Featuring our zesty Coconut Lime aroma.,,,,1,,1,2.50,,0.00,,0.00,1,SS003.jpg,
Surf Suds - Lavender,SS004,Surf Suds|||||||||,Lather up with our unique blend of Goat's Milk Soap and Oats for Exfoliation. Featuring our zesty Coconut Lime aroma.,,,,1,,1,2.50,,0.00,,0.00,1,SS004.jpg,
Surf Suds - Mediterranean Fig,SS005,Surf Suds|||||||||,Lather up with our unique blend of Goat's Milk Soap and Oats for Exfoliation. Featuring our zesty Coconut Lime aroma.,,,,1,,1,2.50,,0.00,,0.00,1,SS005.jpg,
Surf Suds - Sea Salt,SS006,Surf Suds|||||||||,Lather up with our unique blend of Goat's Milk Soap and Oats for Exfoliation. Featuring our zesty Coconut Lime aroma.,,,,1,,1,2.50,,0.00,,0.00,1,SS006.jpg,
Surf Suds - Sun Showers,SS007,Surf Suds|||||||||,Lather up with our unique blend of Goat's Milk Soap and Oats for Exfoliation. Featuring our zesty Coconut Lime aroma.,,,,1,,1,2.50,,0.00,,0.00,1,SS007.jpg,
Surf Suds - Surf Wax,SS008,Surf Suds|||||||||,Lather up with our unique blend of Goat's Milk Soap and Oats for Exfoliation. Featuring our zesty Coconut Lime aroma.,,,,1,,1,2.50,,0.00,,0.00,1,SS008.jpg,
Surf Wax Air Fresheners,AF003,Air Fresheners|||||||||,Take our signature scent with you on the go!,,,12,1,,1,19.80,,0.00,,0.00,1,AF003.jpg,
