Holly Berry 4ft Garland,BG298,,,In Stock,,,,,,3,17.50,24,15.99,,,3,Harv400,,https://www.whdfloral.com/pub/media/catalog/product/cache/eb1d1c8c826264debaf8e1ff7e9c3bba/b/g/bg298_b_1.jpg,bg298_b_1.jpg,,,Harv800,bg298_b_1.jpg,
Cream Oval Berry 28in Pick,BG355,,,In Stock,,,,,,12,4.50,24,3.50,,,12,Harv400,,https://www.whdfloral.com/pub/media/catalog/product/cache/eb1d1c8c826264debaf8e1ff7e9c3bba/b/g/bg355_3.jpg,bg355_3.jpg,,,Harv800,bg355_3.jpg,
Red Icy Berry & Pine 4.5in C-Ring,BG692,,,In Stock,,,,,,6,6.50,,,,,6,Harv400,,https://www.whdfloral.com/pub/media/catalog/product/cache/eb1d1c8c826264debaf8e1ff7e9c3bba/b/g/bg692_and_bg693_2.jpg,bg692_and_bg693_2.jpg,,,Harv800,bg692_and_bg693_2.jpg,
Red Icy Berry & Pine 6.5in C-Ring,BG693,,,In Stock,,,,,,6,9.25,,,,,6,Harv400,,https://www.whdfloral.com/pub/media/catalog/product/cache/eb1d1c8c826264debaf8e1ff7e9c3bba/b/g/bg692_and_bg693_3.jpg,bg692_and_bg693_3.jpg,,,Harv800,bg692_and_bg693_3.jpg,
Red Icy Berry & Pine Wreath,BG694,,,Out Of Stock,,,,,,1,26.99,,,,,1,Harv400,,https://www.whdfloral.com/pub/media/catalog/product/cache/eb1d1c8c826264debaf8e1ff7e9c3bba/b/g/bg694_2.jpg,bg694_2.jpg,,,Harv800,bg694_2.jpg,
Red Icy Berry & Pine 18in Pick,BG695,,,In Stock,,,,,,12,7.25,,,,,12,Harv400,,https://www.whdfloral.com/pub/media/catalog/product/cache/eb1d1c8c826264debaf8e1ff7e9c3bba/b/g/bg695_2.jpg,bg695_2.jpg,,,Harv800,bg695_2.jpg,
Red Icy Berry & Pine 4ft Garland,BG698,,,Out Of Stock,,,,,,1,17.50,,,,,1,Harv400,,https://www.whdfloral.com/pub/media/catalog/product/cache/eb1d1c8c826264debaf8e1ff7e9c3bba/b/g/bg698_2_1.jpg,bg698_2_1.jpg,,,Harv800,bg698_2_1.jpg,
Pixy 13in Sitter,BG707,,,Out Of Stock,,,,,,1,7.99,24,6.99,,,1,Harv400,,https://www.whdfloral.com/pub/media/catalog/product/cache/eb1d1c8c826264debaf8e1ff7e9c3bba/b/g/bg707_1.jpg,bg707_1.jpg,,,Harv800,bg707_1.jpg,
Berry Herb 4.5in Candle Ring,CQ1052,,,In Stock,,,,,,6,4.99,36,3.99,,,6,Harv400,,https://www.whdfloral.com/pub/media/catalog/product/cache/eb1d1c8c826264debaf8e1ff7e9c3bba/c/q/cq1052.jpg,cq1052.jpg,,,Harv800,cq1052.jpg,
Berry Herb 6.5in Candle Ring,CQ1053,,,In Stock,,,,,,6,6.99,36,5.99,,,6,Harv400,,https://www.whdfloral.com/pub/media/catalog/product/cache/eb1d1c8c826264debaf8e1ff7e9c3bba/c/q/cq1053.jpg,cq1053.jpg,,,Harv800,cq1053.jpg,
Berry Herb Wreath,CQ1054,,,In Stock,,,,,,1,19.99,6,16.99,,,1,Harv400,,https://www.whdfloral.com/pub/media/catalog/product/cache/61f6b6161a97c4c06749d8ab0baf101d/c/q/cq1054.jpg,cq1054.jpg,,,Harv800,cq1054.jpg,
Cranberry Beaded Garland 59in,CQ2012,,,In Stock,,,,,,6,4.99,,,,,6,Harv400,,https://www.whdfloral.com/pub/media/catalog/product/cache/eb1d1c8c826264debaf8e1ff7e9c3bba/c/q/cq2012.jpg,cq2012.jpg,,,Harv800,cq2012.jpg,
Cedar Berry 4.5in C Ring,CQ2062,,,Out Of Stock,,,,,,1,6.75,36,5.99,,,1,Harv400,,https://www.whdfloral.com/pub/media/catalog/product/cache/eb1d1c8c826264debaf8e1ff7e9c3bba/c/q/cq2062_cq2063.jpg,cq2062_cq2063.jpg,,,Harv800,cq2062_cq2063.jpg,
Cedar Berry 24in Tree,CQ2069,,,In Stock,,,,,,2,16.99,6,14.99,,,2,Harv400,,https://www.whdfloral.com/pub/media/catalog/product/cache/eb1d1c8c826264debaf8e1ff7e9c3bba/c/q/cq2069_2.jpg,cq2069_2.jpg,,,Harv800,cq2069_2.jpg,
Heirloom Pumpkin 16x16x7in,CQ210,,,In Stock,,,,,,1,34.99,4,33.99,,,1,Harv400,,https://www.whdfloral.com/pub/media/catalog/product/cache/eb1d1c8c826264debaf8e1ff7e9c3bba/c/q/cq210_1_1.jpg,cq210_1_1.jpg,,,Harv800,cq210_1_1.jpg,
Buffalo Check Runner 14x56in,CQ3103,,,In Stock,,,,,,2,7.99,,,,,2,Harv400,,https://www.whdfloral.com/pub/media/catalog/product/cache/eb1d1c8c826264debaf8e1ff7e9c3bba/c/q/cq3103.jpeg,cq3103.jpeg,,,Harv800,cq3103.jpeg,
Buffalo Check Valance 15x72in,CQ3104,,,In Stock,,,,,,2,9.50,,,,,2,Harv400,,https://www.whdfloral.com/pub/media/catalog/product/cache/eb1d1c8c826264debaf8e1ff7e9c3bba/c/q/cq3104.jpeg,cq3104.jpeg,,,Harv800,cq3104.jpeg,
Buffalo Check Rug 20x30in,CQ3105,,,In Stock,,,,,,2,8.99,,,,,2,Harv400,,https://www.whdfloral.com/pub/media/catalog/product/cache/eb1d1c8c826264debaf8e1ff7e9c3bba/c/q/cq3105.jpeg,cq3105.jpeg,,,Harv800,cq3105.jpeg,
Buffalo Check Table Cloth 54x54in,CQ3106,,,In Stock,,,,,,2,14.50,,,,,2,Harv400,,https://www.whdfloral.com/pub/media/catalog/product/cache/eb1d1c8c826264debaf8e1ff7e9c3bba/c/q/cq3106.jpeg,cq3106.jpeg,,,Harv800,cq3106.jpeg,
Buffalo Check Placemat 13x19in,CQ3107,,,In Stock,,,,,,12,3.50,,,,,12,Harv400,,https://www.whdfloral.com/pub/media/catalog/product/cache/eb1d1c8c826264debaf8e1ff7e9c3bba/c/q/cq3107.jpeg,cq3107.jpeg,,,Harv800,cq3107.jpeg,
Red Check Runner 14x56in,CQ3109,,,In Stock,,,,,,2,7.99,,,,,2,Harv400,,https://www.whdfloral.com/pub/media/catalog/product/cache/eb1d1c8c826264debaf8e1ff7e9c3bba/c/q/cq3109.jpeg,cq3109.jpeg,,,Harv800,cq3109.jpeg,
Red Check Valance 15x72in,CQ3110,,,In Stock,,,,,,2,9.50,,,,,2,Harv400,,https://www.whdfloral.com/pub/media/catalog/product/cache/eb1d1c8c826264debaf8e1ff7e9c3bba/c/q/cq3110.jpeg,cq3110.jpeg,,,Harv800,cq3110.jpeg,
Red Check Table Cloth 54x54in,CQ3112,,,In Stock,,,,,,2,14.50,,,,,2,Harv400,,https://www.whdfloral.com/pub/media/catalog/product/cache/eb1d1c8c826264debaf8e1ff7e9c3bba/c/q/cq3112.jpeg,cq3112.jpeg,,,Harv800,cq3112.jpeg,
Red Check Placemat 13x19in,CQ3113,,,In Stock,,,,,,12,3.50,,,,,12,Harv400,,https://www.whdfloral.com/pub/media/catalog/product/cache/eb1d1c8c826264debaf8e1ff7e9c3bba/c/q/cq3113.jpeg,cq3113.jpeg,,,Harv800,cq3113.jpeg,
Yellow Check Runner 14x36in,CQ3114,,,In Stock,,,,,,2,5.99,,,,,2,Harv400,,https://www.whdfloral.com/pub/media/catalog/product/cache/eb1d1c8c826264debaf8e1ff7e9c3bba/c/q/cq3114.jpeg,cq3114.jpeg,,,Harv800,cq3114.jpeg,
Yellow Check Runner 14x56in,CQ3115,,,In Stock,,,,,,2,7.99,,,,,2,Harv400,,https://www.whdfloral.com/pub/media/catalog/product/cache/eb1d1c8c826264debaf8e1ff7e9c3bba/c/q/cq3115.jpeg,cq3115.jpeg,,,Harv800,cq3115.jpeg,
Yellow Check Valance 15x72in,CQ3116,,,In Stock,,,,,,2,9.50,,,,,2,Harv400,,https://www.whdfloral.com/pub/media/catalog/product/cache/eb1d1c8c826264debaf8e1ff7e9c3bba/c/q/cq3116.jpeg,cq3116.jpeg,,,Harv800,cq3116.jpeg,
Yellow Check Rug 20x30in,CQ3117,,,In Stock,,,,,,2,9.00,,,,,2,Harv400,,https://www.whdfloral.com/pub/media/catalog/product/cache/eb1d1c8c826264debaf8e1ff7e9c3bba/c/q/cq3117.jpeg,cq3117.jpeg,,,Harv800,cq3117.jpeg,
Yellow Check Table Cloth 54x54in,CQ3118,,,In Stock,,,,,,2,14.50,,,,,2,Harv400,,https://www.whdfloral.com/pub/media/catalog/product/cache/eb1d1c8c826264debaf8e1ff7e9c3bba/c/q/cq3118.jpeg,cq3118.jpeg,,,Harv800,cq3118.jpeg,
Yellow Check Placemat 13x19in,CQ3119,,,In Stock,,,,,,12,3.50,,,,,12,Harv400,,https://www.whdfloral.com/pub/media/catalog/product/cache/eb1d1c8c826264debaf8e1ff7e9c3bba/c/q/cq3119.jpeg,cq3119.jpeg,,,Harv800,cq3119.jpeg,
Brown Check Runner 14x36in,CQ3120,,,In Stock,,,,,,2,5.99,,,,,2,Harv400,,https://www.whdfloral.com/pub/media/catalog/product/cache/eb1d1c8c826264debaf8e1ff7e9c3bba/c/q/cq3120.jpeg,cq3120.jpeg,,,Harv800,cq3120.jpeg,
Brown Check Runner 14x56in,CQ3121,,,In Stock,,,,,,2,7.99,,,,,2,Harv400,,https://www.whdfloral.com/pub/media/catalog/product/cache/eb1d1c8c826264debaf8e1ff7e9c3bba/c/q/cq3121.jpeg,cq3121.jpeg,,,Harv800,cq3121.jpeg,
Brown Check Valance 15x72in,CQ3122,,,In Stock,,,,,,2,9.50,,,,,2,Harv400,,https://www.whdfloral.com/pub/media/catalog/product/cache/eb1d1c8c826264debaf8e1ff7e9c3bba/c/q/cq3122.jpeg,cq3122.jpeg,,,Harv800,cq3122.jpeg,
Brown Check Rug 20x30in,CQ3123,,,In Stock,,,,,,2,8.99,,,,,2,Harv400,,https://www.whdfloral.com/pub/media/catalog/product/cache/eb1d1c8c826264debaf8e1ff7e9c3bba/c/q/cq3123.jpeg,cq3123.jpeg,,,Harv800,cq3123.jpeg,
Brown Check Table Cloth 54x54in,CQ3124,,,In Stock,,,,,,2,14.50,,,,,2,Harv400,,https://www.whdfloral.com/pub/media/catalog/product/cache/eb1d1c8c826264debaf8e1ff7e9c3bba/c/q/cq3124_1.jpeg,cq3124_1.jpeg,,,Harv800,cq3124_1.jpeg,
Brown Check Placemat 13x19in,CQ3125,,,In Stock,,,,,,12,3.50,,,,,12,Harv400,,https://www.whdfloral.com/pub/media/catalog/product/cache/eb1d1c8c826264debaf8e1ff7e9c3bba/c/q/cq3125.jpeg,cq3125.jpeg,,,Harv800,cq3125.jpeg,
Purple Check Runner 14x36in,CQ3126,,,In Stock,,,,,,2,5.99,,,,,2,Harv400,,https://www.whdfloral.com/pub/media/catalog/product/cache/eb1d1c8c826264debaf8e1ff7e9c3bba/c/q/cq3126.jpeg,cq3126.jpeg,,,Harv800,cq3126.jpeg,
Purple Check Runner 14x56in,CQ3127,,,In Stock,,,,,,2,7.99,,,,,2,Harv400,,https://www.whdfloral.com/pub/media/catalog/product/cache/eb1d1c8c826264debaf8e1ff7e9c3bba/c/q/cq3127.jpeg,cq3127.jpeg,,,Harv800,cq3127.jpeg,
Purple Check Placemat 13x19in,CQ3128,,,In Stock,,,,,,12,3.50,,,,,12,Harv400,,https://www.whdfloral.com/pub/media/catalog/product/cache/eb1d1c8c826264debaf8e1ff7e9c3bba/c/q/cq3128.jpeg,cq3128.jpeg,,,Harv800,cq3128.jpeg,
Gray Waffle Runner 14x36in,CQ3132,,,In Stock,,,,,,2,6.50,,,,,2,Harv400,,https://www.whdfloral.com/pub/media/catalog/product/cache/eb1d1c8c826264debaf8e1ff7e9c3bba/c/q/cq3129_1.jpeg,cq3129_1.jpeg,,,Harv800,cq3129_1.jpeg,
Yellow Waffle Runner 14x36in,CQ3133,,,In Stock,,,,,,2,6.50,,,,,2,Harv400,,https://www.whdfloral.com/pub/media/catalog/product/cache/eb1d1c8c826264debaf8e1ff7e9c3bba/c/q/cq3130.jpeg,cq3130.jpeg,,,Harv800,cq3130.jpeg,
Brown Waffle Runner 14x36in,CQ3134,,,In Stock,,,,,,2,6.50,,,,,2,Harv400,,https://www.whdfloral.com/pub/media/catalog/product/cache/eb1d1c8c826264debaf8e1ff7e9c3bba/c/q/cq3131.jpeg,cq3131.jpeg,,,Harv800,cq3131.jpeg,
Gray Waffle Runner 14x56in,CQ3135,,,In Stock,,,,,,2,8.50,,,,,2,Harv400,,https://www.whdfloral.com/pub/media/catalog/product/cache/eb1d1c8c826264debaf8e1ff7e9c3bba/c/q/cq3132.jpeg,cq3132.jpeg,,,Harv800,cq3132.jpeg,
Yellow Waffle Runner 14x56in,CQ3136,,,In Stock,,,,,,2,8.50,,,,,2,Harv400,,https://www.whdfloral.com/pub/media/catalog/product/cache/eb1d1c8c826264debaf8e1ff7e9c3bba/c/q/cq3133.jpeg,cq3133.jpeg,,,Harv800,cq3133.jpeg,
Brown Waffle Towel 20x28in,CQ3131,,,In Stock,,,,,,2,3.50,,,,,2,Harv400,,https://www.whdfloral.com/pub/media/catalog/product/cache/eb1d1c8c826264debaf8e1ff7e9c3bba/c/q/cq3134.jpeg,cq3134.jpeg,,,Harv800,cq3134.jpeg,
Gray Waffle Towel 20x28in,CQ3129,,,In Stock,,,,,,2,3.50,,,,,2,Harv400,,https://www.whdfloral.com/pub/media/catalog/product/cache/eb1d1c8c826264debaf8e1ff7e9c3bba/c/q/cq3135.jpeg,cq3135.jpeg,,,Harv800,cq3135.jpeg,
Yellow Waffle Towel 20x28in,CQ3130,,,In Stock,,,,,,2,3.50,,,,,2,Harv400,,https://www.whdfloral.com/pub/media/catalog/product/cache/eb1d1c8c826264debaf8e1ff7e9c3bba/c/q/cq3136.jpeg,cq3136.jpeg,,,Harv800,cq3136.jpeg,
Brown Waffle Runner 14x56in,CQ3137,,,In Stock,,,,,,2,8.50,,,,,2,Harv400,,https://www.whdfloral.com/pub/media/catalog/product/cache/eb1d1c8c826264debaf8e1ff7e9c3bba/c/q/cq3137_1.jpeg,cq3137_1.jpeg,,,Harv800,cq3137_1.jpeg,
Striped Kitchen Towels 20x28in Set of 3,CQ3138,,,In Stock,,,,,,2,11.50,,,,,2,Harv400,,https://www.whdfloral.com/pub/media/catalog/product/cache/eb1d1c8c826264debaf8e1ff7e9c3bba/c/q/cq3138.jpeg,cq3138.jpeg,,,Harv800,cq3138.jpeg,
Brown Plaid Pillow 20x20in,CQ3139,,,In Stock,,,,,,2,14.99,,,,,2,Harv400,,https://www.whdfloral.com/pub/media/catalog/product/cache/eb1d1c8c826264debaf8e1ff7e9c3bba/c/q/cq3139_1.jpeg,cq3139_1.jpeg,,,Harv800,cq3139_1.jpeg,
Beige Pillow 20x20in,CQ3140,,,In Stock,,,,,,2,14.50,,,,,2,Harv400,,https://www.whdfloral.com/pub/media/catalog/product/cache/eb1d1c8c826264debaf8e1ff7e9c3bba/c/q/cq3140.jpeg,cq3140.jpeg,,,Harv800,cq3140.jpeg,
Grey Gingham Check Pillow 20x20in,CQ3141,,,In Stock,,,,,,2,14.99,,,,,2,Harv400,,https://www.whdfloral.com/pub/media/catalog/product/cache/eb1d1c8c826264debaf8e1ff7e9c3bba/c/q/cq3141.jpeg,cq3141.jpeg,,,Harv800,cq3141.jpeg,
Brown Gingham Check Pillow 20x20in,CQ3142,,,In Stock,,,,,,2,14.99,,,,,2,Harv400,,https://www.whdfloral.com/pub/media/catalog/product/cache/eb1d1c8c826264debaf8e1ff7e9c3bba/c/q/cq3142.jpeg,cq3142.jpeg,,,Harv800,cq3142.jpeg,
Black Gingham Check Pillow 20x20in,CQ3143,,,In Stock,,,,,,2,14.99,,,,,2,Harv400,,https://www.whdfloral.com/pub/media/catalog/product/cache/eb1d1c8c826264debaf8e1ff7e9c3bba/c/q/cq3143.jpeg,cq3143.jpeg,,,Harv800,cq3143.jpeg,
Mint & Tan Pillow 20x20in,CQ3147,,,In Stock,,,,,,2,14.99,,,,,2,Harv400,,https://www.whdfloral.com/pub/media/catalog/product/cache/eb1d1c8c826264debaf8e1ff7e9c3bba/c/q/cq3147.jpeg,cq3147.jpeg,,,Harv800,cq3147.jpeg,
Black Arrow Pillow 20x20in,CQ3149,,,In Stock,,,,,,2,13.99,,,,,2,Harv400,,https://www.whdfloral.com/pub/media/catalog/product/cache/eb1d1c8c826264debaf8e1ff7e9c3bba/c/q/cq3149.jpeg,cq3149.jpeg,,,Harv800,cq3149.jpeg,
Black Stripe Pillow 20x20in,CQ3150,,,In Stock,,,,,,2,13.99,,,,,2,Harv400,,https://www.whdfloral.com/pub/media/catalog/product/cache/eb1d1c8c826264debaf8e1ff7e9c3bba/c/q/cq3150.jpeg,cq3150.jpeg,,,Harv800,cq3150.jpeg,
Yellow Striped Pillow 20x20in,CQ3151,,,In Stock,,,,,,2,14.99,,,,,2,Harv400,,https://www.whdfloral.com/pub/media/catalog/product/cache/eb1d1c8c826264debaf8e1ff7e9c3bba/c/q/cq3151.jpeg,cq3151.jpeg,,,Harv800,cq3151.jpeg,
Honey Bee Runner 15x72in,CQ3152,,,In Stock,,,,,,2,10.99,,,,,2,Harv400,,https://www.whdfloral.com/pub/media/catalog/product/cache/eb1d1c8c826264debaf8e1ff7e9c3bba/c/q/cq3152.jpeg,cq3152.jpeg,,,Harv800,cq3152.jpeg,
Honey Bee Tablecloth 54x54in,CQ3153,,,In Stock,,,,,,2,15.99,,,,,2,Harv400,,https://www.whdfloral.com/pub/media/catalog/product/cache/eb1d1c8c826264debaf8e1ff7e9c3bba/c/q/cq3153.jpeg,cq3153.jpeg,,,Harv800,cq3153.jpeg,
Honey Bee Placemat 13x19in,CQ3154,,,In Stock,,,,,,1,3.99,,,,,1,Harv400,,https://www.whdfloral.com/pub/media/catalog/product/cache/eb1d1c8c826264debaf8e1ff7e9c3bba/c/q/cq3154.jpeg,cq3154.jpeg,,,Harv800,cq3154.jpeg,
Honey Bee Runner 14x36in,CQ3155,,,In Stock,,,,,,2,6.99,,,,,2,Harv400,,https://www.whdfloral.com/pub/media/catalog/product/cache/eb1d1c8c826264debaf8e1ff7e9c3bba/c/q/cq3155.jpeg,cq3155.jpeg,,,Harv800,cq3155.jpeg,
Honey Bee Valance 15x72in,CQ3156,,,In Stock,,,,,,2,10.99,,,,,2,Harv400,,https://www.whdfloral.com/pub/media/catalog/product/cache/eb1d1c8c826264debaf8e1ff7e9c3bba/c/q/cq3156.jpeg,cq3156.jpeg,,,Harv800,cq3156.jpeg,
Honey Bee Runner 14x56in,CQ3157,,,In Stock,,,,,,2,8.99,,,,,2,Harv400,,https://www.whdfloral.com/pub/media/catalog/product/cache/eb1d1c8c826264debaf8e1ff7e9c3bba/c/q/cq3157.jpeg,cq3157.jpeg,,,Harv800,cq3157.jpeg,
Honey Bee Rug 20x30in,CQ3158,,,In Stock,,,,,,2,9.99,,,,,2,Harv400,,https://www.whdfloral.com/pub/media/catalog/product/cache/eb1d1c8c826264debaf8e1ff7e9c3bba/c/q/cq3158.jpeg,cq3158.jpeg,,,Harv800,cq3158.jpeg,
Honeycomb Runner 14x36in,CQ3159,,,In Stock,,,,,,2,6.99,,,,,2,Harv400,,https://www.whdfloral.com/pub/media/catalog/product/cache/eb1d1c8c826264debaf8e1ff7e9c3bba/c/q/cq3159.jpeg,cq3159.jpeg,,,Harv800,cq3159.jpeg,
Honeycomb Runner 14x56in,CQ3160,,,In Stock,,,,,,2,8.99,,,,,2,Harv400,,https://www.whdfloral.com/pub/media/catalog/product/cache/eb1d1c8c826264debaf8e1ff7e9c3bba/c/q/cq3160.jpeg,cq3160.jpeg,,,Harv800,cq3160.jpeg,
Honeycomb Placemat 13x19in,CQ3170,,,Out Of Stock,,,,,,1,3.99,,,,,1,Harv400,,https://www.whdfloral.com/pub/media/catalog/product/cache/eb1d1c8c826264debaf8e1ff7e9c3bba/c/q/cq3170.jpeg,cq3170.jpeg,,,Harv800,cq3170.jpeg,
Blue Cornflower 4.5in C Ring,CQ4072,,,Out Of Stock,,,,,,1,5.50,24,4.75,,,1,Harv400,,https://www.whdfloral.com/pub/media/catalog/product/cache/eb1d1c8c826264debaf8e1ff7e9c3bba/c/q/cq4071_cq4072_cq4073_1.jpg,cq4071_cq4072_cq4073_1.jpg,,,Harv800,cq4071_cq4072_cq4073_1.jpg,
Orange Berry 6.5in Candle Ring,CQ4183,,,In Stock,,,,,,6,6.25,24,5.75,,,6,Harv400,,https://www.whdfloral.com/pub/media/catalog/product/cache/eb1d1c8c826264debaf8e1ff7e9c3bba/c/q/cq4181_5.jpg,cq4181_5.jpg,,,Harv800,cq4181_5.jpg,
Orange Berry 27in Pick,CQ4185,,,In Stock,,,,,,12,3.50,24,3.25,,,12,Harv400,,https://www.whdfloral.com/pub/media/catalog/product/cache/eb1d1c8c826264debaf8e1ff7e9c3bba/c/q/cq4185_4.jpg,cq4185_4.jpg,,,Harv800,cq4185_4.jpg,
"Farmhouse Containers S/3 - 9in, 10in & 12in",CQ611,,,In Stock,,,,,,2,38.99,,,,,2,Harv400,,https://www.whdfloral.com/pub/media/catalog/product/cache/61f6b6161a97c4c06749d8ab0baf101d/c/q/cq611.jpg,cq611.jpg,,,Harv800,cq611.jpg,
Classic Red Cream Green Mini Berry 18 in Pick,FB255CRCG,,,Out Of Stock,,,,,,1,0.99,24,0.89,,,1,Harv400,,https://www.whdfloral.com/pub/media/catalog/product/cache/eb1d1c8c826264debaf8e1ff7e9c3bba/c/r/crcg_closeup_2.jpg,crcg_closeup_2.jpg,,,Harv800,crcg_closeup_2.jpg,
Amber 100 Bulb Primitive Rice String Light 19.5 ft Green Cord - Steady On,YT128,,,Out Of Stock,,,,,,1,7.99,24,7.50,,,1,Harv400,,https://www.whdfloral.com/pub/media/catalog/product/cache/eb1d1c8c826264debaf8e1ff7e9c3bba/d/s/dsc_0015.jpg,dsc_0015.jpg,,,Harv800,dsc_0015.jpg,
Amber 50 Bulb Primitive RICE String Lights 10ft Green Cord - Steady On,YT127,,,Out Of Stock,,,,,,1,4.99,24,4.50,,,1,Harv400,,https://www.whdfloral.com/pub/media/catalog/product/cache/eb1d1c8c826264debaf8e1ff7e9c3bba/d/s/dsc_0015_1.jpg,dsc_0015_1.jpg,,,Harv800,dsc_0015_1.jpg,
Amber 35 Bulb Primitive RICE String Lights 7.5ft Green Cord - Steady On,YT126,,,Out Of Stock,,,,,,1,3.50,24,3.25,,,1,Harv400,,https://www.whdfloral.com/pub/media/catalog/product/cache/eb1d1c8c826264debaf8e1ff7e9c3bba/d/s/dsc_0015_2.jpg,dsc_0015_2.jpg,,,Harv800,dsc_0015_2.jpg,
Amber 20 Bulb Primitive RICE String Lights 5ft Green Cord - Steady On,YT125,,,Out Of Stock,,,,,,1,2.99,24,2.75,,,1,Harv400,,https://www.whdfloral.com/pub/media/catalog/product/cache/eb1d1c8c826264debaf8e1ff7e9c3bba/d/s/dsc_0015_3.jpg,dsc_0015_3.jpg,,,Harv800,dsc_0015_3.jpg,
Blue 100 Bulb Primitive Rice String Light 19.5 ft Green Cord - Steady On,YT132,,,Out Of Stock,,,,,,1,7.99,24,7.50,,,1,Harv400,,https://www.whdfloral.com/pub/media/catalog/product/cache/eb1d1c8c826264debaf8e1ff7e9c3bba/d/s/dsc_0016.jpg,dsc_0016.jpg,,,Harv800,dsc_0016.jpg,
Blue 50 Bulb Primitive RICE String Lights 10ft Green Cord - Steady On,YT131,,,Out Of Stock,,,,,,1,4.99,24,4.50,,,1,Harv400,,https://www.whdfloral.com/pub/media/catalog/product/cache/eb1d1c8c826264debaf8e1ff7e9c3bba/d/s/dsc_0016_1.jpg,dsc_0016_1.jpg,,,Harv800,dsc_0016_1.jpg,
Blue 35 Bulb Primitive RICE String Lights 7.5ft Green Cord - Steady On,YT130,,,Out Of Stock,,,,,,1,3.50,24,3.25,,,1,Harv400,,https://www.whdfloral.com/pub/media/catalog/product/cache/eb1d1c8c826264debaf8e1ff7e9c3bba/d/s/dsc_0016_2.jpg,dsc_0016_2.jpg,,,Harv800,dsc_0016_2.jpg,
Blue 20 Bulb Primitive RICE String Lights 5ft Green Cord - Steady On,YT129,,,Out Of Stock,,,,,,1,2.99,24,2.75,,,1,Harv400,,https://www.whdfloral.com/pub/media/catalog/product/cache/eb1d1c8c826264debaf8e1ff7e9c3bba/d/s/dsc_0016_3.jpg,dsc_0016_3.jpg,,,Harv800,dsc_0016_3.jpg,
Red 100 Bulb Primitive Rice String Light 19.5 ft Green Cord - Steady On,YT124,,,Out Of Stock,,,,,,1,7.99,24,7.50,,,1,Harv400,,https://www.whdfloral.com/pub/media/catalog/product/cache/eb1d1c8c826264debaf8e1ff7e9c3bba/d/s/dsc_0029.jpg,dsc_0029.jpg,,,Harv800,dsc_0029.jpg,
Red 50 Bulb Primitive RICE String Lights 10ft Green Cord - Steady On,YT123,,,Out Of Stock,,,,,,1,4.99,24,4.50,,,1,Harv400,,https://www.whdfloral.com/pub/media/catalog/product/cache/eb1d1c8c826264debaf8e1ff7e9c3bba/d/s/dsc_0030.jpg,dsc_0030.jpg,,,Harv800,dsc_0030.jpg,
Red 35 Bulb Primitive RICE String Lights 7.5ft Green Cord - Steady On,YT122,,,Out Of Stock,,,,,,1,3.50,24,3.25,,,1,Harv400,,https://www.whdfloral.com/pub/media/catalog/product/cache/eb1d1c8c826264debaf8e1ff7e9c3bba/d/s/dsc_0030_1.jpg,dsc_0030_1.jpg,,,Harv800,dsc_0030_1.jpg,
Red 20 Bulb Primitive RICE String Lights 5ft Green Cord - Steady On,YT121,,,Out Of Stock,,,,,,1,2.99,24,2.75,,,1,Harv400,,https://www.whdfloral.com/pub/media/catalog/product/cache/eb1d1c8c826264debaf8e1ff7e9c3bba/d/s/dsc_0030_2.jpg,dsc_0030_2.jpg,,,Harv800,dsc_0030_2.jpg,
Burgundy & Hunter Mini Berry 18in pick,FB255BH,,,In Stock,,,,,,12,0.99,144,0.79,,,12,Harv400,,https://www.whdfloral.com/pub/media/catalog/product/cache/eb1d1c8c826264debaf8e1ff7e9c3bba/f/b/fb255bh_2.jpg,fb255bh_2.jpg,,,Harv800,fb255bh_2.jpg,
Fruit Basket 4ft Mini Berry Garland,FG158FB,,,Out Of Stock,,,,,,1,8.95,24,7.50,,,1,Harv400,,https://www.whdfloral.com/pub/media/catalog/product/cache/eb1d1c8c826264debaf8e1ff7e9c3bba/f/g/fg158fb_2.jpg,fg158fb_2.jpg,,,Harv800,fg158fb_2.jpg,
Burgundy & Huner Mini Berry 2.25 in Candle Ring,FT161BH,,,Out Of Stock,,,,,,1,1.50,120,1.20,,,1,Harv400,,https://www.whdfloral.com/pub/media/catalog/product/cache/eb1d1c8c826264debaf8e1ff7e9c3bba/f/t/ft161bh_4.jpg,ft161bh_4.jpg,,,Harv800,ft161bh_4.jpg,
Cherry Cobbler Mini Berry 2.25in C-ring,FT161CC,,,Out Of Stock,,,,,,1,1.50,120,1.20,,,1,Harv400,,https://www.whdfloral.com/pub/media/catalog/product/cache/eb1d1c8c826264debaf8e1ff7e9c3bba/f/t/ft161cc_4.jpg,ft161cc_4.jpg,,,Harv800,ft161cc_4.jpg,
Country Estate 2.25in Mini Berry C-ring,FT161CE,,,Out Of Stock,,,,,,1,1.50,120,1.20,,,1,Harv400,,https://www.whdfloral.com/pub/media/catalog/product/cache/eb1d1c8c826264debaf8e1ff7e9c3bba/f/t/ft161ce_4.jpg,ft161ce_4.jpg,,,Harv800,ft161ce_4.jpg,
Old Glory 2.25in Mini Berry C-ring,FT161OG,,,Out Of Stock,,,,,,1,1.50,120,1.20,,,1,Harv400,,https://www.whdfloral.com/pub/media/catalog/product/cache/eb1d1c8c826264debaf8e1ff7e9c3bba/f/t/ft161og_5.jpg,ft161og_5.jpg,,,Harv800,ft161og_5.jpg,
Serenity Mini Berry 2.25in C-Ring,FT161SE,,,Out Of Stock,,,,,,1,1.50,120,1.20,,,1,Harv400,,https://www.whdfloral.com/pub/media/catalog/product/cache/eb1d1c8c826264debaf8e1ff7e9c3bba/f/t/ft161se_4.jpg,ft161se_4.jpg,,,Harv800,ft161se_4.jpg,
Black/Tan 2.25in Mini Berry C-ring,FT161TB,,,In Stock,,,,,,12,1.50,120,1.20,,,12,Harv400,,https://www.whdfloral.com/pub/media/catalog/product/cache/eb1d1c8c826264debaf8e1ff7e9c3bba/f/t/ft161tb_4.jpg,ft161tb_4.jpg,,,Harv800,ft161tb_4.jpg,
New Waters Edge 2.25in Mini Berry C-ring,FT161WE,,,Out Of Stock,,,,,,1,1.50,120,1.20,,,1,Harv400,,https://www.whdfloral.com/pub/media/catalog/product/cache/eb1d1c8c826264debaf8e1ff7e9c3bba/f/t/ft161we_4.jpg,ft161we_4.jpg,,,Harv800,ft161we_4.jpg,
Burg/Mustard Mini Berry 6in C-ring,FT163BMU,,,In Stock,,,,,,6,3.50,36,3.35,,,6,Harv400,,https://www.whdfloral.com/pub/media/catalog/product/cache/eb1d1c8c826264debaf8e1ff7e9c3bba/f/t/ft163bmu_3.jpg,ft163bmu_3.jpg,,,Harv800,ft163bmu_3.jpg,
Holly Berry 4.5in Candle Ring,BG292,,,In Stock,,,,,,6,6.99,36,5.99,,,6,Harv400,,https://www.whdfloral.com/pub/media/catalog/product/cache/eb1d1c8c826264debaf8e1ff7e9c3bba/h/o/holly_berry.jpg,holly_berry.jpg,,,Harv800,holly_berry.jpg,
Holly Berry 6.5in Candle Ring,BG293,,,In Stock,,,,,,6,9.25,36,8.50,,,6,Harv400,,https://www.whdfloral.com/pub/media/catalog/product/cache/eb1d1c8c826264debaf8e1ff7e9c3bba/h/o/holly_berry_1.jpg,holly_berry_1.jpg,,,Harv800,holly_berry_1.jpg,
Orchard 18in Mini Berry Pick,FB255ORC,,,In Stock,,,,,,12,0.99,24,0.89,,,12,Harv400,,https://www.whdfloral.com/pub/media/catalog/product/cache/eb1d1c8c826264debaf8e1ff7e9c3bba/o/r/orc_closeup_1.jpg,orc_closeup_1.jpg,,,Harv800,orc_closeup_1.jpg,
North Pole Milk Can 7x12in,SD47,,,In Stock,,,,,,2,18.99,4,17.99,,,2,Harv400,,https://www.whdfloral.com/pub/media/catalog/product/cache/eb1d1c8c826264debaf8e1ff7e9c3bba/s/d/sd47.jpg,sd47.jpg,,,Harv800,sd47.jpg,
Harvest Festival Sign 13x40in,SD97,,,In Stock,,,,,,4,36.99,,,,,4,Harv400,,https://www.whdfloral.com/pub/media/catalog/product/cache/eb1d1c8c826264debaf8e1ff7e9c3bba/s/d/sd97_2.jpg,sd97_2.jpg,,,Harv800,sd97_2.jpg,
Red Berry Cardinals Garden Flag 12in by 18in,TN501,,,Out Of Stock,,,,,,1,4.50,12,3.50,,,1,Harv400,,https://www.whdfloral.com/pub/media/catalog/product/cache/eb1d1c8c826264debaf8e1ff7e9c3bba/t/n/tn501_1.jpg,tn501_1.jpg,,,Harv800,tn501_1.jpg,
Square Wooden Plate-Happy Fall 6IN,WL002,,,In Stock,,,,,,6,3.99,72,2.50,,,6,Harv400,,https://www.whdfloral.com/pub/media/catalog/product/cache/eb1d1c8c826264debaf8e1ff7e9c3bba/w/l/wl002_5.jpg,wl002_5.jpg,,,Harv800,wl002_5.jpg,
Cream 18in Willow Tree,BG30823-5,,,In Stock,,,,,,4,7.50,12,6.75,,,4,Harv400,,https://www.whdfloral.com/pub/media/catalog/product/cache/eb1d1c8c826264debaf8e1ff7e9c3bba/b/g/bg30823-5_2.jpg,bg30823-5_2.jpg,,,Harv800,bg30823-5_2.jpg,
Black 18in Willow Tree,BG30823,,,In Stock,,,,,,4,7.50,12,6.75,,,4,Harv400,,https://www.whdfloral.com/pub/media/catalog/product/cache/eb1d1c8c826264debaf8e1ff7e9c3bba/b/g/bg30823_3.jpg,bg30823_3.jpg,,,Harv800,bg30823_3.jpg,
"Silicone Bulb, 5 Watt 2/Pkg",YT113,,,In Stock,,,,,,12,2.25,,,,,12,Harv400,,https://www.whdfloral.com/pub/media/catalog/product/cache/eb1d1c8c826264debaf8e1ff7e9c3bba/d/s/dsc_0566.jpg,dsc_0566.jpg,,,Harv800,dsc_0566.jpg,
Horse Barn w/ 5 LED Lights 16inx24in,TN139,,,In Stock,,,,,,4,13.99,12,12.99,,,4,Harv400,,https://www.whdfloral.com/pub/media/catalog/product/cache/eb1d1c8c826264debaf8e1ff7e9c3bba/t/n/tn139_1.jpg,tn139_1.jpg,,,Harv800,tn139_1.jpg,
Farm Harvest w/ 5 LED Lights 16inx24in,TN137,,,In Stock,,,,,,4,13.99,12,12.99,,,4,Harv400,,https://www.whdfloral.com/pub/media/catalog/product/cache/eb1d1c8c826264debaf8e1ff7e9c3bba/t/n/tn137_1.jpg,tn137_1.jpg,,,Harv800,tn137_1.jpg,
Winter Cottage w/ 5 LED Lights 16inx24in,TN120,,,Out Of Stock,,,,,,1,12.99,12,11.99,,,1,Harv400,,https://www.whdfloral.com/pub/media/catalog/product/cache/eb1d1c8c826264debaf8e1ff7e9c3bba/t/n/tn120_2.jpg,tn120_2.jpg,,,Harv800,tn120_2.jpg,
Christmas Village Canvas Print w/ 5 LED's 16x24in,TN91,,,In Stock,,,,,,4,15.99,12,14.99,,,4,Harv400,,https://www.whdfloral.com/pub/media/catalog/product/cache/eb1d1c8c826264debaf8e1ff7e9c3bba/t/n/tn91.jpg,tn91.jpg,,,Harv800,tn91.jpg,
Burgundy 18in Willow Tree,BG30823-4,,,In Stock,,,,,,4,7.50,12,6.75,,,4,Harv400,,https://www.whdfloral.com/pub/media/catalog/product/cache/eb1d1c8c826264debaf8e1ff7e9c3bba/b/g/bg30823-4_3.jpg,bg30823-4_3.jpg,,,Harv800,bg30823-4_3.jpg,
Sugarpie Resin Pumpkin 5.5inx7.5 in,CQ214,,,Out Of Stock,,,,,,1,9.99,12,7.99,,,1,Harv400,,https://www.whdfloral.com/pub/media/catalog/product/cache/eb1d1c8c826264debaf8e1ff7e9c3bba/c/q/cq214_2.jpeg,cq214_2.jpeg,,,Harv800,cq214_2.jpeg,
Wicked 2.5 C-ring NRO,CQ961W,,,In Stock,,,,,,12,1.99,24,1.75,,,12,Harv400,,https://www.whdfloral.com/pub/static/frontend/Whdfloral/default/en_US/Magento_Catalog/images/product/placeholder/image.jpg,image.jpg,,,Harv800,image.jpg,
Spring Fever 2.5 C-ring,CQ5211,,,Out Of Stock,,,,,,1,2.99,24,2.75,,,1,Harv400,,https://www.whdfloral.com/pub/media/catalog/product/cache/eb1d1c8c826264debaf8e1ff7e9c3bba/c/q/cq5211_b_1.jpg,cq5211_b_1.jpg,,,Harv800,cq5211_b_1.jpg,
Christmas Grass 4.5 C-Ring,CQ4142,,,In Stock,,,,,,6,5.50,12,4.99,,,6,Harv400,,https://www.whdfloral.com/pub/media/catalog/product/cache/eb1d1c8c826264debaf8e1ff7e9c3bba/c/q/cq4142_5.jpg,cq4142_5.jpg,,,Harv800,cq4142_5.jpg,
Fall Sunflower 4.5 C-ring,CQ5132,,,In Stock,,,,,,6,5.50,12,4.99,,,6,Harv400,,https://www.whdfloral.com/pub/media/catalog/product/cache/eb1d1c8c826264debaf8e1ff7e9c3bba/c/q/cq5132_4.jpg,cq5132_4.jpg,,,Harv800,cq5132_4.jpg,
Harvest Balze 2.5 in. Candle Ring,BG4221,,,In Stock,,,,,,12,2.99,,,,,12,Harv400,,https://www.whdfloral.com/pub/static/frontend/Whdfloral/default/en_US/Magento_Catalog/images/product/placeholder/image.jpg,image.jpg,,,Harv800,image.jpg,
"Silicone Bulb, 7.5 Watt 1/Pkg",YT114,,,In Stock,,,,,,12,1.99,,,,,12,Harv400,,https://www.whdfloral.com/pub/media/catalog/product/cache/eb1d1c8c826264debaf8e1ff7e9c3bba/d/s/dsc_0555.jpg,dsc_0555.jpg,,,Harv800,dsc_0555.jpg,
Autumn's Touch 4.5 in C-ring,BG4132,,,In Stock,,,,,,6,5.50,12,4.99,,,6,Harv400,,https://www.whdfloral.com/pub/media/catalog/product/cache/eb1d1c8c826264debaf8e1ff7e9c3bba/b/g/bg4132_5.jpg,bg4132_5.jpg,,,Harv800,bg4132_5.jpg,
True Cream Mixed Berry 4.5 in C-Ring,CQ962TC,,,In Stock,,,,,,6,2.99,12,2.50,,,6,Harv400,,https://www.whdfloral.com/pub/static/frontend/Whdfloral/default/en_US/Magento_Catalog/images/product/placeholder/image.jpg,image.jpg,,,Harv800,image.jpg,
Black Tan Mixed Berry 2.5 in C-Ring,CQ961TBK,,,In Stock,,,,,,12,1.99,24,1.75,,,12,Harv400,,https://www.whdfloral.com/pub/media/catalog/product/cache/eb1d1c8c826264debaf8e1ff7e9c3bba/c/q/cq961tb-.jpg,cq961tb-.jpg,,,Harv800,cq961tb-.jpg,
Black Tan Mixed Berry 4.5 in C-Ring,CQ962TBK,,,In Stock,,,,,,6,2.99,12,2.50,,,6,Harv400,,https://www.whdfloral.com/pub/media/catalog/product/cache/eb1d1c8c826264debaf8e1ff7e9c3bba/c/q/cq962tb_3.jpg,cq962tb_3.jpg,,,Harv800,cq962tb_3.jpg,
Stacked Snowman Black Hat and Scarf of Resin 5.82in,FQ018,,,In Stock,,,,,,12,2.99,48,2.50,,,12,Harv400,,https://www.whdfloral.com/pub/static/frontend/Whdfloral/default/en_US/Magento_Catalog/images/product/placeholder/image.jpg,image.jpg,,,Harv800,image.jpg,
Wood Cmas Tree Joy/Peace/Hope 5.5in 3/ast,WL022,,,In Stock,,,,,,24,1.99,72,1.75,,,24,Harv400,,https://www.whdfloral.com/pub/media/catalog/product/cache/eb1d1c8c826264debaf8e1ff7e9c3bba/w/l/wl022_4.jpg,wl022_4.jpg,,,Harv800,wl022_4.jpg,
Classic Red Black Mixed Berry 2.5 in C-Ring,CQ961CRBK,,,In Stock,,,,,,12,1.99,24,1.75,,,12,Harv400,,https://www.whdfloral.com/pub/media/catalog/product/cache/eb1d1c8c826264debaf8e1ff7e9c3bba/c/q/cq961crbk_3.jpg,cq961crbk_3.jpg,,,Harv800,cq961crbk_3.jpg,
Classic Red Black Mixed Berry 4.5 in C-Ring,CQ962CRBK,,,In Stock,,,,,,6,2.99,24,2.50,,,6,Harv400,,https://www.whdfloral.com/pub/media/catalog/product/cache/eb1d1c8c826264debaf8e1ff7e9c3bba/c/q/cq962crbk_3.jpg,cq962crbk_3.jpg,,,Harv800,cq962crbk_3.jpg,
Black and Tan Vintage Tin Star 4.5 Candle Ring,BG262TB,,,In Stock,,,,,,6,4.50,36,3.95,,,6,Harv400,,https://www.whdfloral.com/pub/media/catalog/product/cache/eb1d1c8c826264debaf8e1ff7e9c3bba/b/g/bg262tb_2.jpg,bg262tb_2.jpg,,,Harv800,bg262tb_2.jpg,
Snowman Red Hat Red Scarf Tree of Resin 5.90in,TG009,,,In Stock,,,,,,6,4.99,24,3.99,,,6,Harv400,,https://www.whdfloral.com/pub/media/catalog/product/cache/eb1d1c8c826264debaf8e1ff7e9c3bba/t/g/tg009_3.jpg,tg009_3.jpg,,,Harv800,tg009_3.jpg,
Classic Red Green Cream Mixed Berry 4.5 in C-Ring,CQ962CRGC,,,In Stock,,,,,,6,2.99,24,2.50,,,6,Harv400,,https://www.whdfloral.com/pub/media/catalog/product/cache/eb1d1c8c826264debaf8e1ff7e9c3bba/c/q/cq962crgc_3.jpg,cq962crgc_3.jpg,,,Harv800,cq962crgc_3.jpg,
"100 Bulb Primitive Rice String Light 19.5 ft Green Cord - Steady On""",YT108,,,In Stock,,,,,,12,7.99,24,7.50,,,12,Harv400,,https://www.whdfloral.com/pub/media/catalog/product/cache/eb1d1c8c826264debaf8e1ff7e9c3bba/g/r/green_cord_teeny_bulb_bundle_lit_3.jpg,green_cord_teeny_bulb_bundle_lit_3.jpg,,,Harv800,green_cord_teeny_bulb_bundle_lit_3.jpg,
"100 Bulb Primitive Rice String Light 19.5 ft Brown Cord - Steady On""",YT006R,,,In Stock,,,,,,12,7.99,24,7.50,,,12,Harv400,,https://www.whdfloral.com/pub/media/catalog/product/cache/eb1d1c8c826264debaf8e1ff7e9c3bba/b/r/brown_cord_teeny_bulb_bundle_lit_4.jpg,brown_cord_teeny_bulb_bundle_lit_4.jpg,,,Harv800,brown_cord_teeny_bulb_bundle_lit_4.jpg,
Burgundy 14in Willow Tree,BG30822-4,,,In Stock,,,,,,4,4.95,12,4.50,,,4,Harv400,,https://www.whdfloral.com/pub/media/catalog/product/cache/eb1d1c8c826264debaf8e1ff7e9c3bba/b/g/bg30822-4_3.jpg,bg30822-4_3.jpg,,,Harv800,bg30822-4_3.jpg,
Black 14in Willow Tree,BG30822,,,In Stock,,,,,,4,4.95,12,4.50,,,4,Harv400,,https://www.whdfloral.com/pub/media/catalog/product/cache/eb1d1c8c826264debaf8e1ff7e9c3bba/b/g/bg30822_3.jpg,bg30822_3.jpg,,,Harv800,bg30822_3.jpg,
"Primitive Round Tins 4 asst colors 8""D x 4""H",CQ604,,,In Stock,,,,,,3,15.99,,,,,3,Harv400,,https://www.whdfloral.com/pub/media/catalog/product/cache/eb1d1c8c826264debaf8e1ff7e9c3bba/c/q/cq604_4.jpg,cq604_4.jpg,,,Harv800,cq604_4.jpg,
Red 4' Mini Berry Garland,FG158R,,,In Stock,,,,,,3,8.99,6,7.99,,,3,Harv400,,https://www.whdfloral.com/pub/media/catalog/product/cache/eb1d1c8c826264debaf8e1ff7e9c3bba/f/g/fg158r_2.jpg,fg158r_2.jpg,,,Harv800,fg158r_2.jpg,
Blooming Forsythia 4 Ft Garland,BG4178,,,In Stock,,,,,,3,18.99,24,17.99,,,3,Harv400,,https://www.whdfloral.com/pub/media/catalog/product/cache/eb1d1c8c826264debaf8e1ff7e9c3bba/b/g/bg4178_4.jpg,bg4178_4.jpg,,,Harv800,bg4178_4.jpg,
BLUE Mini Berry 4 ft Garland,FG158BLUE,,,Out Of Stock,,,,,,1,8.95,24,7.50,,,1,Harv400,,https://www.whdfloral.com/pub/static/frontend/Whdfloral/default/en_US/Magento_Catalog/images/product/placeholder/image.jpg,image.jpg,,,Harv800,image.jpg,
Primitive Home 4' Mini Berry Garland,FG158PH,,,In Stock,,,,,,3,8.95,6,7.99,,,3,Harv400,,https://www.whdfloral.com/pub/static/frontend/Whdfloral/default/en_US/Magento_Catalog/images/product/placeholder/image.jpg,image.jpg,,,Harv800,image.jpg,
Vintage Garden 4' Mini Berry Garland,FG158VG,,,In Stock,,,,,,3,8.95,6,7.99,,,3,Harv400,,https://www.whdfloral.com/pub/media/catalog/product/cache/eb1d1c8c826264debaf8e1ff7e9c3bba/f/g/fg158vg_2.jpg,fg158vg_2.jpg,,,Harv800,fg158vg_2.jpg,
Americana Mini Berry 4 ft Garland,FG158A,,,In Stock,,,,,,3,8.95,6,7.99,,,3,Harv400,,https://www.whdfloral.com/pub/media/catalog/product/cache/eb1d1c8c826264debaf8e1ff7e9c3bba/f/g/fg158a_3.jpg,fg158a_3.jpg,,,Harv800,fg158a_3.jpg,
Blue & Yellow Mini Berry 4 Ft Garland,FG158BLY,,,In Stock,,,,,,3,8.99,6,7.99,,,3,Harv400,,https://www.whdfloral.com/pub/media/catalog/product/cache/eb1d1c8c826264debaf8e1ff7e9c3bba/f/g/fg158bly_2.jpg,fg158bly_2.jpg,,,Harv800,fg158bly_2.jpg,
Winter Snowman w/ 4 LED Lights 16inx24in,TN147,,,Out Of Stock,,,,,,1,13.99,12,12.99,,,1,Harv400,,https://www.whdfloral.com/pub/media/catalog/product/cache/eb1d1c8c826264debaf8e1ff7e9c3bba/t/n/tn147_1.jpg,tn147_1.jpg,,,Harv800,tn147_1.jpg,
"Santa/Snowman 3"" Metal Heart 4/Asst",AS11,,,In Stock,,,,,,24,1.99,48,1.75,,,24,Harv400,,https://www.whdfloral.com/pub/media/catalog/product/cache/eb1d1c8c826264debaf8e1ff7e9c3bba/a/s/as11_3.jpg,as11_3.jpg,,,Harv800,as11_3.jpg,
"Red/Mixed Sled Ornament 4"" 6/Asst",AS19,,,In Stock,,,,,,24,1.99,,,,,24,Harv400,,https://www.whdfloral.com/pub/media/catalog/product/cache/eb1d1c8c826264debaf8e1ff7e9c3bba/a/s/as19_4.jpg,as19_4.jpg,,,Harv800,as19_4.jpg,
"Santa/Snowman 3"" Wooden Boot 4/Asst",AS7,,,In Stock,,,,,,24,1.99,48,1.75,,,24,Harv400,,https://www.whdfloral.com/pub/media/catalog/product/cache/eb1d1c8c826264debaf8e1ff7e9c3bba/a/s/as7_4.jpg,as7_4.jpg,,,Harv800,as7_4.jpg,
"Santa/ Snowman 3""Metal Star 4-Asst",AS9,,,In Stock,,,,,,24,1.99,48,1.75,,,24,Harv400,,https://www.whdfloral.com/pub/media/catalog/product/cache/eb1d1c8c826264debaf8e1ff7e9c3bba/a/s/as9_4.jpg,as9_4.jpg,,,Harv800,as9_4.jpg,
White barn w/ 4 LED Lights 16inx24in,TN112,,,In Stock,,,,,,4,12.99,12,11.99,,,4,Harv400,,https://www.whdfloral.com/pub/media/catalog/product/cache/eb1d1c8c826264debaf8e1ff7e9c3bba/t/n/tn112_2.jpg,tn112_2.jpg,,,Harv800,tn112_2.jpg,
Country Barn w/ 4 LED Lights 16x16in,TN130,,,In Stock,,,,,,4,10.99,12,9.99,,,4,Harv400,,https://www.whdfloral.com/pub/media/catalog/product/cache/eb1d1c8c826264debaf8e1ff7e9c3bba/t/n/tn130_1.jpg,tn130_1.jpg,,,Harv800,tn130_1.jpg,
Holiday Deer w/ 4 LED Lights 16inx24in,TN146,,,In Stock,,,,,,4,13.99,12,12.99,,,4,Harv400,,https://www.whdfloral.com/pub/media/catalog/product/cache/eb1d1c8c826264debaf8e1ff7e9c3bba/t/n/tn146_1.jpg,tn146_1.jpg,,,Harv800,tn146_1.jpg,
Christmas Lane w/ 4 LED Lights 16inx24in,TN148,,,In Stock,,,,,,4,13.99,12,12.99,,,4,Harv400,,https://www.whdfloral.com/pub/media/catalog/product/cache/eb1d1c8c826264debaf8e1ff7e9c3bba/t/n/tn148_1.jpg,tn148_1.jpg,,,Harv800,tn148_1.jpg,
"Wax Melter 15 Watt Bulb, 4/Pkg",YT111,,,In Stock,,,,,,12,1.99,,,,,12,Harv400,,https://www.whdfloral.com/pub/media/catalog/product/cache/eb1d1c8c826264debaf8e1ff7e9c3bba/d/s/dsc_0558.jpg,dsc_0558.jpg,,,Harv800,dsc_0558.jpg,
Santa Canvas Jar w/ 4 LED's 5x8in,TN86,,,Out Of Stock,,,,,,1,7.99,48,6.99,,,1,Harv400,,https://www.whdfloral.com/pub/media/catalog/product/cache/eb1d1c8c826264debaf8e1ff7e9c3bba/t/n/tn86.jpg,tn86.jpg,,,Harv800,tn86.jpg,
Classic Red Black Mixed Berry 4 Ft Garland,CQ968CRBK,,,In Stock,,,,,,3,9.50,6,8.99,,,3,Harv400,,https://www.whdfloral.com/pub/media/catalog/product/cache/eb1d1c8c826264debaf8e1ff7e9c3bba/c/q/cq968crbk_1.jpg,cq968crbk_1.jpg,,,Harv800,cq968crbk_1.jpg,
Classic Red Black Mini Berry 4 ft Garland,FG158CRBK,,,In Stock,,,,,,3,8.95,6,7.99,,,3,Harv400,,https://www.whdfloral.com/pub/media/catalog/product/cache/eb1d1c8c826264debaf8e1ff7e9c3bba/f/g/fg158crbk_2.jpg,fg158crbk_2.jpg,,,Harv800,fg158crbk_2.jpg,
Farmers Pride w/ 4 LED Lights 16in x16in,TN103,,,In Stock,,,,,,4,10.99,12,9.99,,,4,Harv400,,https://www.whdfloral.com/pub/media/catalog/product/cache/eb1d1c8c826264debaf8e1ff7e9c3bba/t/n/tn103_2.jpg,tn103_2.jpg,,,Harv800,tn103_2.jpg,
"Santa/Snowman 4"" Wooden Winter Sled 6/Asst",AS21,,,In Stock,,,,,,24,2.50,48,2.25,,,24,Harv400,,https://www.whdfloral.com/pub/media/catalog/product/cache/eb1d1c8c826264debaf8e1ff7e9c3bba/a/s/as21_3.jpg,as21_3.jpg,,,Harv800,as21_3.jpg,
Gnome Wagon Canvas Print w/ 4 LED's 12x16in,TN76,,,In Stock,,,,,,4,13.99,16,12.99,,,4,Harv400,,https://www.whdfloral.com/pub/media/catalog/product/cache/eb1d1c8c826264debaf8e1ff7e9c3bba/t/n/tn76.jpg,tn76.jpg,,,Harv800,tn76.jpg,
City Streets Canvas Print w/ 4 LED's 16x24in,TN90,,,In Stock,,,,,,4,15.99,12,14.99,,,4,Harv400,,https://www.whdfloral.com/pub/media/catalog/product/cache/eb1d1c8c826264debaf8e1ff7e9c3bba/t/n/tn90.jpg,tn90.jpg,,,Harv800,tn90.jpg,
Classic Red Green Cream Mixed Berry 4 Ft Garland,CQ968CRGC,,,In Stock,,,,,,3,9.50,6,8.99,,,3,Harv400,,https://www.whdfloral.com/pub/media/catalog/product/cache/eb1d1c8c826264debaf8e1ff7e9c3bba/c/q/cq968crgc_2.jpg,cq968crgc_2.jpg,,,Harv800,cq968crgc_2.jpg,
Be Thankful Round Canvas Print w/ 4 LED's 16x16in,TN73,,,In Stock,,,,,,4,14.99,12,13.99,,,4,Harv400,,https://www.whdfloral.com/pub/media/catalog/product/cache/eb1d1c8c826264debaf8e1ff7e9c3bba/t/n/tn73.jpg,tn73.jpg,,,Harv800,tn73.jpg,
Burgundy 7in Willow Tree,BG30821-4,,,In Stock,,,,,,8,2.75,24,2.50,,,8,Harv400,,https://www.whdfloral.com/pub/media/catalog/product/cache/eb1d1c8c826264debaf8e1ff7e9c3bba/b/g/bg30821-4_3.jpg,bg30821-4_3.jpg,,,Harv800,bg30821-4_3.jpg,
Burgundy 24in Willow Tree,BG30824-4,,,In Stock,,,,,,3,12.50,9,11.25,,,3,Harv400,,https://www.whdfloral.com/pub/media/catalog/product/cache/eb1d1c8c826264debaf8e1ff7e9c3bba/b/g/bg30824-4_2.jpg,bg30824-4_2.jpg,,,Harv800,bg30824-4_2.jpg,
"Merry Christmas Holiday 2/4""Pot Covers 9.6D X 4.7H 3/asst",CQ608,,,In Stock,,,,,,3,14.99,,,,,3,Harv400,,https://www.whdfloral.com/pub/media/catalog/product/cache/eb1d1c8c826264debaf8e1ff7e9c3bba/c/q/cq608_3.jpg,cq608_3.jpg,,,Harv800,cq608_3.jpg,
"Pumpkin Pickin Pails Set of 4 - 10,9,8 and 6in",SD92,,,Out Of Stock,,,,,,1,32.99,4,31.99,,,1,Harv400,,https://www.whdfloral.com/pub/media/catalog/product/cache/eb1d1c8c826264debaf8e1ff7e9c3bba/s/d/sd92_1.jpg,sd92_1.jpg,,,Harv800,sd92_1.jpg,
Dandelion Coasters 4in Set of 4,TF119,,,In Stock,,,,,,3,7.99,12,6.99,,,3,Harv400,,https://www.whdfloral.com/pub/static/frontend/Whdfloral/default/en_US/Magento_Catalog/images/product/placeholder/image.jpg,image.jpg,,,Harv800,image.jpg,
"Tree Display w/72pcs Santa/Snowman 3"" Wooden Boot 4/Asst",AS6,,,In Stock,,,,,,1,125.00,6,10.99,,,1,Harv400,,https://www.whdfloral.com/pub/media/catalog/product/cache/eb1d1c8c826264debaf8e1ff7e9c3bba/a/s/as6_1_2.jpg,as6_1_2.jpg,,,Harv800,as6_1_2.jpg,
Black 24in Willow Tree,BG30824,,,In Stock,,,,,,3,12.50,9,11.25,,,3,Harv400,,https://www.whdfloral.com/pub/media/catalog/product/cache/eb1d1c8c826264debaf8e1ff7e9c3bba/b/g/bg30824_2.jpg,bg30824_2.jpg,,,Harv800,bg30824_2.jpg,
Black 7in Willow Tree,BG30821,,,In Stock,,,,,,8,2.75,24,2.50,,,8,Harv400,,https://www.whdfloral.com/pub/media/catalog/product/cache/eb1d1c8c826264debaf8e1ff7e9c3bba/b/g/bg30821_3.jpg,bg30821_3.jpg,,,Harv800,bg30821_3.jpg,
"Live, Love, Laugh Wooden Sign Asst of 3",AS100,,,In Stock,,,,,,3,3.50,,,,,3,Harv400,,https://www.whdfloral.com/pub/media/catalog/product/cache/eb1d1c8c826264debaf8e1ff7e9c3bba/a/s/as100_2__1.jpg,as100_2__1.jpg,,,Harv800,as100_2__1.jpg,
Bumpy Words LIVE 3ast 4.5in,AS105,,,In Stock,,,,,,3,3.50,6,3.25,,,3,Harv400,,https://www.whdfloral.com/pub/media/catalog/product/cache/eb1d1c8c826264debaf8e1ff7e9c3bba/a/s/as105_3.jpg,as105_3.jpg,,,Harv800,as105_3.jpg,
Bumpy Words HOPE PINK 4.5in,AS117,,,In Stock,,,,,,3,3.50,,,,,3,Harv400,,https://www.whdfloral.com/pub/media/catalog/product/cache/eb1d1c8c826264debaf8e1ff7e9c3bba/a/s/as117_2.jpg,as117_2.jpg,,,Harv800,as117_2.jpg,
Bumpy Star Large 7in Jar 4ast,AS127,,,Out Of Stock,,,,,,1,4.99,16,4.50,,,1,Harv400,,https://www.whdfloral.com/pub/media/catalog/product/cache/eb1d1c8c826264debaf8e1ff7e9c3bba/a/s/as127_1.jpg,as127_1.jpg,,,Harv800,as127_1.jpg,
White Hydrangea Pick 13in,BB161,,,Out Of Stock,,,,,,1,4.50,,,,,1,Harv400,,https://www.whdfloral.com/pub/media/catalog/product/cache/eb1d1c8c826264debaf8e1ff7e9c3bba/b/b/bb161_3.jpg,bb161_3.jpg,,,Harv800,bb161_3.jpg,
Royal Splendor 4.5in Candle Ring,BG1002,,,In Stock,,,,,,6,6.75,36,6.25,,,6,Harv400,,https://www.whdfloral.com/pub/media/catalog/product/cache/eb1d1c8c826264debaf8e1ff7e9c3bba/b/g/bg1002.jpg,bg1002.jpg,,,Harv800,bg1002.jpg,
Winter Frost 2.5in Candle Ring,BG1021,,,In Stock,,,,,,12,3.25,24,2.99,,,12,Harv400,,https://www.whdfloral.com/pub/media/catalog/product/cache/eb1d1c8c826264debaf8e1ff7e9c3bba/b/g/bg1021_2.jpg,bg1021_2.jpg,,,Harv800,bg1021_2.jpg,
Sunflower Splendor 6.5in C-Ring,BG1313,,,Out Of Stock,,,,,,1,9.25,36,8.50,,,1,Harv400,,https://www.whdfloral.com/pub/media/catalog/product/cache/eb1d1c8c826264debaf8e1ff7e9c3bba/b/g/bg1312_2.5in_bg1313_6.5in_1.jpg,bg1312_2.5in_bg1313_6.5in_1.jpg,,,Harv800,bg1312_2.5in_bg1313_6.5in_1.jpg,
Farm Splendor 18in Pick,BG1365,,,In Stock,,,,,,12,6.75,36,5.99,,,12,Harv400,,https://www.whdfloral.com/pub/media/catalog/product/cache/eb1d1c8c826264debaf8e1ff7e9c3bba/b/g/bg1365_3.jpg,bg1365_3.jpg,,,Harv800,bg1365_3.jpg,
Jimmy 12in,BG1382,,,In Stock,,,,,,4,14.99,12,13.99,,,4,Harv400,,https://www.whdfloral.com/pub/media/catalog/product/cache/eb1d1c8c826264debaf8e1ff7e9c3bba/b/g/bg1382_2.jpg,bg1382_2.jpg,,,Harv800,bg1382_2.jpg,
Spring Garden Wreaths,BG1434,,,In Stock,,,,,,1,28.99,3,26.99,,,1,Harv400,,https://www.whdfloral.com/pub/media/catalog/product/cache/eb1d1c8c826264debaf8e1ff7e9c3bba/b/g/bg1434.jpg,bg1434.jpg,,,Harv800,bg1434.jpg,
Fields of Summergrass 2.5in C-Ring,BG4121,,,In Stock,,,,,,12,2.99,24,2.75,,,12,Harv400,,https://www.whdfloral.com/pub/media/catalog/product/cache/eb1d1c8c826264debaf8e1ff7e9c3bba/b/g/bg4121_bg4122.jpg,bg4121_bg4122.jpg,,,Harv800,bg4121_bg4122.jpg,
Fall Boxwood 2.5in C-Ring,BG561,,,In Stock,,,,,,12,2.50,24,2.25,,,12,Harv400,,https://www.whdfloral.com/pub/media/catalog/product/cache/eb1d1c8c826264debaf8e1ff7e9c3bba/b/g/bg561_3.jpg,bg561_3.jpg,,,Harv800,bg561_3.jpg,
Fall Boxwood 4.5in C-Ring,BG562,,,In Stock,,,,,,6,4.50,12,4.25,,,6,Harv400,,https://www.whdfloral.com/pub/media/catalog/product/cache/eb1d1c8c826264debaf8e1ff7e9c3bba/b/g/bg562_3.jpg,bg562_3.jpg,,,Harv800,bg562_3.jpg,
Poppy Garden 28in Swag,BG646,,,Out Of Stock,,,,,,1,11.99,6,10.99,,,1,Harv400,,https://www.whdfloral.com/pub/media/catalog/product/cache/eb1d1c8c826264debaf8e1ff7e9c3bba/b/g/bg646_grdnpop_swag.jpg,bg646_grdnpop_swag.jpg,,,Harv800,bg646_grdnpop_swag.jpg,
Flopsy 21in Bunny,BG787,,,In Stock,,,,,,2,13.50,12,12.50,,,2,Harv400,,https://www.whdfloral.com/pub/media/catalog/product/cache/eb1d1c8c826264debaf8e1ff7e9c3bba/b/g/bg787_1.jpg,bg787_1.jpg,,,Harv800,bg787_1.jpg,
Ziggy 24in Bunny,BG791,,,In Stock,,,,,,3,13.50,12,12.50,,,3,Harv400,,https://www.whdfloral.com/pub/media/catalog/product/cache/eb1d1c8c826264debaf8e1ff7e9c3bba/b/g/bg791_1.jpg,bg791_1.jpg,,,Harv800,bg791_1.jpg,
Bumpy White Moving Flame LED Candle 3in by 6in,CQ111,,,In Stock,,,,,,6,8.75,24,7.99,,,6,Harv400,,https://www.whdfloral.com/pub/media/catalog/product/cache/eb1d1c8c826264debaf8e1ff7e9c3bba/c/q/cq111_1.jpg,cq111_1.jpg,,,Harv800,cq111_1.jpg,
