Grapevine Pumpkin Pick - 9 in long,FFQ25729,,,Rick Stuart,"""Arriving Later This Year, Preorder Now!""",,,,,24,3.59,48,3.29,96,2.99,24,WingTai400,WingTai160,https://www.wtcollectionshowroom.com/store/media/FFQ25729.jpg,FFQ25729.jpg,,,WingTai800,FFQ25729.jpg
Set of 2 Black Handle Diamond-Pattern Trays - 24.75 x 15.3 x 3 in (large) / 20 x 12.9 x 2.9 in (small),WAF34662-2S,,,Rick Stuart,"""Arriving Later This Year, Preorder Now!""",,,,,2,49.99,4,43.99,8,39.99,2,WingTai400,WingTai160,https://www.wtcollectionshowroom.com/store/media/WAF34662-2S.jpg,WAF34662-2S.jpg,,,WingTai800,WAF34662-2S.jpg
Simple Pinecone Large Pick - 18 in,FXQ26705B-18,,,Rick Stuart,"""Arriving Later This Year, Preorder Now!""",,,,,12,3.95,60,3.65,120,3.35,12,WingTai400,WingTai160,https://www.wtcollectionshowroom.com/store/media/FXQ26705B-18.jpg,FXQ26705B-18.jpg,,,WingTai800,FXQ26705B-18.jpg
Set of 6 Metal Flowers - 2.9 in,MAD94132-6S,,,Rick Stuart,"""Arriving Later This Year, Preorder Now!""",,,,,12,3.95,36,3.45,72,3.25,12,WingTai400,WingTai160,https://www.wtcollectionshowroom.com/store/media/MAD94132-6S.jpg,MAD94132-6S.jpg,,,WingTai800,MAD94132-6S.jpg
Natural Cattails Pick - 18 x 0.5 x 3 in,FAQ34817B,,,Rick Stuart,"""Arriving Later This Year, Preorder Now!""",,,,,24,2.75,72,2.45,144,2.25,24,WingTai400,WingTai160,https://www.wtcollectionshowroom.com/store/media/FAQ34817B.jpg,FAQ34817B.jpg,,,WingTai800,FAQ34817B.jpg
Felt Feet Furry Little Chick - 5.5 x 4.5 x 5.75 in,TDA87297,,,Rick Stuart,In Stock,,,,,6,5.35,48,4.75,96,4.35,6,WingTai400,WingTai160,https://www.wtcollectionshowroom.com/store/media/TDA87297.jpg,TDA87297.jpg,,,WingTai800,TDA87297.jpg
Set of 2 Distressed Round Wall Shelves - 18.5 x 18.5 x 4.75 in (large) / 14.5 x 14.5 x 4.33 in (small),WAF34805-2S,,,Rick Stuart,"""Arriving Later This Year, Preorder Now!""",,,,,2,69.99,4,59.99,6,56.99,2,WingTai400,WingTai160,https://www.wtcollectionshowroom.com/store/media/WAF34805-2S.jpg,WAF34805-2S.jpg,,,WingTai800,WAF34805-2S.jpg
Set of 2 Black & Tan Flower Circle Wall Hangers - 6.9 x 0.4 x 18.11 in each,WAF34754-2S,,,Rick Stuart,"""Arriving Later This Year, Preorder Now!""",,,,,4,10.99,12,9.99,24,9.29,4,WingTai400,WingTai160,https://www.wtcollectionshowroom.com/store/media/WAF34754-2S.jpg,WAF34754-2S.jpg,,,WingTai800,WAF34754-2S.jpg
Natural Beargrass Stem Pick - 20 x 0.5 x 3 in,FAQ34810B,,,Rick Stuart,"""Arriving Later This Year, Preorder Now!""",,,,,24,3.25,72,2.85,144,2.65,24,WingTai400,WingTai160,https://www.wtcollectionshowroom.com/store/media/FAQ34810B.jpg,FAQ34810B.jpg,,,WingTai800,FAQ34810B.jpg
White Together Jar - 4.25 x 5.79 in,GAQ07774,,,Rick Stuart,"""Arriving Later This Year, Preorder Now!""",,,,,6,5.99,12,5.29,24,4.99,6,WingTai400,WingTai160,https://www.wtcollectionshowroom.com/store/media/GAQ07774.png,GAQ07774.png,,,WingTai800,GAQ07774.png
Flower Embossed Wall Pocket - 10.2 x 6.2 x 10.7 in (lg) / 8.4 x 4.3 x 8.5 in (sm),MAF24621-2S,,,Rick Stuart,In Stock,,,,,2,21.95,6,19.95,12,17.95,2,WingTai400,WingTai160,https://www.wtcollectionshowroom.com/store/media/MAF24621-2s.jpg,MAF24621-2s.jpg,,,WingTai800,MAF24621-2s.jpg
Pumpkin Patch Open Daily Tag - 2 x 4 in,WFF25761,,,Rick Stuart,In Stock,,,,,12,1.99,24,1.79,48,1.59,12,WingTai400,WingTai160,https://www.wtcollectionshowroom.com/store/media/WFF25761.jpg,WFF25761.jpg,,,WingTai800,WFF25761.jpg
White Wood Bowl - 14 x 10 x 1.6 in,WAF34715WH,,,Rick Stuart,"""Arriving Later This Year, Preorder Now!""",,,,,5,14.95,10,12.95,20,11.95,5,WingTai400,WingTai160,https://www.wtcollectionshowroom.com/store/media/WAF34715WH.jpg,WAF34715WH.jpg,,,WingTai800,WAF34715WH.jpg
Norway Spruce Candle Ring - 4.5 in,FXQ26723CL,,,Rick Stuart,"""Arriving Later This Year, Preorder Now!""",,,,,12,3.99,36,3.69,72,3.39,12,WingTai400,WingTai160,https://www.wtcollectionshowroom.com/store/media/FXQ26723CL.jpg,FXQ26723CL.jpg,,,WingTai800,FXQ26723CL.jpg
Lillyleaf Stem Pick - 19 x 0.5 x 1 in,FAQ34819B,,,Rick Stuart,"""Arriving Later This Year, Preorder Now!""",,,,,24,2.25,72,1.95,144,1.85,24,WingTai400,WingTai160,https://www.wtcollectionshowroom.com/store/media/FAQ34819B.jpg,FAQ34819B.jpg,,,WingTai800,FAQ34819B.jpg
Black & White Chinaberry Pick - 12 in long,FAD34197B,,,Rick Stuart,"""Arriving Later This Year, Preorder Now!""",,,,,36,2.95,72,2.75,180,2.55,36,WingTai400,WingTai160,https://www.wtcollectionshowroom.com/store/media/FAD34197B.jpg,FAD34197B.jpg,,,WingTai800,FAD34197B.jpg
Whitewashed Art Nouveau Wall Hook Shelf - 23.6 x 4 x 4.33 in,WAF34625,,,Rick Stuart,"""Arriving Later This Year, Preorder Now!""",,,,,2,22.95,4,20.95,6,19.95,2,WingTai400,WingTai160,https://www.wtcollectionshowroom.com/store/media/WAF34625.jpg,WAF34625.jpg,,,WingTai800,WAF34625.jpg
Galvanized Round Lantern - 6.5 x 6.5 x 13.4 in,MAF34096,,,Rick Stuart,"""Arriving Later This Year, Preorder Now!""",,,,,4,15.95,8,13.95,12,12.95,4,WingTai400,WingTai160,https://www.wtcollectionshowroom.com/store/media/MAF34096.jpg,MAF34096.jpg,,,WingTai800,MAF34096.jpg
2 Assorted Black & White Crosses - 9 x 0.5 x 11 in,WAF34110-2A,,,Rick Stuart,"""Arriving Later This Year, Preorder Now!""",,,,,16,5.95,32,5.25,64,4.95,16,WingTai400,WingTai160,https://www.wtcollectionshowroom.com/store/media/WAF34110-2A.jpg,WAF34110-2A.jpg,,,WingTai800,WAF34110-2A.jpg
Relaxed Resin Bunny - 7.5 x 3.5 x 6.5,RAF34007,,,Rick Stuart,"""Arriving Later This Year, Preorder Now!""",,,,,4,11.99,12,10.99,24,9.99,4,WingTai400,WingTai160,https://www.wtcollectionshowroom.com/store/media/RAF34007.jpg,RAF34007.jpg,,,WingTai800,RAF34007.jpg
Little Antique White Resin Bird Standing - 4.25 x 2.75 x 3.75,RAF34009,,,Rick Stuart,"""Arriving Later This Year, Preorder Now!""",,,,,6,3.99,18,3.59,36,3.39,6,WingTai400,WingTai160,https://www.wtcollectionshowroom.com/store/media/RAF34009.jpg,RAF34009.jpg,,,WingTai800,RAF34009.jpg
Standing Resin Bunny - 4.5 x 3.25 x 10.25,RAF34008,,,Rick Stuart,"""Arriving Later This Year, Preorder Now!""",,,,,4,9.99,12,8.99,24,8.39,4,WingTai400,WingTai160,https://www.wtcollectionshowroom.com/store/media/RAF34008.jpg,RAF34008.jpg,,,WingTai800,RAF34008.jpg
Hello Sunshine Sunflower Glass Jar - 2 x 5 in,GAS34127,,,Rick Stuart,"""Arriving Later This Year, Preorder Now!""",,,,,6,3.59,18,3.19,36,2.99,6,WingTai400,WingTai160,https://www.wtcollectionshowroom.com/store/media/GAS34127.jpg,GAS34127.jpg,,,WingTai800,GAS34127.jpg
Large Hello Sunshine Sunflower Glass Jar - 3.25 x 6 in,GAS34128,,,Rick Stuart,"""Arriving Later This Year, Preorder Now!""",,,,,8,3.99,24,3.49,48,3.29,8,WingTai400,WingTai160,https://www.wtcollectionshowroom.com/store/media/GAS34128.jpg,GAS34128.jpg,,,WingTai800,GAS34128.jpg
Four Bundled Beaded Round Blocks - 4.33 x 4.33 x 1.75 in,WAF34681-4S,,,Rick Stuart,"""Arriving Later This Year, Preorder Now!""",,,,,4,7.95,10,6.95,20,6.45,4,WingTai400,WingTai160,https://www.wtcollectionshowroom.com/store/media/WAF34681-4S.jpg,WAF34681-4S.jpg,,,WingTai800,WAF34681-4S.jpg
Large Fresh Pine Christmas Tees Lodge Sign - 30 x 25 in,WXF26312,,,Rick Stuart,In Stock,,,,,2,34.95,4,31.95,8,28.95,2,WingTai400,WingTai160,https://www.wtcollectionshowroom.com/store/media/WXF26312.jpg,WXF26312.jpg,,,WingTai800,WXF26312.jpg
3 Assorted Black Coffee Tags - 2 x 4 in each,WAF34142-3A,,,Rick Stuart,"""Arriving Later This Year, Preorder Now!""",,,,,12,1.95,48,1.65,96,1.45,12,WingTai400,WingTai160,https://www.wtcollectionshowroom.com/store/media/WAF34142-3A.jpg,WAF34142-3A.jpg,,,WingTai800,WAF34142-3A.jpg
George Garden Gnome - 5 x 4.9 x 21 in,DAF34005,,,Rick Stuart,"""Arriving Later This Year, Preorder Now!""",,,,,4,12.95,12,11.95,24,10.95,4,WingTai400,WingTai160,https://www.wtcollectionshowroom.com/store/media/DAF34005.jpg,DAF34005.jpg,,,WingTai800,DAF34005.jpg
Ivory LED Pillar - 3 x 6 in,XBLU2201,,,Rick Stuart,In Stock,,,,,6,5.99,18,5.39,36,4.99,6,WingTai400,WingTai160,https://www.wtcollectionshowroom.com/store/media/XBLU2201.jpg,XBLU2201.jpg,,,WingTai800,XBLU2201.jpg
Rectangular White Wood Bowl - 24 x 10.2 x 2 in,WAF24778WH,,,Rick Stuart,"""Arriving Later This Year, Preorder Now!""",,,,,2,19.99,8,17.99,16,16.99,2,WingTai400,WingTai160,https://www.wtcollectionshowroom.com/store/media/WAF24778WH.jpg,WAF24778WH.jpg,,,WingTai800,WAF24778WH.jpg
Black-Eyed Susan Mini Candle Ring - 1.5 in diameter,FAQ34828CSS,,,Rick Stuart,"""Arriving Later This Year, Preorder Now!""",,,,,72,1.95,144,1.75,288,1.65,72,WingTai400,WingTai160,https://www.wtcollectionshowroom.com/store/media/FAQ34828CSS.jpg,FAQ34828CSS.jpg,,,WingTai800,FAQ34828CSS.jpg
Bee Kind Sign - 5.9 x 5.9 x 0.79 in,WAF34602,,,Rick Stuart,"""Arriving Later This Year, Preorder Now!""",,,,,4,5.95,20,5.25,40,4.95,4,WingTai400,WingTai160,https://www.wtcollectionshowroom.com/store/media/WAF34602.jpg,WAF34602.jpg,,,WingTai800,WAF34602.jpg
Glenn White Polka Dot Green Bunny Gnome - 7.1 x 5.1 x 16.5 in,DAF31901,,,Rick Stuart,"""Arriving Later This Year, Preorder Now!""",,,,,4,11.95,12,10.95,24,9.95,4,WingTai400,WingTai160,https://www.wtcollectionshowroom.com/store/media/DAF31901.jpg,DAF31901.jpg,,,WingTai800,DAF31901.jpg
2 Assorted Blue & Green Hat Gnomes - 3.3 x 3 x 7.1 in,PAF24753-2A,,,Rick Stuart,In Stock,,,,,4,5.95,16,5.25,32,4.95,4,WingTai400,WingTai160,https://www.wtcollectionshowroom.com/store/media/PAF24753-2A.jpg,PAF24753-2A.jpg,,,WingTai800,PAF24753-2A.jpg
Olson Medium Plush Owl - 4 x 3 x 11.5 in,DAF34001,,,Rick Stuart,"""Arriving Later This Year, Preorder Now!""",,,,,6,8.95,12,7.95,24,7.35,6,WingTai400,WingTai160,https://www.wtcollectionshowroom.com/store/media/DAF34001.jpg,DAF34001.jpg,,,WingTai800,DAF34001.jpg
Fresh Brewed Round Coffee Sign - 16.54 x 0.6 x 16.54 in,WAF34048,,,Rick Stuart,"""Arriving Later This Year, Preorder Now!""",,,,,6,15.95,12,13.95,24,12.95,6,WingTai400,WingTai160,https://www.wtcollectionshowroom.com/store/media/WAF34048.jpg,WAF34048.jpg,,,WingTai800,WAF34048.jpg
Natural Wood Triple Beaded Tray - 12 x 23 in,WAF34804,,,Rick Stuart,"""Arriving Later This Year, Preorder Now!""",,,,,2,32.95,4,28.95,6,27.95,2,WingTai400,WingTai160,https://www.wtcollectionshowroom.com/store/media/WAF34804.jpg,WAF34804.jpg,,,WingTai800,WAF34804.jpg
White Carved Round Art Nouveau Stand - 11.8 x 11.8 x 14.5 in,WAF34808,,,Rick Stuart,"""Arriving Later This Year, Preorder Now!""",,,,,6,15.99,12,14.99,24,13.99,6,WingTai400,WingTai160,https://www.wtcollectionshowroom.com/store/media/WAF34808.jpg,WAF34808.jpg,,,WingTai800,WAF34808.jpg
3 Assorted White Wine Tea Towels - 9 x 13 in,DAQ34192WH-3A,,,Rick Stuart,"""Arriving Later This Year, Preorder Now!""",,,,,12,4.99,36,4.39,60,4.19,12,WingTai400,WingTai160,https://www.wtcollectionshowroom.com/store/media/DAQ34192WH-3A.jpg,DAQ34192WH-3A.jpg,,,WingTai800,DAQ34192WH-3A.jpg
Set of 2 Black and White Metal Stars - 8.7 x 1.25 x 8.3 in (large) / 6.3 x 0.9 x 5.7 in (small),MAF34063-2S,,,Rick Stuart,"""Arriving Later This Year, Preorder Now!""",,,,,6,7.95,12,6.95,24,6.45,6,WingTai400,WingTai160,https://www.wtcollectionshowroom.com/store/media/MAF34063-2S.jpg,MAF34063-2S.jpg,,,WingTai800,MAF34063-2S.jpg
Set of 6 Small Brown Paper Eggs - 1.75 x 1.25 in,FAQ11351-S6,,,Rick Stuart,In Stock,,,,,12,1.95,60,1.75,120,1.65,12,WingTai400,WingTai160,https://www.wtcollectionshowroom.com/store/media/FAQ11351-S6.jpg,FAQ11351-S6.jpg,,,WingTai800,FAQ11351-S6.jpg
Turret-Style Birdhouse - 6.7 x 12.6 in,MAF24636,,,Rick Stuart,"""Arriving Later This Year, Preorder Now!""",,,,,3,16.95,6,14.95,12,13.95,3,WingTai400,WingTai160,https://www.wtcollectionshowroom.com/store/media/MAF24636.png,MAF24636.png,,,WingTai800,MAF24636.png
Locally Grown Sunflowers Pillow - 6.25 x 6.25 in,DAQ34131,,,Rick Stuart,"""Arriving Later This Year, Preorder Now!""",,,,,12,4.95,48,4.65,96,4.35,12,WingTai400,WingTai160,https://www.wtcollectionshowroom.com/store/media/DAQ34131.jpg,DAQ34131.jpg,,,WingTai800,DAQ34131.jpg
Flower on Home Block - 4.13 x 1 x 7.3 in,WAF34088,,,Rick Stuart,"""Arriving Later This Year, Preorder Now!""",,,,,4,10.95,16,9.95,32,9.25,4,WingTai400,WingTai160,https://www.wtcollectionshowroom.com/store/media/WAF34088.jpg,WAF34088.jpg,,,WingTai800,WAF34088.jpg
White Feather Reed Bunch - 17 in long,FAQ34227B,,,Rick Stuart,"""Arriving Later This Year, Preorder Now!""",,,,,8,4.95,40,4.35,80,3.95,8,WingTai400,WingTai160,https://www.wtcollectionshowroom.com/store/media/FAQ34227B.jpg,FAQ34227B.jpg,,,WingTai800,FAQ34227B.jpg
2 Assorted Green & Cream Resin Chickadees - 3.75 x 2.25 x 2.75 in / 3.5 x 2.25 x 3 in,RAF34013-2A,,,Rick Stuart,"""Arriving Later This Year, Preorder Now!""",,,,,12,3.99,36,3.59,72,3.29,12,WingTai400,WingTai160,https://www.wtcollectionshowroom.com/store/media/RAF34013-2A.jpg,RAF34013-2A.jpg,,,WingTai800,RAF34013-2A.jpg
Resin Chickadee - 6 x 3.25 x 3.5 in,RAF24102,,,Rick Stuart,In Stock,,,,,4,6.95,12,6.15,24,5.75,4,WingTai400,WingTai160,https://www.wtcollectionshowroom.com/store/media/RAF24102.jpg,RAF24102.jpg,,,WingTai800,RAF24102.jpg
Set of 2 Americana Blocks - 9.85 x 2.95 x 1 in (red white blue) / 7.9 x 2.95 x 1 in (star block),WAF34651-2S,,,Rick Stuart,"""Arriving Later This Year, Preorder Now!""",,,,,5,8.99,10,7.99,20,7.49,5,WingTai400,WingTai160,https://www.wtcollectionshowroom.com/store/media/WAF34651-2S.jpg,WAF34651-2S.jpg,,,WingTai800,WAF34651-2S.jpg
Medium Thick Cinnamon LED Pillar - 3.5 x 7.75 in,LAS34137,,,Rick Stuart,"""Arriving Later This Year, Preorder Now!""",,,,,4,12.99,12,11.99,24,10.99,4,WingTai400,WingTai160,https://www.wtcollectionshowroom.com/store/media/LAS34137.jpg,LAS34137.jpg,,,WingTai800,LAS34137.jpg
Sorghum Pick - 32 in long,FAQ34795B-32,,,Rick Stuart,"""Arriving Later This Year, Preorder Now!""",,,,,32,2.95,64,2.65,128,2.45,32,WingTai400,WingTai160,https://www.wtcollectionshowroom.com/store/media/FAQ34795B-32.jpg,FAQ34795B-32.jpg,,,WingTai800,FAQ34795B-32.jpg
Upright Standing Cream Resin Bunny - 5.1 x 3.25 x 8.1 in,RAF24036,,,Rick Stuart,"""Arriving Later This Year, Preorder Now!""",,,,,6,8.55,18,7.55,36,6.95,6,WingTai400,WingTai160,https://www.wtcollectionshowroom.com/store/media/RAF24036.jpg,RAF24036.jpg,,,WingTai800,RAF24036.jpg
Small Porcelain Bunny - 3.1 x 1.5 x 3.5 in,RAF24037,,,Rick Stuart,"""Arriving Later This Year, Preorder Now!""",,,,,6,2.95,18,2.65,36,2.45,6,WingTai400,WingTai160,https://www.wtcollectionshowroom.com/store/media/RAF24037.jpg,RAF24037.jpg,,,WingTai800,RAF24037.jpg
Tall Green Hat Resin Gnome - 5.31 x 2.17 x 6.42 in,RAF24034,,,Rick Stuart,"""Arriving Later This Year, Preorder Now!""",,,,,9,4.75,18,4.15,36,3.95,9,WingTai400,WingTai160,https://www.wtcollectionshowroom.com/store/media/RAF24034.jpg,RAF24034.jpg,,,WingTai800,RAF24034.jpg
Large Porcelain Bunny - 3.75 x 2.1 x 5 in,RAF24038,,,Rick Stuart,"""Arriving Later This Year, Preorder Now!""",,,,,4,3.95,12,3.45,24,3.25,4,WingTai400,WingTai160,https://www.wtcollectionshowroom.com/store/media/RAF24038.jpg,RAF24038.jpg,,,WingTai800,RAF24038.jpg
Cutting Board - 11 x 14 x 0.75,WAF34648,,,Rick Stuart,"""Arriving Later This Year, Preorder Now!""",,,,,4,8.99,8,7.99,16,7.39,4,WingTai400,WingTai160,https://www.wtcollectionshowroom.com/store/media/WAF34648.jpg,WAF34648.jpg,,,WingTai800,WAF34648.jpg
Set of 2 Harvest Blessings Ear Handle Buckets - 11.25 x 9.25 in (lg) / 10.25 x 7.66 in (sm),MFF12322-S2,,,Rick Stuart,,,,,,2,42.99,4,38.99,8,35.99,2,WingTai400,WingTai160,https://www.wtcollectionshowroom.com/store/media/MFF12322-S2.jpg,MFF12322-S2.jpg,,,WingTai800,MFF12322-S2.jpg
Hello Pumpkin Tag - 2 x 4 in,WFF25760,,,Rick Stuart,In Stock,,,,,12,1.99,24,1.79,48,1.59,12,WingTai400,WingTai160,https://www.wtcollectionshowroom.com/store/media/WFF25760.jpg,WFF25760.jpg,,,WingTai800,WFF25760.jpg
Short Cinnamon LED Votive - 2 x 4 in,LAS34139,,,Rick Stuart,"""Arriving Later This Year, Preorder Now!""",,,,,24,4.99,48,4.59,72,4.29,24,WingTai400,WingTai160,https://www.wtcollectionshowroom.com/store/media/LAS34139.jpg,LAS34139.jpg,,,WingTai800,LAS34139.jpg
Buttercup Bunch - 17 in long,FAQ34798B-17,,,Rick Stuart,"""Arriving Later This Year, Preorder Now!""",,,,,12,8.99,36,7.99,60,7.49,12,WingTai400,WingTai160,https://www.wtcollectionshowroom.com/store/media/FAQ34798B-17.jpg,FAQ34798B-17.jpg,,,WingTai800,FAQ34798B-17.jpg
Green & Pink Carrot Bundle - 4 x 4 x 13.5 in,DAF31902,,,Rick Stuart,"""Arriving Later This Year, Preorder Now!""",,,,,6,5.99,24,5.29,48,4.99,6,WingTai400,WingTai160,https://www.wtcollectionshowroom.com/store/media/DAF31902.jpg,DAF31902.jpg,,,WingTai800,DAF31902.jpg
Gallagher White Hat Gnome - 4 x 3.5 x 7.9 in,DAF31907,,,Rick Stuart,"""Arriving Later This Year, Preorder Now!""",,,,,6,6.99,12,6.19,24,5.79,6,WingTai400,WingTai160,https://www.wtcollectionshowroom.com/store/media/DAF31907.jpg,DAF31907.jpg,,,WingTai800,DAF31907.jpg
Greg Gray Hat Daisy Gnome - 18.9 x 8.66 x 14 in,DAF31904,,,Rick Stuart,"""Arriving Later This Year, Preorder Now!""",,,,,4,9.99,8,8.99,16,8.39,4,WingTai400,WingTai160,https://www.wtcollectionshowroom.com/store/media/DAF31904.jpg,DAF31904.jpg,,,WingTai800,DAF31904.jpg
Larry the Llama - 6.75 x 3.25 x 8.25 in,DAF31905,,,Rick Stuart,"""Arriving Later This Year, Preorder Now!""",,,,,6,9.95,24,8.95,48,7.95,6,WingTai400,WingTai160,https://www.wtcollectionshowroom.com/store/media/DAF31905.jpg,DAF31905.jpg,,,WingTai800,DAF31905.jpg
Tall Window Frame - 15.75 x 0.8 x 36 in,WAF34187,,,Rick Stuart,"""Arriving Later This Year, Preorder Now!""",,,,,2,44.99,4,39.99,6,37.99,2,WingTai400,WingTai160,https://www.wtcollectionshowroom.com/store/media/WAF34187.jpg,WAF34187.jpg,,,WingTai800,WAF34187.jpg
Galloway Blond Beard Gnome - 4 x 3.5 x 9.5 in,DAF31908,,,Rick Stuart,"""Arriving Later This Year, Preorder Now!""",,,,,6,6.95,12,6.15,24,5.75,6,WingTai400,WingTai160,https://www.wtcollectionshowroom.com/store/media/DAF31908.jpg,DAF31908.jpg,,,WingTai800,DAF31908.jpg
Gardner Big Ear Bunny Gnome - 4.75 x 4.75 x 15 in,DAF31909,,,Rick Stuart,"""Arriving Later This Year, Preorder Now!""",,,,,4,12.95,12,11.95,24,10.95,4,WingTai400,WingTai160,https://www.wtcollectionshowroom.com/store/media/DAF31909.jpg,DAF31909.jpg,,,WingTai800,DAF31909.jpg
Stained Wood Bowl - 13.5 x 5.9 x 2.7 in,WAF34718ST,,,Rick Stuart,"""Arriving Later This Year, Preorder Now!""",,,,,5,10.99,15,9.99,30,9.29,5,WingTai400,WingTai160,https://www.wtcollectionshowroom.com/store/media/WAF34718ST.jpg,WAF34718ST.jpg,,,WingTai800,WAF34718ST.jpg
Autumn Breeze Wreath - 10 in diameter / 22 in fluffed,FFQ25813W,,,Rick Stuart,"""Arriving Later This Year, Preorder Now!""",,,,,2,29.99,8,27.99,16,25.99,2,WingTai400,WingTai160,https://www.wtcollectionshowroom.com/store/media/FFQ25813W.jpg,FFQ25813W.jpg,,,WingTai800,FFQ25813W.jpg
Friends and Family LED Pillar - 3 x 6 in,LAS07222T,,,Rick Stuart,"""Arriving Later This Year, Preorder Now!""",,,,,6,9.55,12,8.45,24,7.95,6,WingTai400,WingTai160,https://www.wtcollectionshowroom.com/store/media/LAS07222T.png,LAS07222T.png,,,WingTai800,LAS07222T.png
3 Assorted Green Plant Signs - 11.8 x 11.8 x 0.4 in,WAF34613-3A,,,Rick Stuart,"""Arriving Later This Year, Preorder Now!""",,,,,12,10.99,24,9.99,36,9.29,12,WingTai400,WingTai160,https://www.wtcollectionshowroom.com/store/media/WAF34613-3A.jpg,WAF34613-3A.jpg,,,WingTai800,WAF34613-3A.jpg
Rectangular Flowery Flower Pot - 8.25 x 5 x 4.75 in,RAF34019,,,Rick Stuart,"""Arriving Later This Year, Preorder Now!""",,,,,4,10.99,12,9.99,24,9.29,4,WingTai400,WingTai160,https://www.wtcollectionshowroom.com/store/media/RAF34019.jpg,RAF34019.jpg,,,WingTai800,RAF34019.jpg
Flowery Flower Pot - 6.25 x 6.25 x 7 in,RAF34018,,,Rick Stuart,"""Arriving Later This Year, Preorder Now!""",,,,,4,10.99,12,9.99,24,9.29,4,WingTai400,WingTai160,https://www.wtcollectionshowroom.com/store/media/RAF34018.jpg,RAF34018.jpg,,,WingTai800,RAF34018.jpg
Antique White Resin Rooster - 5.25 x 3.25 x 4.25,RAF34011,,,Rick Stuart,"""Arriving Later This Year, Preorder Now!""",,,,,6,7.95,16,6.95,32,6.45,6,WingTai400,WingTai160,https://www.wtcollectionshowroom.com/store/media/RAF34011.jpg,RAF34011.jpg,,,WingTai800,RAF34011.jpg
Little Antique White Resin Bird Sitting - 5.25 x 3.25 x 4.25,RAF34010,,,Rick Stuart,"""Arriving Later This Year, Preorder Now!""",,,,,4,5.99,12,5.29,24,4.99,4,WingTai400,WingTai160,https://www.wtcollectionshowroom.com/store/media/RAF34010.jpg,RAF34010.jpg,,,WingTai800,RAF34010.jpg
Wood-Style Resin Bird - 6 x 1.35 x 4.75 in,RAF34017,,,Rick Stuart,"""Arriving Later This Year, Preorder Now!""",,,,,24,3.99,48,3.59,72,3.39,24,WingTai400,WingTai160,https://www.wtcollectionshowroom.com/store/media/RAF34017.jpg,RAF34017.jpg,,,WingTai800,RAF34017.jpg
Antique White Resin Owl - 3.75 x 2.75 x 4.3 in,RAF34016,,,Rick Stuart,"""Arriving Later This Year, Preorder Now!""",,,,,24,3.99,48,3.59,72,3.29,24,WingTai400,WingTai160,https://www.wtcollectionshowroom.com/store/media/RAF34016.jpg,RAF34016.jpg,,,WingTai800,RAF34016.jpg
2 Assorted Gray & Tan Metal Flowers - 4 x 0.75 x 4 in,MAF34105-2A,,,Rick Stuart,"""Arriving Later This Year, Preorder Now!""",,,,,12,4.95,24,4.35,36,3.95,12,WingTai400,WingTai160,https://www.wtcollectionshowroom.com/store/media/MAF34105-2A.jpg,MAF34105-2A.jpg,,,WingTai800,MAF34105-2A.jpg
Large Wood-Style Resin Cutout Bunny - 6.9 x 1.65 x 12 in,RAF34026,,,Rick Stuart,"""Arriving Later This Year, Preorder Now!""",,,,,4,13.99,8,12.99,12,11.99,4,WingTai400,WingTai160,https://www.wtcollectionshowroom.com/store/media/RAF34026.jpg,RAF34026.jpg,,,WingTai800,RAF34026.jpg
Large Ivory LED Pillar - 6 x 8 in,XAFMI1607,,,Rick Stuart,In Stock,,,,,4,15.99,12,13.99,24,12.99,4,WingTai400,WingTai160,https://www.wtcollectionshowroom.com/store/media/XAFMI1607.jpg,XAFMI1607.jpg,,,WingTai800,XAFMI1607.jpg
Ivory LED Pillar - 4 x 8 in,XAFMI1606,,,Rick Stuart,In Stock,,,,,6,8.99,24,7.99,48,7.69,6,WingTai400,WingTai160,https://www.wtcollectionshowroom.com/store/media/XAFMI1606.jpg,XAFMI1606.jpg,,,WingTai800,XAFMI1606.jpg
Stay Awhile Square Cross-Hatch Sign - 15.55 x 0.8 x 15.55 in,WAF34112,,,Rick Stuart,"""Arriving Later This Year, Preorder Now!""",,,,,2,20.95,8,18.95,16,17.95,2,WingTai400,WingTai160,https://www.wtcollectionshowroom.com/store/media/WAF34112.jpg,WAF34112.jpg,,,WingTai800,WAF34112.jpg
Set of 3 Wooden Blackboard Dog Ornaments - 3.75 x 0.25 in each,WXF26215-3S,,,Rick Stuart,"""Arriving Later This Year, Preorder Now!""",,,,,6,8.95,18,8.15,36,7.35,6,WingTai400,WingTai160,https://www.wtcollectionshowroom.com/store/media/WXF26215-3S.jpg,WXF26215-3S.jpg,,,WingTai800,WXF26215-3S.jpg
Medium Black & White Chevron LED Votive - 2 x 3 in,LAS34199,,,Rick Stuart,"""Arriving Later This Year, Preorder Now!""",,,,,24,4.99,48,4.39,96,4.19,24,WingTai400,WingTai160,https://www.wtcollectionshowroom.com/store/media/LAS34199.jpg,LAS34199.jpg,,,WingTai800,LAS34199.jpg
Ceramic Bee Gnome - 4.33 x 3.75 x 6.1 in,RAF34693,,,Rick Stuart,"""Arriving Later This Year, Preorder Now!""",,,,,4,6.99,12,6.19,24,5.79,4,WingTai400,WingTai160,https://www.wtcollectionshowroom.com/store/media/RAF34693.jpg,RAF34693.jpg,,,WingTai800,RAF34693.jpg
Simple Pinecone Mini Ring - 1.5 in,FXQ26705CSS,,,Rick Stuart,"""Arriving Later This Year, Preorder Now!""",,,,,24,1.95,96,1.75,144,1.55,24,WingTai400,WingTai160,https://www.wtcollectionshowroom.com/store/media/FXQ26705CSS.jpg,FXQ26705CSS.jpg,,,WingTai800,FXQ26705CSS.jpg
Give Us This Day Our Daily Bread Cutting Board - 7.87 x 15.75 x 5.9 in,WAF34623,,,Rick Stuart,"""Arriving Later This Year, Preorder Now!""",,,,,6,7.95,12,6.95,24,6.55,6,WingTai400,WingTai160,https://www.wtcollectionshowroom.com/store/media/WAF34623.jpg,WAF34623.jpg,,,WingTai800,WAF34623.jpg
Set of 2 Cozy Winter Triangle Trees - 12 x 7.5 in,WXF26775-2S,,,Rick Stuart,In Stock,,,,,4,16.99,8,15.99,16,14.99,4,WingTai400,WingTai160,https://www.wtcollectionshowroom.com/store/media/WXF26775-2S.jpg,WXF26775-2S.jpg,,,WingTai800,WXF26775-2S.jpg
3 Assorted Black Coffee Tea Towels - 9 x 13 in folded / 26 x 26 in unfolded,DAQ34135BK-3A,,,Rick Stuart,"""Arriving Later This Year, Preorder Now!""",,,,,12,4.99,36,4.39,60,4.19,12,WingTai400,WingTai160,https://www.wtcollectionshowroom.com/store/media/DAQ34135BK-3A.jpg,DAQ34135BK-3A.jpg,,,WingTai800,DAQ34135BK-3A.jpg
Set of 2 Coffee & Sugar Metal Jars - 5.3 x 9.25 in (coffee) / 4.5 x 7.5 in (sugar),MAF34173-2S,,,Rick Stuart,"""Arriving Later This Year, Preorder Now!""",,,,,4,15.99,12,13.99,24,12.99,4,WingTai400,WingTai160,https://www.wtcollectionshowroom.com/store/media/MAF34173-2S.jpg,MAF34173-2S.jpg,,,WingTai800,MAF34173-2S.jpg
White Cattails Pick - 18 x 0.5 x 3 in,FAQ34816B,,,Rick Stuart,"""Arriving Later This Year, Preorder Now!""",,,,,24,2.75,72,2.45,144,2.25,24,WingTai400,WingTai160,https://www.wtcollectionshowroom.com/store/media/FAQ34816B.jpg,FAQ34816B.jpg,,,WingTai800,FAQ34816B.jpg
Black-Eyed Susan Candle Ring - 4.5 in diameter,FAQ34828CL,,,Rick Stuart,"""Arriving Later This Year, Preorder Now!""",,,,,6,5.99,36,5.29,72,4.99,6,WingTai400,WingTai160,https://www.wtcollectionshowroom.com/store/media/FAQ34828CL.jpg,FAQ34828CL.jpg,,,WingTai800,FAQ34828CL.jpg
Black-Eyed Susan Pick - 11 in long,FAQ34828B,,,Rick Stuart,"""Arriving Later This Year, Preorder Now!""",,,,,12,2.99,36,2.69,72,2.49,12,WingTai400,WingTai160,https://www.wtcollectionshowroom.com/store/media/FAQ34828B.jpg,FAQ34828B.jpg,,,WingTai800,FAQ34828B.jpg
Set of 2 Wood Trays with Bead Handles - 15 x 5.5 x 1.2 in (large) / 12 x 4 x 1.2 in (small),WAF34035-2S,,,Rick Stuart,"""Arriving Later This Year, Preorder Now!""",,,,,4,29.95,6,26.99,12,25.99,4,WingTai400,WingTai160,https://www.wtcollectionshowroom.com/store/media/WAF34035-2S.jpg,WAF34035-2S.jpg,,,WingTai800,WAF34035-2S.jpg
Natural Wood Pillar Holder - 4.33 x 4.33 x 3.9 in,WAF34097,,,Rick Stuart,"""Arriving Later This Year, Preorder Now!""",,,,,6,8.95,12,7.95,24,6.95,6,WingTai400,WingTai160,https://www.wtcollectionshowroom.com/store/media/WAF34097.jpg,WAF34097.jpg,,,WingTai800,WAF34097.jpg
Resin Flower Bird Bath,RAF24029,,,Rick Stuart,In Stock,,,,,6,9.95,12,8.95,24,8.35,6,WingTai400,WingTai160,https://www.wtcollectionshowroom.com/store/media/RAF24029.jpg,RAF24029.jpg,,,WingTai800,RAF24029.jpg
Hanging Rectangular Wood Cutting Board - 7.5 x 18.1 x 0.6 in,WAF34650,,,Rick Stuart,"""Arriving Later This Year, Preorder Now!""",,,,,4,8.95,8,7.95,16,7.35,4,WingTai400,WingTai160,https://www.wtcollectionshowroom.com/store/media/WAF34650.jpg,WAF34650.jpg,,,WingTai800,WAF34650.jpg
Little Square Wood Lantern - 8.27 x 5.12 x 9.65 in,WAF34656,,,Rick Stuart,"""Arriving Later This Year, Preorder Now!""",,,,,4,12.95,8,11.95,16,10.95,4,WingTai400,WingTai160,https://www.wtcollectionshowroom.com/store/media/WAF34656.jpg,WAF34656.jpg,,,WingTai800,WAF34656.jpg
Black Wood House Lantern - 6.5 x 6.5 x 13.1 in,WAF34095,,,Rick Stuart,"""Arriving Later This Year, Preorder Now!""",,,,,4,15.95,8,13.95,12,12.95,4,WingTai400,WingTai160,https://www.wtcollectionshowroom.com/store/media/WAF34095.jpg,WAF34095.jpg,,,WingTai800,WAF34095.jpg
Beaded Whitewashed Curved Lantern - 10.25 x 10.25 x 12.2 in,WAF34659,,,Rick Stuart,"""Arriving Later This Year, Preorder Now!""",,,,,2,16.95,6,14.95,12,12.95,2,WingTai400,WingTai160,https://www.wtcollectionshowroom.com/store/media/WAF34659.jpg,WAF34659.jpg,,,WingTai800,WAF34659.jpg
Blue Hat Porcelain Gnome - 6.1 x 5.1 x 7.3 in,PAF24749,,,Rick Stuart,In Stock,,,,,4,10.99,8,9.99,12,9.29,4,WingTai400,WingTai160,https://www.wtcollectionshowroom.com/store/media/PAF24749.jpg,PAF24749.jpg,,,WingTai800,PAF24749.jpg
Sorghum Wreath - 10 in inner diameter /22 in fluffed diameter,FAQ34795W,,,Rick Stuart,"""Arriving Later This Year, Preorder Now!""",,,,,2,22.99,6,20.99,12,19.99,2,WingTai400,WingTai160,https://www.wtcollectionshowroom.com/store/media/FAQ34795W.jpg,FAQ34795W.jpg,,,WingTai800,FAQ34795W.jpg
Geoff Standing Bunny Carrot Hat Gnome - 6.7 x 5.1 x 20.8 in,DAF31911,,,Rick Stuart,"""Arriving Later This Year, Preorder Now!""",,,,,4,19.95,8,17.95,16,16.95,4,WingTai400,WingTai160,https://www.wtcollectionshowroom.com/store/media/DAF31911.jpg,DAF31911.jpg,,,WingTai800,DAF31911.jpg
Gene Bunny Carrot Hat Gnome - 4.75 x 4.75 x 10.6 in,DAF31910,,,Rick Stuart,"""Arriving Later This Year, Preorder Now!""",,,,,6,10.95,12,9.95,24,9.25,6,WingTai400,WingTai160,https://www.wtcollectionshowroom.com/store/media/DAF31910.jpg,DAF31910.jpg,,,WingTai800,DAF31910.jpg
Gerhardt Lavender Hat Flower Gnome - 4.75 x 4.75 x 12.6 in,DAF31913,,,Rick Stuart,"""Arriving Later This Year, Preorder Now!""",,,,,6,8.99,12,7.99,24,7.49,6,WingTai400,WingTai160,https://www.wtcollectionshowroom.com/store/media/DAF31913.jpg,DAF31913.jpg,,,WingTai800,DAF31913.jpg
Gerald Tan & Cream Bunny Ear Gnome - 7.1 x 4 x 13 in,DAF31912,,,Rick Stuart,"""Arriving Later This Year, Preorder Now!""",,,,,6,12.95,12,11.99,24,10.99,6,WingTai400,WingTai160,https://www.wtcollectionshowroom.com/store/media/DAF31912.jpg,DAF31912.jpg,,,WingTai800,DAF31912.jpg
Black Chevron Hat Gnome - 4 x 4 x 11 in,DAQ34241,,,Rick Stuart,"""Arriving Later This Year, Preorder Now!""",,,,,8,7.95,21,6.95,42,6.45,8,WingTai400,WingTai160,https://www.wtcollectionshowroom.com/store/media/DAQ34241.jpg,DAQ34241.jpg,,,WingTai800,DAQ34241.jpg
Set of 2 Whitewashed Wood Stars - 13.4 x 0.6 x 13.75 in (large) / 9.85 x 0.6 x 9.45 in (small),WAF34092-2S,,,Rick Stuart,"""Arriving Later This Year, Preorder Now!""",,,,,4,12.95,8,11.95,16,10.95,4,WingTai400,WingTai160,https://www.wtcollectionshowroom.com/store/media/WAF34092-2S.jpg,WAF34092-2S.jpg,,,WingTai800,WAF34092-2S.jpg
Set of 2 Black Frame Home Lanterns - 16.54 x 7.1 x 18.3 in (large) / 14.57 x 5.9 x 16.15 in (small),MAF34089-2S,,,Rick Stuart,"""Arriving Later This Year, Preorder Now!""",,,,,2,49.95,4,43.95,8,39.95,2,WingTai400,WingTai160,https://www.wtcollectionshowroom.com/store/media/MAF34089-2S.jpg,MAF34089-2S.jpg,,,WingTai800,MAF34089-2S.jpg
Resin Bunny with Back Basket - 8.66 x 5.1 x 15 in,RAF34710,,,Rick Stuart,"""Arriving Later This Year, Preorder Now!""",,,,,2,29.95,4,26.95,8,24.95,2,WingTai400,WingTai160,https://www.wtcollectionshowroom.com/store/media/RAF34710.jpg,RAF34710.jpg,,,WingTai800,RAF34710.jpg
Set of 2 White Cutout Bunnies with Jute Bows - 4.75 x 1 x 9.75 in each,WAF34731-2S,,,Rick Stuart,"""Arriving Later This Year, Preorder Now!""",,,,,4,4.99,24,4.39,48,3.99,4,WingTai400,WingTai160,https://www.wtcollectionshowroom.com/store/media/WAF34731-2S.jpg,WAF34731-2S.jpg,,,WingTai800,WAF34731-2S.jpg
Resin Resting Bunny - 15 x 7.9 x 11 in,RAF34711,,,Rick Stuart,"""Arriving Later This Year, Preorder Now!""",,,,,2,29.99,4,26.99,8,24.99,2,WingTai400,WingTai160,https://www.wtcollectionshowroom.com/store/media/RAF34711.jpg,RAF34711.jpg,,,WingTai800,RAF34711.jpg
Natural Bead Loop Hanger - 11 x 1 x 0.5 in,FAQ34807NA,,,Rick Stuart,"""Arriving Later This Year, Preorder Now!""",,,,,12,2.99,48,2.69,93,2.59,12,WingTai400,WingTai160,https://www.wtcollectionshowroom.com/store/media/FAQ34807NA.jpg,FAQ34807NA.jpg,,,WingTai800,FAQ34807NA.jpg
Set of 2 Black Wood Planters - 6.1 x 6.1 x 6.8 in (large) / 4.9 x 4.9 x 4.75 in (small),WAF34776-2S,,,Rick Stuart,"""Arriving Later This Year, Preorder Now!""",,,,,6,19.99,12,17.99,18,16.99,6,WingTai400,WingTai160,https://www.wtcollectionshowroom.com/store/media/WAF34776-2S.jpg,WAF34776-2S.jpg,,,WingTai800,WAF34776-2S.jpg
Large Galvanized Dragonfly Hanger - 24 x 20.5 in,MAF11066,,,Rick Stuart,"""Arriving Later This Year, Preorder Now!""",,,,,4,11.99,8,10.99,12,10.29,4,WingTai400,WingTai160,https://www.wtcollectionshowroom.com/store/media/MAF11066.jpg,MAF11066.jpg,,,WingTai800,MAF11066.jpg
Set of 2 Wood Lid Metal Dog Boxes - 16.14 x 9.65 x 7.3 in (large) / 13.4 x 7.5 x 5.9 in (small),MAF34622-2S,,,Rick Stuart,"""Arriving Later This Year, Preorder Now!""",,,,,2,49.99,4,43.99,8,40.99,2,WingTai400,WingTai160,https://www.wtcollectionshowroom.com/store/media/MAF34622-2S.jpg,MAF34622-2S.jpg,,,WingTai800,MAF34622-2S.jpg
4.5 in Christmas Pine Candle Ring,FXQ09752CL,,,Rick Stuart,In Stock,,,,,6,6.99,18,6.99,36,6.99,6,WingTai400,WingTai160,https://www.wtcollectionshowroom.com/store/media/FXQ09752CL.jpg,FXQ09752CL.jpg,,,WingTai800,FXQ09752CL.jpg
Figure 8 Boho Planter - 5.25 x 4.75 in,RAF24051,,,Rick Stuart,"""Arriving Later This Year, Preorder Now!""",,,,,8,7.99,16,6.99,32,6.59,8,WingTai400,WingTai160,https://www.wtcollectionshowroom.com/store/media/RAF24051.jpg,RAF24051.jpg,,,WingTai800,RAF24051.jpg
Set of 2 Black Beaded Trays - 10 x 10 x 5.9 in (large) / 8.1 x 8.1 x 5.3 in (small),WAF34660-2S,,,Rick Stuart,"""Arriving Later This Year, Preorder Now!""",,,,,4,29.95,8,26.95,12,24.95,4,WingTai400,WingTai160,https://www.wtcollectionshowroom.com/store/media/WAF34660-2S.jpg,WAF34660-2S.jpg,,,WingTai800,WAF34660-2S.jpg
2 Assorted Carved Wood Carrots - 3.5 x 0.9 x 8.5 in (large) / 2.5 x 0.9 x 6.5 in (small),WAF34058-2A,,,Rick Stuart,"""Arriving Later This Year, Preorder Now!""",,,,,12,7.99,24,6.99,48,6.59,12,WingTai400,WingTai160,https://www.wtcollectionshowroom.com/store/media/WAF34058-2A.jpg,WAF34058-2A.jpg,,,WingTai800,WAF34058-2A.jpg
Stained Wood Bowl - 14 x 10 x 1.6 in,WAF34715ST,,,Rick Stuart,"""Arriving Later This Year, Preorder Now!""",,,,,5,14.95,10,12.95,20,11.95,5,WingTai400,WingTai160,https://www.wtcollectionshowroom.com/store/media/WAF34715ST.jpg,WAF34715ST.jpg,,,WingTai800,WAF34715ST.jpg
Tall Base Metal Goblet - 4.75 x 4.75 x 3.5 in,MAF34037,,,Rick Stuart,"""Arriving Later This Year, Preorder Now!""",,,,,4,5.59,12,4.99,24,4.69,4,WingTai400,WingTai160,https://www.wtcollectionshowroom.com/store/media/MAF34037.jpg,MAF34037.jpg,,,WingTai800,MAF34037.jpg
Stacked Spring Gnomes with Umbrella - 3.15 x 3.15 x 7.1 in,RAF34689,,,Rick Stuart,"""Arriving Later This Year, Preorder Now!""",,,,,4,8.99,12,7.99,24,7.49,4,WingTai400,WingTai160,https://www.wtcollectionshowroom.com/store/media/RAF34689.jpg,RAF34689.jpg,,,WingTai800,RAF34689.jpg
Friendly Gnomes - 4.9 x 2.75 x 4.5 in each,RAF34686,,,Rick Stuart,"""Arriving Later This Year, Preorder Now!""",,,,,6,6.99,12,6.19,24,5.79,6,WingTai400,WingTai160,https://www.wtcollectionshowroom.com/store/media/RAF34686.jpg,RAF34686.jpg,,,WingTai800,RAF34686.jpg
Gothic Wood Window Frame - 16.5 x 1 x 35 in,WAF34919,,,Rick Stuart,"""Arriving Later This Year, Preorder Now!""",,,,,2,39.99,6,36.99,12,33.99,2,WingTai400,WingTai160,https://www.wtcollectionshowroom.com/store/media/WAF34919.jpg,WAF34919.jpg,,,WingTai800,WAF34919.jpg
Gray Flower Wall Hook - 5.9 x 1.75 x 9.25 in,WAF34917,,,Rick Stuart,"""Arriving Later This Year, Preorder Now!""",,,,,8,8.95,24,7.95,48,6.95,8,WingTai400,WingTai160,https://www.wtcollectionshowroom.com/store/media/WAF34917.jpg,WAF34917.jpg,,,WingTai800,WAF34917.jpg
Elegant Wall Sconce - 5.3 x 5 x 21 in,WAF34916,,,Rick Stuart,"""Arriving Later This Year, Preorder Now!""",,,,,4,14.95,12,12.95,24,11.95,4,WingTai400,WingTai160,https://www.wtcollectionshowroom.com/store/media/WAF34916.jpg,WAF34916.jpg,,,WingTai800,WAF34916.jpg
Wood Frame Lantern - 9.25 x 9.25 x 17.5 in,WAF34915,,,Rick Stuart,"""Arriving Later This Year, Preorder Now!""",,,,,2,28.95,4,25.95,8,22.95,2,WingTai400,WingTai160,https://www.wtcollectionshowroom.com/store/media/WAF34915.jpg,WAF34915.jpg,,,WingTai800,WAF34915.jpg
Brown Feather Reed Bunch - 17 in long,FAQ34228B,,,Rick Stuart,"""Arriving Later This Year, Preorder Now!""",,,,,8,4.95,40,4.35,80,3.95,8,WingTai400,WingTai160,https://www.wtcollectionshowroom.com/store/media/FAQ34228B.jpg,FAQ34228B.jpg,,,WingTai800,FAQ34228B.jpg
Americana Garden Stone - 5.35 x 3.27 x 1.6 in,RAF34015,,,Rick Stuart,"""Arriving Later This Year, Preorder Now!""",,,,,12,4.95,24,4.35,48,3.95,12,WingTai400,WingTai160,https://www.wtcollectionshowroom.com/store/media/RAF34015.jpg,RAF34015.jpg,,,WingTai800,RAF34015.jpg
Red Flower & Eucalyptus Drip Garland - 29 in long,FAQ34829DG,,,Rick Stuart,"""Arriving Later This Year, Preorder Now!""",,,,,6,13.95,30,12.25,60,11.35,6,WingTai400,WingTai160,https://www.wtcollectionshowroom.com/store/media/FAQ34829DG.jpg,FAQ34829DG.jpg,,,WingTai800,FAQ34829DG.jpg
2 Assorted Cream Distressed Ceramic Birds - 5.9 x 2.75 x 5.3 in,RAF34701-2A,,,Rick Stuart,"""Arriving Later This Year, Preorder Now!""",,,,,8,6.99,12,6.19,24,5.79,8,WingTai400,WingTai160,https://www.wtcollectionshowroom.com/store/media/RAF34701-2A.jpg,RAF34701-2A.jpg,,,WingTai800,RAF34701-2A.jpg
Set of 2 Large White Lanterns - 13 x 10 x 25 in / 10.5 x 8 x 18 in,MAN07185-2S,,,Rick Stuart,"""Arriving Later This Year, Preorder Now!""",,,,,2,65.99,4,59.99,8,55.99,2,WingTai400,WingTai160,https://www.wtcollectionshowroom.com/store/media/MAN07185-2S.jpg,MAN07185-2S.jpg,,,WingTai800,MAN07185-2S.jpg
Woven Basket - 15.75 x 13.75 in,FAQ34164,,,Rick Stuart,"""Arriving Later This Year, Preorder Now!""",,,,,4,16.99,8,15.99,12,14.99,4,WingTai400,WingTai160,https://www.wtcollectionshowroom.com/store/media/FAQ34164.jpg,FAQ34164.jpg,,,WingTai800,FAQ34164.jpg
Medium Cinnamon LED Votive - 2 x 7 in,LAS34140,,,Rick Stuart,"""Arriving Later This Year, Preorder Now!""",,,,,12,7.99,24,6.99,48,6.39,12,WingTai400,WingTai160,https://www.wtcollectionshowroom.com/store/media/LAS34140.jpg,LAS34140.jpg,,,WingTai800,LAS34140.jpg
Black Resin Boots - 5.5 x 3.3 x 4.7 in,RAF24769,,,Rick Stuart,"""Arriving Later This Year, Preorder Now!""",,,,,4,19.99,8,17.99,16,16.99,4,WingTai400,WingTai160,https://www.wtcollectionshowroom.com/store/media/RAF24769.jpg,RAF24769.jpg,,,WingTai800,RAF24769.jpg
Love One Another Embossed Wood Sign - 11.6 x 5 x 1 in,WAF34643,,,Rick Stuart,"""Arriving Later This Year, Preorder Now!""",,,,,4,9.95,8,8.95,16,8.35,4,WingTai400,WingTai160,https://www.wtcollectionshowroom.com/store/media/WAF34643.jpg,WAF34643.jpg,,,WingTai800,WAF34643.jpg
Purple Bentgrass Pick - 18 x 0.5 x 2 in,FAQ34812B,,,Rick Stuart,"""Arriving Later This Year, Preorder Now!""",,,,,24,2.99,72,2.69,144,2.59,24,WingTai400,WingTai160,https://www.wtcollectionshowroom.com/store/media/FAQ34812B.jpg,FAQ34812B.jpg,,,WingTai800,FAQ34812B.jpg
Red Americana Cutting Board - 7.87 x 15.75 x 0.4 in,WAF34641,,,Rick Stuart,"""Arriving Later This Year, Preorder Now!""",,,,,4,6.99,12,5.99,24,5.49,4,WingTai400,WingTai160,https://www.wtcollectionshowroom.com/store/media/WAF34641.jpg,WAF34641.jpg,,,WingTai800,WAF34641.jpg
Blue Americana Cutting Board - 7.87 x 15.75 x 0.4 in,WAF34640,,,Rick Stuart,"""Arriving Later This Year, Preorder Now!""",,,,,4,6.99,12,5.99,24,5.49,4,WingTai400,WingTai160,https://www.wtcollectionshowroom.com/store/media/WAF34640.jpg,WAF34640.jpg,,,WingTai800,WAF34640.jpg
Hanging Wood Tray - 9 x 13 x 0.8 in,WAF34647,,,Rick Stuart,"""Arriving Later This Year, Preorder Now!""",,,,,4,13.95,8,12.95,16,11.95,4,WingTai400,WingTai160,https://www.wtcollectionshowroom.com/store/media/WAF34647.jpg,WAF34647.jpg,,,WingTai800,WAF34647.jpg
Faith Blackwashed Block - 5.9 x 5.9 x 1 in,WAF34646,,,Rick Stuart,"""Arriving Later This Year, Preorder Now!""",,,,,4,6.95,16,6.15,32,5.75,4,WingTai400,WingTai160,https://www.wtcollectionshowroom.com/store/media/WAF34646.jpg,WAF34646.jpg,,,WingTai800,WAF34646.jpg
Amazing Grace Black & White Embossed Sign - 11.6 x 5 x 1 in,WAF34645,,,Rick Stuart,"""Arriving Later This Year, Preorder Now!""",,,,,4,9.95,8,8.75,16,8.35,4,WingTai400,WingTai160,https://www.wtcollectionshowroom.com/store/media/WAF34645.jpg,WAF34645.jpg,,,WingTai800,WAF34645.jpg
No Place Like Home Black Carved Sign - 23.6 x 13.4 x 0.4 in,WAF34644,,,Rick Stuart,"""Arriving Later This Year, Preorder Now!""",,,,,4,15.95,8,14.95,12,13.95,4,WingTai400,WingTai160,https://www.wtcollectionshowroom.com/store/media/WAF34644.jpg,WAF34644.jpg,,,WingTai800,WAF34644.jpg
Set of 2 Hexagonal Honeycomb Trays - 9.85 4 x 8.66 x 4.92 / 7.1 in high (large) / 8 x 7 x 3.5 / 5.3 in high (small),MAF24156-2S,,,Rick Stuart,"""Arriving Later This Year, Preorder Now!""",,,,,3,19.99,6,17.99,12,16.99,3,WingTai400,WingTai160,https://www.wtcollectionshowroom.com/store/media/MAF24156-2S.jpg,MAF24156-2S.jpg,,,WingTai800,MAF24156-2S.jpg
Hanging Round Wood Cutting Board - 9 x 12 x 0.6 in,WAF34649,,,Rick Stuart,"""Arriving Later This Year, Preorder Now!""",,,,,4,7.95,8,6.95,16,6.45,4,WingTai400,WingTai160,https://www.wtcollectionshowroom.com/store/media/WAF34649.jpg,WAF34649.jpg,,,WingTai800,WAF34649.jpg
2 Assorted Dark Purple & Cream Thistle Picks - 13 in long each,FAQ34797B-2A,,,Rick Stuart,"""Arriving Later This Year, Preorder Now!""",,,,,36,2.95,72,2.65,144,2.45,36,WingTai400,WingTai160,https://www.wtcollectionshowroom.com/store/media/FAQ34797B-2A.jpg,FAQ34797B-2A.jpg,,,WingTai800,FAQ34797B-2A.jpg
Hanging Triple Buckets - 13 x 40 in total / 13 x 5.5 in (large) / 10 x 5 in (med) / 7.9 x 4 in (small),MAF24173,,,Rick Stuart,"""Arriving Later This Year, Preorder Now!""",,,,,2,29.99,4,26.99,6,24.99,2,WingTai400,WingTai160,https://www.wtcollectionshowroom.com/store/media/MAF24173.jpg,MAF24173.jpg,,,WingTai800,MAF24173.jpg
3 Assorted Sunflower Bead Hangers - 3 x 0.5 x 16.25 in each,WAF34134-3A,,,Rick Stuart,"""Arriving Later This Year, Preorder Now!""",,,,,1,0,3,0,3,0,1,WingTai400,WingTai160,https://www.wtcollectionshowroom.com/store/media/WAF34134-3A.jpg,WAF34134-3A.jpg,,,WingTai800,WAF34134-3A.jpg
Natural Bead Garland with Cross - 48 in long,FAQ34788,,,Rick Stuart,"""Arriving Later This Year, Preorder Now!""",,,,,12,6.95,36,6.15,72,5.75,12,WingTai400,WingTai160,https://www.wtcollectionshowroom.com/store/media/FAQ34788.jpg,FAQ34788.jpg,,,WingTai800,FAQ34788.jpg
Cream & Orange Bead Garland with Bunny - 48 in long,FAQ34789,,,Rick Stuart,"""Arriving Later This Year, Preorder Now!""",,,,,12,6.95,36,6.15,72,5.75,12,WingTai400,WingTai160,https://www.wtcollectionshowroom.com/store/media/FAQ34789.jpg,FAQ34789.jpg,,,WingTai800,FAQ34789.jpg
White & Lavender Bead Garland - 48 in long,FAQ34787,,,Rick Stuart,"""Arriving Later This Year, Preorder Now!""",,,,,24,5.95,36,5.25,72,4.95,24,WingTai400,WingTai160,https://www.wtcollectionshowroom.com/store/media/FAQ34787.jpg,FAQ34787.jpg,,,WingTai800,FAQ34787.jpg
2 Assorted White & Natural Large Wall Daisies - 15 x 0.5 x 15 in,WAF34762-2A,,,Rick Stuart,"""Arriving Later This Year, Preorder Now!""",,,,,4,15.99,10,14.99,20,13.99,4,WingTai400,WingTai160,https://www.wtcollectionshowroom.com/store/media/WAF34762-2A.jpg,WAF34762-2A.jpg,,,WingTai800,WAF34762-2A.jpg
Set of 3 Long Natural Ball Carrots - 8.66 in long each,WAQ34791-3S,,,Rick Stuart,"""Arriving Later This Year, Preorder Now!""",,,,,6,5.99,36,5.29,72,4.99,6,WingTai400,WingTai160,https://www.wtcollectionshowroom.com/store/media/WAQ34791-3S.jpg,WAQ34791-3S.jpg,,,WingTai800,WAQ34791-3S.jpg
Large Black Candle Holder - 5.7 x 5.7 x 7.5 in,MAF34932,,,Rick Stuart,"""Arriving Later This Year, Preorder Now!""",,,,,4,9.99,8,8.99,16,7.99,4,WingTai400,WingTai160,https://www.wtcollectionshowroom.com/store/media/MAF34932.jpg,MAF34932.jpg,,,WingTai800,MAF34932.jpg
Medium Black Candle Holder - 3.54 x 3.54 x 5.5 in,MAF34931,,,Rick Stuart,"""Arriving Later This Year, Preorder Now!""",,,,,4,6.99,12,5.99,24,5.79,4,WingTai400,WingTai160,https://www.wtcollectionshowroom.com/store/media/MAF34931.jpg,MAF34931.jpg,,,WingTai800,MAF34931.jpg
Small Black Taper Holder - 1.5 x 1.5 x 2.56 in,MAF34930,,,Rick Stuart,"""Arriving Later This Year, Preorder Now!""",,,,,12,1.99,72,1.79,144,1.69,12,WingTai400,WingTai160,https://www.wtcollectionshowroom.com/store/media/MAF34930.jpg,MAF34930.jpg,,,WingTai800,MAF34930.jpg
Daisies Pick - 17 x 0.5 x 3 in,FAQ34814B,,,Rick Stuart,"""Arriving Later This Year, Preorder Now!""",,,,,24,2.95,72,2.65,144,2.45,24,WingTai400,WingTai160,https://www.wtcollectionshowroom.com/store/media/FAQ34814B.jpg,FAQ34814B.jpg,,,WingTai800,FAQ34814B.jpg
Set of 2 White Distressed Hearts - 5.5 x 0.8 x 5.5 in (large) / 3.5 x 0.8 x 3.5 in (small),WAF34746-2S,,,Rick Stuart,"""Arriving Later This Year, Preorder Now!""",,,,,6,6.99,18,6.19,32,5.79,6,WingTai400,WingTai160,https://www.wtcollectionshowroom.com/store/media/WAF34746-2S.jpg,WAF34746-2S.jpg,,,WingTai800,WAF34746-2S.jpg
Large Boho Hanging Planter - 6 x 6 x 6.5 in / 13.5 in hanging,PAF34161,,,Rick Stuart,"""Arriving Later This Year, Preorder Now!""",,,,,4,10.99,12,9.79,24,8.99,4,WingTai400,WingTai160,https://www.wtcollectionshowroom.com/store/media/PAF34161.jpg,PAF34161.jpg,,,WingTai800,PAF34161.jpg
Set of 2 Painted Happy Easter / Hello Spring Egg Blocks - 4.7 x 1 x 5.67 in (lg) / 3 x 1 x 3.75 in (sm),WAF34219-2S,,,Rick Stuart,"""Arriving Later This Year, Preorder Now!""",,,,,6,5.95,12,5.25,24,4.65,6,WingTai400,WingTai160,https://www.wtcollectionshowroom.com/store/media/WAF34219-2S.jpg,WAF34219-2S.jpg,,,WingTai800,WAF34219-2S.jpg
Small Black Glass Bottle - 2.5 x 5 in,GAS34176,,,Rick Stuart,"""Arriving Later This Year, Preorder Now!""",,,,,8,2.95,24,2.55,48,2.35,8,WingTai400,WingTai160,https://www.wtcollectionshowroom.com/store/media/GAS34176.jpg,GAS34176.jpg,,,WingTai800,GAS34176.jpg
Large Black Glass Bottle - 3.25 x 6 in,GAS34177,,,Rick Stuart,"""Arriving Later This Year, Preorder Now!""",,,,,6,3.95,18,3.45,36,3.25,6,WingTai400,WingTai160,https://www.wtcollectionshowroom.com/store/media/GAS34177.jpg,GAS34177.jpg,,,WingTai800,GAS34177.jpg
Purple Glass Bottle - 2.4 x 4 in,GAS34175,,,Rick Stuart,"""Arriving Later This Year, Preorder Now!""",,,,,12,2.25,24,1.95,48,1.75,12,WingTai400,WingTai160,https://www.wtcollectionshowroom.com/store/media/GAS34175.jpg,GAS34175.jpg,,,WingTai800,GAS34175.jpg
Gil and Gabby 2 Assorted Furball Bunny Gnomes - 3.5 x 3.5 x 4.75 in,DAF31906-2A,,,Rick Stuart,"""Arriving Later This Year, Preorder Now!""",,,,,8,3.99,24,3.59,48,3.29,8,WingTai400,WingTai160,https://www.wtcollectionshowroom.com/store/media/DAF31906-2A.jpg,DAF31906-2A.jpg,,,WingTai800,DAF31906-2A.jpg
Redberry Juniper Pick - 12 in,FXQ26695B-12,,,Rick Stuart,"""Arriving Later This Year, Preorder Now!""",,,,,24,2.95,72,2.75,144,2.55,24,WingTai400,WingTai160,https://www.wtcollectionshowroom.com/store/media/FXQ26695B-12.jpg,FXQ26695B-12.jpg,,,WingTai800,FXQ26695B-12.jpg
Sorghum Candle Ring - 4.5 in diameter,FAQ34795CL,,,Rick Stuart,"""Arriving Later This Year, Preorder Now!""",,,,,12,5.95,60,5.25,120,4.95,12,WingTai400,WingTai160,https://www.wtcollectionshowroom.com/store/media/FAQ34795CL.jpg,FAQ34795CL.jpg,,,WingTai800,FAQ34795CL.jpg
Metal Daisy Turret Birdhouse - 5.75 x 5.75 x 9.75 in,MAF34156,,,Rick Stuart,"""Arriving Later This Year, Preorder Now!""",,,,,8,14.99,16,12.99,24,11.99,8,WingTai400,WingTai160,https://www.wtcollectionshowroom.com/store/media/MAF34156.jpg,MAF34156.jpg,,,WingTai800,MAF34156.jpg
Whitewashed Wood Pillar Holder - 4.5 x 5.7 in,WAF34078,,,Rick Stuart,"""Arriving Later This Year, Preorder Now!""",,,,,6,14.99,12,12.99,24,11.99,6,WingTai400,WingTai160,https://www.wtcollectionshowroom.com/store/media/WAF34078.jpg,WAF34078.jpg,,,WingTai800,WAF34078.jpg
Black Distressed Wood Pillar Holder - 4.5 x 5.7 in,WAF34079,,,Rick Stuart,"""Arriving Later This Year, Preorder Now!""",,,,,6,14.99,12,12.99,24,11.99,6,WingTai400,WingTai160,https://www.wtcollectionshowroom.com/store/media/WAF34079.jpg,WAF34079.jpg,,,WingTai800,WAF34079.jpg
Black Distressed Wood Taper Holder - 3.15 x 4.33 in,WAF34074,,,Rick Stuart,"""Arriving Later This Year, Preorder Now!""",,,,,4,7.95,24,6.95,48,6.45,4,WingTai400,WingTai160,https://www.wtcollectionshowroom.com/store/media/WAF34074.jpg,WAF34074.jpg,,,WingTai800,WAF34074.jpg
Black Distressed Tall Wood Taper Holder - 3.5 x 6.5 in,WAF34075,,,Rick Stuart,"""Arriving Later This Year, Preorder Now!""",,,,,4,10.99,24,9.99,48,9.29,4,WingTai400,WingTai160,https://www.wtcollectionshowroom.com/store/media/WAF34075.jpg,WAF34075.jpg,,,WingTai800,WAF34075.jpg
Whitewahed Wood Taper Holder - 3.15 x 4.33 in,WAF34076,,,Rick Stuart,"""Arriving Later This Year, Preorder Now!""",,,,,4,7.95,24,6.95,48,6.45,4,WingTai400,WingTai160,https://www.wtcollectionshowroom.com/store/media/WAF34076.jpg,WAF34076.jpg,,,WingTai800,WAF34076.jpg
Tall Whitewashed Wood Taper Holder - 3.5 x 6.3 in,WAF34077,,,Rick Stuart,"""Arriving Later This Year, Preorder Now!""",,,,,4,10.99,24,9.99,48,9.29,4,WingTai400,WingTai160,https://www.wtcollectionshowroom.com/store/media/WAF34077.jpg,WAF34077.jpg,,,WingTai800,WAF34077.jpg
Stacked Rectangular Trays with Top Metal Handle - 12.8 x 8.3 x 15.75 in,WAF34072,,,Rick Stuart,"""Arriving Later This Year, Preorder Now!""",,,,,2,45.95,4,39.95,6,36.95,2,WingTai400,WingTai160,https://www.wtcollectionshowroom.com/store/media/WAF34072.jpg,WAF34072.jpg,,,WingTai800,WAF34072.jpg
Home - The Story of Who We Are Sign - 16.5 x 1 x 6 in,WAF34073,,,Rick Stuart,"""Arriving Later This Year, Preorder Now!""",,,,,4,17.95,8,15.95,12,14.95,4,WingTai400,WingTai160,https://www.wtcollectionshowroom.com/store/media/WAF34073.jpg,WAF34073.jpg,,,WingTai800,WAF34073.jpg
2 Assorted Flower Engraved Birds - 6.3 x 2.95 x 5.5 in,RAF34699-2A,,,Rick Stuart,"""Arriving Later This Year, Preorder Now!""",,,,,8,7.95,12,6.95,24,6.45,8,WingTai400,WingTai160,https://www.wtcollectionshowroom.com/store/media/RAF34699-2A.jpg,RAF34699-2A.jpg,,,WingTai800,RAF34699-2A.jpg
Love Heart Sign - 6 x 0.5 x 5.25 in,WAF34229,,,Rick Stuart,"""Arriving Later This Year, Preorder Now!""",,,,,6,3.99,24,3.59,48,3.29,6,WingTai400,WingTai160,https://www.wtcollectionshowroom.com/store/media/WAF34229.jpg,WAF34229.jpg,,,WingTai800,WAF34229.jpg
Set of 3 Long Orange Ball Carrots - 8.66 in long each,WAQ34792-3S,,,Rick Stuart,"""Arriving Later This Year, Preorder Now!""",,,,,6,5.99,36,5.29,72,4.99,6,WingTai400,WingTai160,https://www.wtcollectionshowroom.com/store/media/WAQ34792-3S.jpg,WAQ34792-3S.jpg,,,WingTai800,WAQ34792-3S.jpg
Natural Wood Tall Pillar Holder - 5 x 5 x 7.35 in,WAF34100,,,Rick Stuart,"""Arriving Later This Year, Preorder Now!""",,,,,4,14.99,8,13.99,12,12.99,4,WingTai400,WingTai160,https://www.wtcollectionshowroom.com/store/media/WAF34100.jpg,WAF34100.jpg,,,WingTai800,WAF34100.jpg
White Wood Tall Pillar Holder - 5 x 5 x 7.35 in,WAF34101,,,Rick Stuart,"""Arriving Later This Year, Preorder Now!""",,,,,4,14.99,8,13.99,12,12.99,4,WingTai400,WingTai160,https://www.wtcollectionshowroom.com/store/media/WAF34101.jpg,WAF34101.jpg,,,WingTai800,WAF34101.jpg
Black Wood Tall Pillar Holder - 5 x 5 x 7.35 in,WAF34102,,,Rick Stuart,"""Arriving Later This Year, Preorder Now!""",,,,,4,14.99,8,13.99,12,12.99,4,WingTai400,WingTai160,https://www.wtcollectionshowroom.com/store/media/WAF34102.jpg,WAF34102.jpg,,,WingTai800,WAF34102.jpg
Beaded Cross - 4 x 0.5 x 7 in,WAF34104,,,Rick Stuart,"""Arriving Later This Year, Preorder Now!""",,,,,6,8.95,12,7.95,24,7.35,6,WingTai400,WingTai160,https://www.wtcollectionshowroom.com/store/media/WAF34104.jpg,WAF34104.jpg,,,WingTai800,WAF34104.jpg
Welcome Coat Hanger Plaque - 18.9 x 2 x 7.1 in,WAF34109,,,Rick Stuart,"""Arriving Later This Year, Preorder Now!""",,,,,4,18.95,8,16.95,12,15.95,4,WingTai400,WingTai160,https://www.wtcollectionshowroom.com/store/media/WAF34109.jpg,WAF34109.jpg,,,WingTai800,WAF34109.jpg
Blueberry Finger Spruce Candle Ring - 4.5 in,FXQ26725CL,,,Rick Stuart,"""Arriving Later This Year, Preorder Now!""",,,,,6,6.95,30,6.35,60,5.75,6,WingTai400,WingTai160,https://www.wtcollectionshowroom.com/store/media/FXQ26725CL.jpg,FXQ26725CL.jpg,,,WingTai800,FXQ26725CL.jpg
2 Assorted Antique Tan Resin Bunny Cutouts - 5 x 1.75 x 10.5 in / 6.5 x 1.75 x 7.25 in,RAF34186-2A,,,Rick Stuart,"""Arriving Later This Year, Preorder Now!""",,,,,6,12.95,12,10.95,24,9.95,6,WingTai400,WingTai160,https://www.wtcollectionshowroom.com/store/media/RAF34186-2A.jpg,RAF34186-2A.jpg,,,WingTai800,RAF34186-2A.jpg
Set of 2 Long Wood Trays with Top Metal Handles - 20.5 x 6 x 9.45 in (large) / 14 x 4.5 x 7.85 in (small),WAF34071-2S,,,Rick Stuart,"""Arriving Later This Year, Preorder Now!""",,,,,4,45.99,8,39.99,12,37.99,4,WingTai400,WingTai160,https://www.wtcollectionshowroom.com/store/media/WAF34071-2S.jpg,WAF34071-2S.jpg,,,WingTai800,WAF34071-2S.jpg
Resin Gnome with Umbrella - 4 x 3.15 x 5.5 in,RAF34691,,,Rick Stuart,"""Arriving Later This Year, Preorder Now!""",,,,,2,29.99,6,26.99,12,24.99,2,WingTai400,WingTai160,https://www.wtcollectionshowroom.com/store/media/RAF34691.jpg,RAF34691.jpg,,,WingTai800,RAF34691.jpg
Fat Ceramic Owl with Dragonflies - 5.9 x 4.33 x 5.5 in,RAF34697,,,Rick Stuart,"""Arriving Later This Year, Preorder Now!""",,,,,4,7.99,8,6.99,16,6.59,4,WingTai400,WingTai160,https://www.wtcollectionshowroom.com/store/media/RAF34697.jpg,RAF34697.jpg,,,WingTai800,RAF34697.jpg
Skinny Ceramic Owl with Dragonflies - 5.7 x 4.5 x 7.7 in,RAF34696,,,Rick Stuart,"""Arriving Later This Year, Preorder Now!""",,,,,4,10.99,12,9.99,24,9.29,4,WingTai400,WingTai160,https://www.wtcollectionshowroom.com/store/media/RAF34696.jpg,RAF34696.jpg,,,WingTai800,RAF34696.jpg
Little Ceramic Owl Planter - 4.13 x 3.75 x 3.9 in,RAF34695,,,Rick Stuart,"""Arriving Later This Year, Preorder Now!""",,,,,8,5.95,12,5.25,24,4.95,8,WingTai400,WingTai160,https://www.wtcollectionshowroom.com/store/media/RAF34695.jpg,RAF34695.jpg,,,WingTai800,RAF34695.jpg
Ceramic Owl Planter - 6.3 x 5.5 x 6.7 in,RAF34694,,,Rick Stuart,"""Arriving Later This Year, Preorder Now!""",,,,,4,12.95,8,11.95,16,10.95,4,WingTai400,WingTai160,https://www.wtcollectionshowroom.com/store/media/RAF34694.jpg,RAF34694.jpg,,,WingTai800,RAF34694.jpg
Stuffed Kitten - 8.5 x 4 x 12 in,DAQ34230,,,Rick Stuart,"""Arriving Later This Year, Preorder Now!""",,,,,4,12.95,12,11.95,24,10.95,4,WingTai400,WingTai160,https://www.wtcollectionshowroom.com/store/media/DAQ34230.jpg,DAQ34230.jpg,,,WingTai800,DAQ34230.jpg
Whitewashed Metal Candle Holder - 4 x 4 x 4.25 in,MAF34103,,,Rick Stuart,"""Arriving Later This Year, Preorder Now!""",,,,,4,8.95,8,7.95,16,7.35,4,WingTai400,WingTai160,https://www.wtcollectionshowroom.com/store/media/MAF34103.jpg,MAF34103.jpg,,,WingTai800,MAF34103.jpg
Black Framed Triple Table Shelf - 19.7 x 11.8 x 33.5 in,WAF34922,,,Rick Stuart,"""Arriving Later This Year, Preorder Now!""",,,,,2,49.95,4,43.95,8,39.95,2,WingTai400,WingTai160,https://www.wtcollectionshowroom.com/store/media/WAF34922.jpg,WAF34922.jpg,,,WingTai800,WAF34922.jpg
Black Frame Double Table Shelf - 16 x 6.5 x 11.8 in,WAF34923,,,Rick Stuart,"""Arriving Later This Year, Preorder Now!""",,,,,2,28.95,4,24.95,8,22.95,2,WingTai400,WingTai160,https://www.wtcollectionshowroom.com/store/media/WAF34923.jpg,WAF34923.jpg,,,WingTai800,WAF34923.jpg
Black Framed Table Shelf - 15.75 x 5.9x 13.6 in,WAF34920,,,Rick Stuart,"""Arriving Later This Year, Preorder Now!""",,,,,2,22.99,4,20.99,8,18.99,2,WingTai400,WingTai160,https://www.wtcollectionshowroom.com/store/media/WAF34920.jpg,WAF34920.jpg,,,WingTai800,WAF34920.jpg
Black Framed Double Table Shelf - 19.5 x 8 x 21.5 in,WAF34921,,,Rick Stuart,"""Arriving Later This Year, Preorder Now!""",,,,,2,34.99,4,30.99,8,28.99,2,WingTai400,WingTai160,https://www.wtcollectionshowroom.com/store/media/WAF34921.jpg,WAF34921.jpg,,,WingTai800,WAF34921.jpg
Set of 2 Gray Flower Planters on Egg Stands - 12.4 x 7.2 x 16 in / 9.65 x 6 x 12.75 in,MAF34033-2S,,,Rick Stuart,"""Arriving Later This Year, Preorder Now!""",,,,,2,39.99,4,35.99,8,33.99,2,WingTai400,WingTai160,https://www.wtcollectionshowroom.com/store/media/MAF34033-2S.jpg,MAF34033-2S.jpg,,,WingTai800,MAF34033-2S.jpg
Ravennagrass Stem Pick - 23 x 0.5 x 2 in,FAQ34813B,,,Rick Stuart,"""Arriving Later This Year, Preorder Now!""",,,,,24,2.95,72,2.65,144,2.45,24,WingTai400,WingTai160,https://www.wtcollectionshowroom.com/store/media/FAQ34813B.jpg,FAQ34813B.jpg,,,WingTai800,FAQ34813B.jpg
Simple Pinecone Candle Ring - 4.5 in,FXQ26705CL,,,Rick Stuart,"""Arriving Later This Year, Preorder Now!""",,,,,6,5.99,36,5.49,72,4.99,6,WingTai400,WingTai160,https://www.wtcollectionshowroom.com/store/media/FXQ26705CL.jpg,FXQ26705CL.jpg,,,WingTai800,FXQ26705CL.jpg
Set of 3 Red White & Blue Stars - 3.15 x 6.3 in,WAF34772-3S,,,Rick Stuart,"""Arriving Later This Year, Preorder Now!""",,,,,4,9.99,8,8.99,16,8.39,4,WingTai400,WingTai160,https://www.wtcollectionshowroom.com/store/media/WAF34772-3S.jpg,WAF34772-3S.jpg,,,WingTai800,WAF34772-3S.jpg
Small Resin Flower Hat Gnome - 4 x 4 x 7 in,RAF34155S,,,Rick Stuart,"""Arriving Later This Year, Preorder Now!""",,,,,6,9.95,12,8.95,18,8.35,6,WingTai400,WingTai160,https://www.wtcollectionshowroom.com/store/media/RAF34155S.jpg,RAF34155S.jpg,,,WingTai800,RAF34155S.jpg
Americana Gnome - 8 x 6.5 x 32 in,DAQ34119,,,Rick Stuart,"""Arriving Later This Year, Preorder Now!""",,,,,4,19.99,16,17.99,32,16.99,4,WingTai400,WingTai160,https://www.wtcollectionshowroom.com/store/media/DAQ34119.jpg,DAQ34119.jpg,,,WingTai800,DAQ34119.jpg
2 Assorted Blue & Pink Porcelain Owls - 5.3 x 4.9 x 5.1 in,PAF24755-2A,,,Rick Stuart,In Stock,,,,,8,7.95,16,6.95,32,6.45,8,WingTai400,WingTai160,https://www.wtcollectionshowroom.com/store/media/PAF24755-2A.jpg,PAF24755-2A.jpg,,,WingTai800,PAF24755-2A.jpg
English Lavender Pick - 4.75 x 4.75 x 15 in,FAQ34824B,,,Rick Stuart,"""Arriving Later This Year, Preorder Now!""",,,,,12,3.25,60,2.85,120,2.65,12,WingTai400,WingTai160,https://www.wtcollectionshowroom.com/store/media/FAQ34824B.jpg,FAQ34824B.jpg,,,WingTai800,FAQ34824B.jpg
Multi-Level Round Shelf - 35.5 x 35.5 x 6.3 in,WAF34677,,,Rick Stuart,"""Arriving Later This Year, Preorder Now!""",,,,,1,49.99,3,43.99,6,39.99,1,WingTai400,WingTai160,https://www.wtcollectionshowroom.com/store/media/WAF34677.jpg,WAF34677.jpg,,,WingTai800,WAF34677.jpg
Home Cutout - 19 x 0.75 x 7.9 in,WAF34674,,,Rick Stuart,"""Arriving Later This Year, Preorder Now!""",,,,,4,7.95,12,6.95,20,6.45,4,WingTai400,WingTai160,https://www.wtcollectionshowroom.com/store/media/WAF34674.jpg,WAF34674.jpg,,,WingTai800,WAF34674.jpg
Multi-Level Rectangular Shelf - 16.9 x 4.5 x 16.9 in,WAF34675,,,Rick Stuart,"""Arriving Later This Year, Preorder Now!""",,,,,4,22.95,8,20.95,10,19.95,4,WingTai400,WingTai160,https://www.wtcollectionshowroom.com/store/media/WAF34675.jpg,WAF34675.jpg,,,WingTai800,WAF34675.jpg
White Metal Scale - 15.75 x 7.5 x 23.6 in,WAF34672,,,Rick Stuart,"""Arriving Later This Year, Preorder Now!""",,,,,2,32.95,8,29.95,16,27.95,2,WingTai400,WingTai160,https://www.wtcollectionshowroom.com/store/media/WAF34672.jpg,WAF34672.jpg,,,WingTai800,WAF34672.jpg
Octagonal Star Frame - 24.5 x 24.5 x 1 in,WAF34673,,,Rick Stuart,"""Arriving Later This Year, Preorder Now!""",,,,,4,25.95,8,22.95,10,21.95,4,WingTai400,WingTai160,https://www.wtcollectionshowroom.com/store/media/WAF34673.jpg,WAF34673.jpg,,,WingTai800,WAF34673.jpg
White Wood Birdhouse - 7.9 x 6.3 x 11 in,WAF34670,,,Rick Stuart,"""Arriving Later This Year, Preorder Now!""",,,,,4,15.95,8,13.95,16,12.95,4,WingTai400,WingTai160,https://www.wtcollectionshowroom.com/store/media/WAF34670.jpg,WAF34670.jpg,,,WingTai800,WAF34670.jpg
Coffee Bar Cutout Sign with Hooks - 24 x 2.2 x 11.2 in,WAF34671,,,Rick Stuart,"""Arriving Later This Year, Preorder Now!""",,,,,4,16.95,8,14.95,16,13.95,4,WingTai400,WingTai160,https://www.wtcollectionshowroom.com/store/media/WAF34671.jpg,WAF34671.jpg,,,WingTai800,WAF34671.jpg
Black Large House Lantern - 18.1 x 11.8 x 20 in,WAF34679,,,Rick Stuart,"""Arriving Later This Year, Preorder Now!""",,,,,2,42.99,4,37.99,8,34.99,2,WingTai400,WingTai160,https://www.wtcollectionshowroom.com/store/media/WAF34679.jpg,WAF34679.jpg,,,WingTai800,WAF34679.jpg
3 Assorted Black Kitchen Blocks - 4.5 x 6.5 x 1 in each,WAF34130-3A,,,Rick Stuart,"""Arriving Later This Year, Preorder Now!""",,,,,24,3.75,48,3.25,72,2.95,24,WingTai400,WingTai160,https://www.wtcollectionshowroom.com/store/media/WAF34130-3A.jpg,WAF34130-3A.jpg,,,WingTai800,WAF34130-3A.jpg
Black Wood Bowl - 13.5 x 5.9 x 2.7 in,WAF34718BK,,,Rick Stuart,"""Arriving Later This Year, Preorder Now!""",,,,,5,10.99,15,9.99,30,9.29,5,WingTai400,WingTai160,https://www.wtcollectionshowroom.com/store/media/WAF34718BK.jpg,WAF34718BK.jpg,,,WingTai800,WAF34718BK.jpg
Light Gray & Cream Porcelain Bird - 4.7 x 3.7 x 4.7 in,PAF24782,,,Rick Stuart,In Stock,,,,,8,4.99,16,4.39,32,3.99,8,WingTai400,WingTai160,https://www.wtcollectionshowroom.com/store/media/PAF24782.png,PAF24782.png,,,WingTai800,PAF24782.png
Americana Pick - 12 in long,FAQ34790,,,Rick Stuart,"""Arriving Later This Year, Preorder Now!""",,,,,24,1.95,72,1.75,144,1.65,24,WingTai400,WingTai160,https://www.wtcollectionshowroom.com/store/media/FAQ34790.jpg,FAQ34790.jpg,,,WingTai800,FAQ34790.jpg
Mini Tree with Round Base - 8 x 3 x 3 in,FAQ34796,,,Rick Stuart,"""Arriving Later This Year, Preorder Now!""",,,,,4,7.95,20,6.95,40,6.45,4,WingTai400,WingTai160,https://www.wtcollectionshowroom.com/store/media/FAQ34796.jpg,FAQ34796.jpg,,,WingTai800,FAQ34796.jpg
3 Assorted White Kitchen Tea Towels - 9 x 13 in folded / 26 x 26 in unfolded,DAQ34183BK-3A,,,Rick Stuart,"""Arriving Later This Year, Preorder Now!""",,,,,12,4.99,36,4.39,60,4.19,12,WingTai400,WingTai160,https://www.wtcollectionshowroom.com/store/media/DAQ34183BK-3A.jpg,DAQ34183BK-3A.jpg,,,WingTai800,DAQ34183BK-3A.jpg
3 Assorted Black & White Kitchen Signs - 11.5 x 15.35 x 0.4 in,WAF34619-3A,,,Rick Stuart,"""Arriving Later This Year, Preorder Now!""",,,,,12,10.95,24,9.95,48,9.25,12,WingTai400,WingTai160,https://www.wtcollectionshowroom.com/store/media/WAF34619-3A.jpg,WAF34619-3A.jpg,,,WingTai800,WAF34619-3A.jpg
Cidergum Bush - 18 in long,FAQ34784B,,,Rick Stuart,"""Arriving Later This Year, Preorder Now!""",,,,,12,2.95,72,2.65,144,2.45,12,WingTai400,WingTai160,https://www.wtcollectionshowroom.com/store/media/FAQ34784B.jpg,FAQ34784B.jpg,,,WingTai800,FAQ34784B.jpg
Set of 4 Wood & Rattan Trays - 23.5 x 3.75 in / 20 x 5 in / 13.6 x 4 in / 12 x 3.5 in,WAF34664-4S,,,Rick Stuart,"""Arriving Later This Year, Preorder Now!""",,,,,1,129.99,2,119.99,4,109.99,1,WingTai400,WingTai160,https://www.wtcollectionshowroom.com/store/media/WAF34664-4S.jpg,WAF34664-4S.jpg,,,WingTai800,WAF34664-4S.jpg
2 Assorted Tan & Natural Feather Picks - 30 in long each,FAQ34800-2A,,,Rick Stuart,"""Arriving Later This Year, Preorder Now!""",,,,,24,4.25,72,3.75,120,3.45,24,WingTai400,WingTai160,https://www.wtcollectionshowroom.com/store/media/FAQ34800-2A.jpg,FAQ34800-2A.jpg,,,WingTai800,FAQ34800-2A.jpg
Wood-Back Wall Clock - 24 x 1.75 x 24 in,WAF34933,,,Rick Stuart,"""Arriving Later This Year, Preorder Now!""",,,,,2,35.99,4,31.99,8,29.99,2,WingTai400,WingTai160,https://www.wtcollectionshowroom.com/store/media/WAF34933.jpg,WAF34933.jpg,,,WingTai800,WAF34933.jpg
2 Assorted Resin Mushrooms - 1.34 x 1.34 x 6.42 in each,RAF34022-2A,,,Rick Stuart,"""Arriving Later This Year, Preorder Now!""",,,,,24,2.75,48,2.45,72,2.25,24,WingTai400,WingTai160,https://www.wtcollectionshowroom.com/store/media/RAF34022-2A.jpg,RAF34022-2A.jpg,,,WingTai800,RAF34022-2A.jpg
Set of 2 Natural Beaded Trays with Feet - 14.37 x 14.37 x 1.57 in (large) / 12.2 x 12.2 x 1.57 (small),WAF34806-2S,,,Rick Stuart,"""Arriving Later This Year, Preorder Now!""",,,,,2,24.99,6,22.99,12,20.99,2,WingTai400,WingTai160,https://www.wtcollectionshowroom.com/store/media/WAF34806-2S.jpg,WAF34806-2S.jpg,,,WingTai800,WAF34806-2S.jpg
3 Assorted Porcelain Birds - 3.54 x 2.9 x 4 in each,PAF11090-3A,,,Rick Stuart,"""Arriving Later This Year, Preorder Now!""",,,,,12,4.95,24,4.35,48,3.95,12,WingTai400,WingTai160,https://www.wtcollectionshowroom.com/store/media/PAF11090-3A.jpg,PAF11090-3A.jpg,,,WingTai800,PAF11090-3A.jpg
White Tray with Center Handle - 9.25 x 2.6 x 10.6 in,WAF34764WH,,,Rick Stuart,"""Arriving Later This Year, Preorder Now!""",,,,,6,12.95,12,11.95,24,10.95,6,WingTai400,WingTai160,https://www.wtcollectionshowroom.com/store/media/WAF34764WH.jpg,WAF34764WH.jpg,,,WingTai800,WAF34764WH.jpg
Set of 2 White & Natural Round Stands - 7.9 x 7.9 x 1.6 in (large natural) / 6 x 6 x 1.6 in (small white),WAF34663-2S,,,Rick Stuart,"""Arriving Later This Year, Preorder Now!""",,,,,6,10.95,12,9.95,24,8.95,6,WingTai400,WingTai160,https://www.wtcollectionshowroom.com/store/media/WAF34663-2S.jpg,WAF34663-2S.jpg,,,WingTai800,WAF34663-2S.jpg
Norway Spruce Pick - 18 in,FXQ26723B-18,,,Rick Stuart,"""Arriving Later This Year, Preorder Now!""",,,,,6,6.99,30,6.39,60,5.79,6,WingTai400,WingTai160,https://www.wtcollectionshowroom.com/store/media/FXQ26723B-18.jpg,FXQ26723B-18.jpg,,,WingTai800,FXQ26723B-18.jpg
Short Vintage Taper Stand - 4.25 x 9.25 in,MAF34124,,,Rick Stuart,"""Arriving Later This Year, Preorder Now!""",,,,,5,6.55,15,5.75,30,5.35,5,WingTai400,WingTai160,https://www.wtcollectionshowroom.com/store/media/MAF34124.jpg,MAF34124.jpg,,,WingTai800,MAF34124.jpg
Paw Print Picture Frame - 4.75 x 9.45 in,WAF34721,,,Rick Stuart,"""Arriving Later This Year, Preorder Now!""",,,,,4,9.95,12,8.95,24,8.35,4,WingTai400,WingTai160,https://www.wtcollectionshowroom.com/store/media/WAF34721.jpg,WAF34721.jpg,,,WingTai800,WAF34721.jpg
Set of 2 White House Lanterns with Bead Edges - 9.65 x 9.65 x 21.65 in (large) / 6.5 x 6.5 x 17.1 in (small),WAF34655-2S,,,Rick Stuart,"""Arriving Later This Year, Preorder Now!""",,,,,2,49.99,4,43.99,6,39.99,2,WingTai400,WingTai160,https://www.wtcollectionshowroom.com/store/media/WAF34655-2S.jpg,WAF34655-2S.jpg,,,WingTai800,WAF34655-2S.jpg
Tall Vintage Taper Stand - 4.25 x 12 in,MAF34123,,,Rick Stuart,"""Arriving Later This Year, Preorder Now!""",,,,,5,6.95,15,6.15,30,5.75,5,WingTai400,WingTai160,https://www.wtcollectionshowroom.com/store/media/MAF34123.jpg,MAF34123.jpg,,,WingTai800,MAF34123.jpg
Black Stay Awhile Carved Block - 5 x 1.2 x 5.9 in,WAF34068,,,Rick Stuart,"""Arriving Later This Year, Preorder Now!""",,,,,6,3.99,16,3.59,32,3.29,6,WingTai400,WingTai160,https://www.wtcollectionshowroom.com/store/media/WAF34068.jpg,WAF34068.jpg,,,WingTai800,WAF34068.jpg
Carved Home Round Hanger - 6 x 1 x 13.5 in,WAF34065,,,Rick Stuart,"""Arriving Later This Year, Preorder Now!""",,,,,6,5.99,12,5.49,24,4.99,6,WingTai400,WingTai160,https://www.wtcollectionshowroom.com/store/media/WAF34065.jpg,WAF34065.jpg,,,WingTai800,WAF34065.jpg
Set of 2 Sunflowers Oval Buckets with Handle - 8.66 x 5.9 x 7.1 (large) / 7.5 x 4.9 x 6.3 in (small),MAF34621-2S,,,Rick Stuart,"""Arriving Later This Year, Preorder Now!""",,,,,2,22.95,8,19.95,16,18.95,2,WingTai400,WingTai160,https://www.wtcollectionshowroom.com/store/media/MAF34621-2S.jpg,MAF34621-2S.jpg,,,WingTai800,MAF34621-2S.jpg
Welcome Lavender Block - 5 x 1 x 5 in,WAF34061,,,Rick Stuart,"""Arriving Later This Year, Preorder Now!""",,,,,6,2.99,12,2.69,24,2.49,6,WingTai400,WingTai160,https://www.wtcollectionshowroom.com/store/media/WAF34061.jpg,WAF34061.jpg,,,WingTai800,WAF34061.jpg
Farm Fresh Lavender Block - 5 x 1 x 5 in,WAF34060,,,Rick Stuart,"""Arriving Later This Year, Preorder Now!""",,,,,6,2.99,12,2.69,24,2.49,6,WingTai400,WingTai160,https://www.wtcollectionshowroom.com/store/media/WAF34060.jpg,WAF34060.jpg,,,WingTai800,WAF34060.jpg
Set of 2 Farmhouse Local Rectangular Buckets - 15.35 x 9.85 x 7 in (large) / 12.5 x 9.85 x 5.8 in (small),MAF34036-2S,,,Rick Stuart,"""Arriving Later This Year, Preorder Now!""",,,,,2,29.99,4,26.99,8,24.99,2,WingTai400,WingTai160,https://www.wtcollectionshowroom.com/store/media/MAF34036-2S.jpg,MAF34036-2S.jpg,,,WingTai800,MAF34036-2S.jpg
Green & Brown Plaid LED Flicker Pillar Candle - 3.5 x 4.75 in,LXS13384T,,,Rick Stuart,In Stock,,,,,6,10.99,12,9.99,24,8.99,6,WingTai400,WingTai160,https://www.wtcollectionshowroom.com/store/media/LXS13384T.jpg,LXS13384T.jpg,,,WingTai800,LXS13384T.jpg
White Bunny Cutout with Jute Bow - 7 x 6 in,WAF34730,,,Rick Stuart,"""Arriving Later This Year, Preorder Now!""",,,,,6,4.95,24,4.35,48,3.95,6,WingTai400,WingTai160,https://www.wtcollectionshowroom.com/store/media/WAF34730.jpg,WAF34730.jpg,,,WingTai800,WAF34730.jpg
Stay Awhile Square Bead Frame Sign - 10 x 0.5 x 10 in,WAF34113,,,Rick Stuart,"""Arriving Later This Year, Preorder Now!""",,,,,4,8.99,12,7.99,24,7.49,4,WingTai400,WingTai160,https://www.wtcollectionshowroom.com/store/media/WAF34113.jpg,WAF34113.jpg,,,WingTai800,WAF34113.jpg
Whitewashed Cross - 5.5 x 0.5 x 7.3 in,WAF34111,,,Rick Stuart,"""Arriving Later This Year, Preorder Now!""",,,,,8,4.95,16,4.35,32,3.95,8,WingTai400,WingTai160,https://www.wtcollectionshowroom.com/store/media/WAF34111.jpg,WAF34111.jpg,,,WingTai800,WAF34111.jpg
Mistletoe Large Candle Ring - 6.5 in,FXQ26701CLL,,,Rick Stuart,"""Arriving Later This Year, Preorder Now!""",,,,,6,9.95,30,9.15,60,8.35,6,WingTai400,WingTai160,https://www.wtcollectionshowroom.com/store/media/FXQ26701CLL.jpg,FXQ26701CLL.jpg,,,WingTai800,FXQ26701CLL.jpg
Americana Metal Windmill Hanger - 16 x 0.6 x 16 in,MAF34054,,,Rick Stuart,"""Arriving Later This Year, Preorder Now!""",,,,,4,14.99,12,13.99,24,12.99,4,WingTai400,WingTai160,https://www.wtcollectionshowroom.com/store/media/MAF34054.jpg,MAF34054.jpg,,,WingTai800,MAF34054.jpg
